compound,paper_direction,active12_member,paper_reported_percent_control,adjusted_p_value,original_comparison,source_sheet,source_row,source_xlsx_sha256,source_doi,experimental_readout,own_same_protocol_compound_id,own_same_protocol_score,own_independent_qc,identity_limitation
cepharanthine,decreased_dye_loading,True,48.09 ± 20.72,"<0,001",DMSO_1 vs. Cepha,Fig8_stats,7,a2267f8f3a2a685e41bfa8af36ea19a22e1a01f0b75720c41df771710674a403,10.1038/s42003-025-07943-x,P3_mouse_cochlear_explant_AM1-43_uptake_proxy_not_direct_TMC1_electrophysiology,REF_CHEMBL449782,-7.015,True,database_parent_identity_not_article_salt_batch_equivalence
pyritinol / pyrithioxine,decreased_dye_loading,True,53.52 ± 30.18,"<0,001",DMSO_2 vs. Pyr,Fig8_stats,8,a2267f8f3a2a685e41bfa8af36ea19a22e1a01f0b75720c41df771710674a403,10.1038/s42003-025-07943-x,P3_mouse_cochlear_explant_AM1-43_uptake_proxy_not_direct_TMC1_electrophysiology,REF_CHEMBL488093,-6.595,True,database_parent_identity_not_article_salt_batch_equivalence
ZINC24739924,decreased_dye_loading,True,56.25 ± 21.29,"<0,001",DMSO_3 vs. ZINC24739924,Fig8_stats,9,a2267f8f3a2a685e41bfa8af36ea19a22e1a01f0b75720c41df771710674a403,10.1038/s42003-025-07943-x,P3_mouse_cochlear_explant_AM1-43_uptake_proxy_not_direct_TMC1_electrophysiology,,,not_docked,ZINC_membership_name_verified_exact_molecular_identity_not_resolved
lapatinib,decreased_dye_loading,True,,"<0,001",DMSO_4 vs. Lapa,Fig8_stats,10,a2267f8f3a2a685e41bfa8af36ea19a22e1a01f0b75720c41df771710674a403,10.1038/s42003-025-07943-x,P3_mouse_cochlear_explant_AM1-43_uptake_proxy_not_direct_TMC1_electrophysiology,REF_CHEMBL554,-8.403,True,database_parent_identity_not_article_salt_batch_equivalence
indinavir,decreased_dye_loading,True,,"<0,001",DMSO_5 vs. Indi,Fig8_stats,11,a2267f8f3a2a685e41bfa8af36ea19a22e1a01f0b75720c41df771710674a403,10.1038/s42003-025-07943-x,P3_mouse_cochlear_explant_AM1-43_uptake_proxy_not_direct_TMC1_electrophysiology,REF_CHEMBL115,-9.102,True,database_parent_identity_not_article_salt_batch_equivalence
ZINC58438263,decreased_dye_loading,True,46.8 ± 18.59,"<0,001",DMSO_6 vs. ZINC58438263,Fig8_stats,12,a2267f8f3a2a685e41bfa8af36ea19a22e1a01f0b75720c41df771710674a403,10.1038/s42003-025-07943-x,P3_mouse_cochlear_explant_AM1-43_uptake_proxy_not_direct_TMC1_electrophysiology,,,not_docked,ZINC_membership_name_verified_exact_molecular_identity_not_resolved
nefazodone,decreased_dye_loading,True,,0.006,DMSO_7 vs. Nefa,Fig8_stats,13,a2267f8f3a2a685e41bfa8af36ea19a22e1a01f0b75720c41df771710674a403,10.1038/s42003-025-07943-x,P3_mouse_cochlear_explant_AM1-43_uptake_proxy_not_direct_TMC1_electrophysiology,REF_CHEMBL623,-6.421,True,database_parent_identity_not_article_salt_batch_equivalence
amitraz,increased_dye_loading,False,122.4 ± 21.64,0.002,DMSO_8 vs. Amitraz,Fig8_stats,14,a2267f8f3a2a685e41bfa8af36ea19a22e1a01f0b75720c41df771710674a403,10.1038/s42003-025-07943-x,P3_mouse_cochlear_explant_AM1-43_uptake_proxy_not_direct_TMC1_electrophysiology,REF_CHEMBL1365675,-6.982,True,database_parent_identity_not_article_salt_batch_equivalence
ceforanide,decreased_dye_loading,True,,"<0,001",DMSO_8 vs. Cefo,Fig8_stats,15,a2267f8f3a2a685e41bfa8af36ea19a22e1a01f0b75720c41df771710674a403,10.1038/s42003-025-07943-x,P3_mouse_cochlear_explant_AM1-43_uptake_proxy_not_direct_TMC1_electrophysiology,REF_CHEMBL1201046,,not_available,database_parent_identity_not_article_salt_batch_equivalence
posaconazole,decreased_dye_loading,True,60.02 ± 19.12,"<0,001",DMSO_8 vs. Posa,Fig8_stats,16,a2267f8f3a2a685e41bfa8af36ea19a22e1a01f0b75720c41df771710674a403,10.1038/s42003-025-07943-x,P3_mouse_cochlear_explant_AM1-43_uptake_proxy_not_direct_TMC1_electrophysiology,REF_CHEMBL1397,-8.71,True,database_parent_identity_not_article_salt_batch_equivalence
ZINC06530230,decreased_dye_loading,True,,"<0,001",DMSO_9 vs. ZINC06530230,Fig8_stats,18,a2267f8f3a2a685e41bfa8af36ea19a22e1a01f0b75720c41df771710674a403,10.1038/s42003-025-07943-x,P3_mouse_cochlear_explant_AM1-43_uptake_proxy_not_direct_TMC1_electrophysiology,,,not_docked,ZINC_membership_name_verified_exact_molecular_identity_not_resolved
ZINC12986242,decreased_dye_loading,True,46.1 ± 14.28,"<0,001",DMSO_9 vs. ZINC12986242,Fig8_stats,20,a2267f8f3a2a685e41bfa8af36ea19a22e1a01f0b75720c41df771710674a403,10.1038/s42003-025-07943-x,P3_mouse_cochlear_explant_AM1-43_uptake_proxy_not_direct_TMC1_electrophysiology,,,not_docked,ZINC_membership_name_verified_exact_molecular_identity_not_resolved
ZINC12430014,decreased_dye_loading,True,60.94 ± 15.64,"<0,001",DMSO_10 vs. ZINC12430014,Fig8_stats,21,a2267f8f3a2a685e41bfa8af36ea19a22e1a01f0b75720c41df771710674a403,10.1038/s42003-025-07943-x,P3_mouse_cochlear_explant_AM1-43_uptake_proxy_not_direct_TMC1_electrophysiology,,,not_docked,ZINC_membership_name_verified_exact_molecular_identity_not_resolved
