compound_id,standardized_isomeric_smiles,source_dataset,source_id,source_url,raw_smiles,inchi_key,heavy_atoms,reference_role,original_ligand_pdbqt_sha256,original_ligand_sdf_sha256,name,chembl_id,source_smiles,source_inchikey,source_file,source_sha256,identity_scope,study_use_status,preparation_started_utc,input_isomeric_smiles,input_inchikey,source_unspecified_potential_stereo,rule_variant_count,rule_smiles,state_inchikey,rule_unspecified_stereocenters,exchangeable_protonated_N_indices,chemical_identity_rule_version,exchangeable_N_geometry_approximation,conformers_generated,conformers_converged,selected_mmff_energy_kcal_mol,selected_conformer,sdf_graph_isomeric_smiles,sdf_graph_identity_equal,sdf_graph_identity_stable_equal,sdf_3d_isomeric_smiles,sdf_3d_stereo_equal,sdf_3d_stable_identity_equal,preparation_status,sdf_file,sdf_sha256,ligand_pdbqt,ligand_sha256,preparation_elapsed_seconds,preparation_reason,preparation_traceback
LIB_YWDIXVZCRMMQQY,O=C(Nc1cccc(-c2cn3ccnc3c(Nc3ccccc3)n2)c1)Nc1cccc(C(F)(F)F)c1,ChEMBL,CHEMBL1079964,https://www.ebi.ac.uk/chembl/compound_report_card/CHEMBL1079964/,O=C(Nc1cccc(-c2cn3ccnc3c(Nc3ccccc3)n2)c1)Nc1cccc(C(F)(F)F)c1,YWDIXVZCRMMQQY-UHFFFAOYSA-N,36,R2_frozen_candidate_independent_worm_supplement,,,,,,,,,,,2026-09-30T14:41:46.304033+00:00,O=C(Nc1cccc(-c2cn3ccnc3c(Nc3ccccc3)n2)c1)Nc1cccc(C(F)(F)F)c1,YWDIXVZCRMMQQY-UHFFFAOYSA-N,[],1,O=C(Nc1cccc(-c2cn3ccnc3c(Nc3ccccc3)n2)c1)Nc1cccc(C(F)(F)F)c1,YWDIXVZCRMMQQY-UHFFFAOYSA-N,[],[],exchangeable_tertiary_ring_NH_and_full_potential_stereo_v3_20260929,False,10,10,12.949177459859921,7,O=C(Nc1cccc(-c2cn3ccnc3c(Nc3ccccc3)n2)c1)Nc1cccc(C(F)(F)F)c1,True,True,O=C(Nc1cccc(-c2cn3ccnc3c(Nc3ccccc3)n2)c1)Nc1cccc(C(F)(F)F)c1,True,True,prepared,<NEW_CONDITION_ROOT>\raw_runs\worm_X11\ligands\LIB_YWDIXVZCRMMQQY.sdf,9066eb72bdcdf2dd829c84594e2f1b4573e4b8615eeb5d1cdaa980e7eee07145,<NEW_CONDITION_ROOT>\raw_runs\worm_X11\ligands\LIB_YWDIXVZCRMMQQY.pdbqt,e8688b37612138bb41cab65d4696d4a0d6bb841154c94cf18b69a56c2745c3eb,0.951,,
LIB_MYAFDHCCQBIZLC,O=C(Nc1cccc(-c2cn3ccnc3c(NCc3ccccc3)n2)c1)Nc1cccc(C(F)(F)F)c1,ChEMBL,CHEMBL1080362,https://www.ebi.ac.uk/chembl/compound_report_card/CHEMBL1080362/,O=C(Nc1cccc(-c2cn3ccnc3c(NCc3ccccc3)n2)c1)Nc1cccc(C(F)(F)F)c1,MYAFDHCCQBIZLC-UHFFFAOYSA-N,37,R2_frozen_candidate_independent_worm_supplement,,,,,,,,,,,2026-09-30T14:41:47.256357+00:00,O=C(Nc1cccc(-c2cn3ccnc3c(NCc3ccccc3)n2)c1)Nc1cccc(C(F)(F)F)c1,MYAFDHCCQBIZLC-UHFFFAOYSA-N,[],1,O=C(Nc1cccc(-c2cn3ccnc3c(NCc3ccccc3)n2)c1)Nc1cccc(C(F)(F)F)c1,MYAFDHCCQBIZLC-UHFFFAOYSA-N,[],[],exchangeable_tertiary_ring_NH_and_full_potential_stereo_v3_20260929,False,9,9,-2.636665684898908,0,O=C(Nc1cccc(-c2cn3ccnc3c(NCc3ccccc3)n2)c1)Nc1cccc(C(F)(F)F)c1,True,True,O=C(Nc1cccc(-c2cn3ccnc3c(NCc3ccccc3)n2)c1)Nc1cccc(C(F)(F)F)c1,True,True,prepared,<NEW_CONDITION_ROOT>\raw_runs\worm_X11\ligands\LIB_MYAFDHCCQBIZLC.sdf,7299c8a6d31fd889d1d494bcf84f45016677c8ce65a1db849bc7842c63f36af1,<NEW_CONDITION_ROOT>\raw_runs\worm_X11\ligands\LIB_MYAFDHCCQBIZLC.pdbqt,2f1a28777fd01b65f19cb0d0d7602651b21dd3c29f359a29fdf0f3b04211b237,0.973,,
LIB_ZNDXPRCORYDEAP,O=C(Nc1cccc(-c2cn3ccnc3c(NCc3ccncc3)n2)c1)Nc1ccc(F)c(C(F)(F)F)c1,ChEMBL,CHEMBL1081740,https://www.ebi.ac.uk/chembl/compound_report_card/CHEMBL1081740/,O=C(Nc1cccc(-c2cn3ccnc3c(NCc3ccncc3)n2)c1)Nc1ccc(F)c(C(F)(F)F)c1,ZNDXPRCORYDEAP-UHFFFAOYSA-N,38,R2_frozen_candidate_independent_worm_supplement,,,,,,,,,,,2026-09-30T14:41:48.231349+00:00,O=C(Nc1cccc(-c2cn3ccnc3c(NCc3ccncc3)n2)c1)Nc1ccc(F)c(C(F)(F)F)c1,ZNDXPRCORYDEAP-UHFFFAOYSA-N,[],1,O=C(Nc1cccc(-c2cn3ccnc3c(NCc3ccncc3)n2)c1)Nc1ccc(F)c(C(F)(F)F)c1,ZNDXPRCORYDEAP-UHFFFAOYSA-N,[],[],exchangeable_tertiary_ring_NH_and_full_potential_stereo_v3_20260929,False,8,8,-32.993819256482595,5,O=C(Nc1cccc(-c2cn3ccnc3c(NCc3ccncc3)n2)c1)Nc1ccc(F)c(C(F)(F)F)c1,True,True,O=C(Nc1cccc(-c2cn3ccnc3c(NCc3ccncc3)n2)c1)Nc1ccc(F)c(C(F)(F)F)c1,True,True,prepared,<NEW_CONDITION_ROOT>\raw_runs\worm_X11\ligands\LIB_ZNDXPRCORYDEAP.sdf,1e5db1236b1e77d3404fd907a56a5439558fc51af2414bdfcedbdd44bdfe2cc5,<NEW_CONDITION_ROOT>\raw_runs\worm_X11\ligands\LIB_ZNDXPRCORYDEAP.pdbqt,91bd8ffee0d4c23c2311c072dce815fedacb0a0e6212fa62aa4e8bba3d08384d,0.777,,
LIB_FCRHJSNRFAAYQD,O=C(Nc1cccc(Oc2ccccc2)c1)Nc1cccc(-c2cn3ccnc3c(NCc3ccncc3)n2)c1,ChEMBL,CHEMBL1080669,https://www.ebi.ac.uk/chembl/compound_report_card/CHEMBL1080669/,O=C(Nc1cccc(Oc2ccccc2)c1)Nc1cccc(-c2cn3ccnc3c(NCc3ccncc3)n2)c1,FCRHJSNRFAAYQD-UHFFFAOYSA-N,40,R2_frozen_candidate_independent_worm_supplement,,,,,,,,,,,2026-09-30T14:41:49.009722+00:00,O=C(Nc1cccc(Oc2ccccc2)c1)Nc1cccc(-c2cn3ccnc3c(NCc3ccncc3)n2)c1,FCRHJSNRFAAYQD-UHFFFAOYSA-N,[],1,O=C(Nc1cccc(Oc2ccccc2)c1)Nc1cccc(-c2cn3ccnc3c(NCc3ccncc3)n2)c1,FCRHJSNRFAAYQD-UHFFFAOYSA-N,[],[],exchangeable_tertiary_ring_NH_and_full_potential_stereo_v3_20260929,False,10,10,-5.674219940209845,5,O=C(Nc1cccc(Oc2ccccc2)c1)Nc1cccc(-c2cn3ccnc3c(NCc3ccncc3)n2)c1,True,True,O=C(Nc1cccc(Oc2ccccc2)c1)Nc1cccc(-c2cn3ccnc3c(NCc3ccncc3)n2)c1,True,True,prepared,<NEW_CONDITION_ROOT>\raw_runs\worm_X11\ligands\LIB_FCRHJSNRFAAYQD.sdf,7824282b3596d52c56a87a6aa0777c4d612e12b4eb8b6b04bcd58e8e04063fe3,<NEW_CONDITION_ROOT>\raw_runs\worm_X11\ligands\LIB_FCRHJSNRFAAYQD.pdbqt,32323dbb9feed742a641b83bdb73ae8801b78e2d45bf1c32526e664cbdbe4960,1.305,,
LIB_DNDVGFIEWOHGAH,CN1CCN(c2ccc(-c3cnn4c(-c5cccc(NC(=O)c6cccc(C(F)(F)F)c6)c5)ccnc34)cn2)CC1,ChEMBL,CHEMBL1076497,https://www.ebi.ac.uk/chembl/compound_report_card/CHEMBL1076497/,CN1CCN(c2ccc(-c3cnn4c(-c5cccc(NC(=O)c6cccc(C(F)(F)F)c6)c5)ccnc34)cn2)CC1,DNDVGFIEWOHGAH-UHFFFAOYSA-N,41,R2_frozen_candidate_independent_worm_supplement,,,,,,,,,,,2026-09-30T14:41:50.315913+00:00,CN1CCN(c2ccc(-c3cnn4c(-c5cccc(NC(=O)c6cccc(C(F)(F)F)c6)c5)ccnc34)cn2)CC1,DNDVGFIEWOHGAH-UHFFFAOYSA-N,[],1,C[NH+]1CCN(c2ccc(-c3cnn4c(-c5cccc(NC(=O)c6cccc(C(F)(F)F)c6)c5)ccnc34)cn2)CC1,DNDVGFIEWOHGAH-UHFFFAOYSA-O,[],[1],exchangeable_tertiary_ring_NH_and_full_potential_stereo_v3_20260929,False,10,10,191.14447451247014,4,C[NH+]1CCN(c2ccc(-c3cnn4c(-c5cccc(NC(=O)c6cccc(C(F)(F)F)c6)c5)ccnc34)cn2)CC1,True,True,C[NH+]1CCN(c2ccc(-c3cnn4c(-c5cccc(NC(=O)c6cccc(C(F)(F)F)c6)c5)ccnc34)cn2)CC1,True,True,prepared,<NEW_CONDITION_ROOT>\raw_runs\worm_X11\ligands\LIB_DNDVGFIEWOHGAH.sdf,68c36d04d335f4bc901849087008cb6b65fc98f3fdb7f44b56d5e6004cc72abb,<NEW_CONDITION_ROOT>\raw_runs\worm_X11\ligands\LIB_DNDVGFIEWOHGAH.pdbqt,cc3446717e231aacec53a5063e676b2803f43e83544cd381c09325d4082ab795,1.355,,
LIB_ZVHBDYFMHCQADD,O=C(Nc1cccc(-c2cn3ccnc3c(NCc3ccccn3)n2)c1)Nc1cccc(C(F)(F)F)c1,ChEMBL,CHEMBL1080205,https://www.ebi.ac.uk/chembl/compound_report_card/CHEMBL1080205/,O=C(Nc1cccc(-c2cn3ccnc3c(NCc3ccccn3)n2)c1)Nc1cccc(C(F)(F)F)c1,ZVHBDYFMHCQADD-UHFFFAOYSA-N,37,R2_frozen_candidate_independent_worm_supplement,,,,,,,,,,,2026-09-30T14:41:51.670943+00:00,O=C(Nc1cccc(-c2cn3ccnc3c(NCc3ccccn3)n2)c1)Nc1cccc(C(F)(F)F)c1,ZVHBDYFMHCQADD-UHFFFAOYSA-N,[],1,O=C(Nc1cccc(-c2cn3ccnc3c(NCc3ccccn3)n2)c1)Nc1cccc(C(F)(F)F)c1,ZVHBDYFMHCQADD-UHFFFAOYSA-N,[],[],exchangeable_tertiary_ring_NH_and_full_potential_stereo_v3_20260929,False,10,10,12.927923318080413,7,O=C(Nc1cccc(-c2cn3ccnc3c(NCc3ccccn3)n2)c1)Nc1cccc(C(F)(F)F)c1,True,True,O=C(Nc1cccc(-c2cn3ccnc3c(NCc3ccccn3)n2)c1)Nc1cccc(C(F)(F)F)c1,True,True,prepared,<NEW_CONDITION_ROOT>\raw_runs\worm_X11\ligands\LIB_ZVHBDYFMHCQADD.sdf,f4ff7849b82b732f0ad934da7fe858ae151be592bc05ba61f5bd2d47cb3b7727,<NEW_CONDITION_ROOT>\raw_runs\worm_X11\ligands\LIB_ZVHBDYFMHCQADD.pdbqt,c9363ac083c8ca674a0ea049cce74d2f56279bbf8e9dbe87fc0005bc32d99558,0.981,,
REF_CHEMBL115,,,,https://www.ebi.ac.uk/chembl/api/data/molecule/CHEMBL115.json,,,45,2025_cochlear_dye_uptake_reference_database_parent_not_direct_TMC1_positive,,,indinavir anhydrous,CHEMBL115,CC(C)(C)NC(=O)[C@@H]1CN(Cc2cccnc2)CCN1C[C@@H](O)C[C@@H](Cc1ccccc1)C(=O)N[C@H]1c2ccccc2C[C@H]1O,CBVCZFGXHXORBI-PXQQMZJSSA-N,<SOURCE_PROJECT>\接管推进_2026-09-27\01_计算筛选\data\raw\chembl_approved_pool\molecules_offset_00000.json,5cbf75a488eae0b667eaea430927209aca389a6aa6b4b323f6928729ab40a1f9,database_parent_identity_article_salt_and_batch_not_confirmed,,2026-09-30T14:41:52.653725+00:00,CC(C)(C)NC(=O)[C@@H]1CN(Cc2cccnc2)CCN1C[C@@H](O)C[C@@H](Cc1ccccc1)C(=O)N[C@H]1c2ccccc2C[C@H]1O,CBVCZFGXHXORBI-PXQQMZJSSA-N,[],1,CC(C)(C)NC(=O)[C@@H]1C[NH+](Cc2cccnc2)CC[NH+]1C[C@@H](O)C[C@@H](Cc1ccccc1)C(=O)N[C@H]1c2ccccc2C[C@H]1O,CBVCZFGXHXORBI-PXQQMZJSSA-P,"[[""Atom_Tetrahedral"", 9], [""Atom_Tetrahedral"", 19]]","[9, 19]",exchangeable_tertiary_ring_NH_and_full_potential_stereo_v3_20260929,True,10,10,252.22797844980042,5,CC(C)(C)NC(=O)[C@@H]1C[N@@H+](Cc2cccnc2)CC[N@@H+]1C[C@@H](O)C[C@@H](Cc1ccccc1)C(=O)N[C@H]1c2ccccc2C[C@H]1O,False,True,CC(C)(C)NC(=O)[C@@H]1C[N@@H+](Cc2cccnc2)CC[N@@H+]1C[C@@H](O)C[C@@H](Cc1ccccc1)C(=O)N[C@H]1c2ccccc2C[C@H]1O,False,True,prepared,<NEW_CONDITION_ROOT>\raw_runs\worm_X11\ligands\REF_CHEMBL115.sdf,39151841d014fd0e95a078d4e26b25b1df3c2f706805b7ea644a1aaf99985fe7,<NEW_CONDITION_ROOT>\raw_runs\worm_X11\ligands\REF_CHEMBL115.pdbqt,b3001179e842bfa197532df09f21faf166e454edbcd469fe9de0f0f8a9d2afe5,3.611,,
REF_CHEMBL1397,CC[C@@H]([C@H](C)O)n1ncn(-c2ccc(N3CCN(c4ccc(OC[C@@H]5CO[C@@](Cn6cncn6)(c6ccc(F)cc6F)C5)cc4)CC3)cc2)c1=O,,CHEMBL1397,https://www.ebi.ac.uk/chembl/compound_report_card/CHEMBL1397/,,,51,2025_cochlear_dye_uptake_reference_database_parent_not_direct_TMC1_positive,,,posaconazole,CHEMBL1397,,RAGOYPUPXAKGKH-XAKZXMRKSA-N,<SOURCE_PROJECT>\第二轮核心攻关_20260929\03_算法与计算\gate_panel_reference4.csv,9718daf35a57aa6b619b7c97458efb586fa44a575a1decfbfaeebde64218e727,database_parent_identity_article_salt_and_batch_not_confirmed,database_identity_found_article_form_unconfirmed,2026-09-30T14:41:56.266789+00:00,CC[C@@H]([C@H](C)O)n1ncn(-c2ccc(N3CCN(c4ccc(OC[C@@H]5CO[C@@](Cn6cncn6)(c6ccc(F)cc6F)C5)cc4)CC3)cc2)c1=O,RAGOYPUPXAKGKH-XAKZXMRKSA-N,[],1,CC[C@@H]([C@H](C)O)n1ncn(-c2ccc(N3CCN(c4ccc(OC[C@@H]5CO[C@@](Cn6cncn6)(c6ccc(F)cc6F)C5)cc4)CC3)cc2)c1=O,RAGOYPUPXAKGKH-XAKZXMRKSA-N,[],[],exchangeable_tertiary_ring_NH_and_full_potential_stereo_v3_20260929,False,10,10,184.47321365821512,4,CC[C@@H]([C@H](C)O)n1ncn(-c2ccc(N3CCN(c4ccc(OC[C@@H]5CO[C@@](Cn6cncn6)(c6ccc(F)cc6F)C5)cc4)CC3)cc2)c1=O,True,True,CC[C@@H]([C@H](C)O)n1ncn(-c2ccc(N3CCN(c4ccc(OC[C@@H]5CO[C@@](Cn6cncn6)(c6ccc(F)cc6F)C5)cc4)CC3)cc2)c1=O,True,True,prepared,<NEW_CONDITION_ROOT>\raw_runs\worm_X11\ligands\REF_CHEMBL1397.sdf,8c0efb7158db041e4ca14ec91e987de203d5cb38e18b34c27ef9bd07b9635290,<NEW_CONDITION_ROOT>\raw_runs\worm_X11\ligands\REF_CHEMBL1397.pdbqt,5a0d1e098d8d77f4573ff6d5a6fe64ee3a16de9587d7adcf24a6afbc6670afef,3.309,,
REF_CHEMBL554,,,,https://www.ebi.ac.uk/chembl/api/data/molecule/CHEMBL554.json,,,40,2025_cochlear_dye_uptake_reference_database_parent_not_direct_TMC1_positive,,,lapatinib,CHEMBL554,CS(=O)(=O)CCNCc1ccc(-c2ccc3ncnc(Nc4ccc(OCc5cccc(F)c5)c(Cl)c4)c3c2)o1,BCFGMOOMADDAQU-UHFFFAOYSA-N,<SOURCE_PROJECT>\接管推进_2026-09-27\01_计算筛选\data\raw\chembl_approved_pool\molecules_offset_03000.json,1c9f75b884bd9c7af48d851c3db2aca618db4740509b5f3fae2fa3b946359373,database_parent_identity_article_salt_and_batch_not_confirmed,,2026-09-30T14:41:59.576686+00:00,CS(=O)(=O)CCNCc1ccc(-c2ccc3ncnc(Nc4ccc(OCc5cccc(F)c5)c(Cl)c4)c3c2)o1,BCFGMOOMADDAQU-UHFFFAOYSA-N,[],1,CS(=O)(=O)CC[NH2+]Cc1ccc(-c2ccc3ncnc(Nc4ccc(OCc5cccc(F)c5)c(Cl)c4)c3c2)o1,BCFGMOOMADDAQU-UHFFFAOYSA-O,[],[],exchangeable_tertiary_ring_NH_and_full_potential_stereo_v3_20260929,False,10,10,18.921782200703905,8,CS(=O)(=O)CC[NH2+]Cc1ccc(-c2ccc3ncnc(Nc4ccc(OCc5cccc(F)c5)c(Cl)c4)c3c2)o1,True,True,CS(=O)(=O)CC[NH2+]Cc1ccc(-c2ccc3ncnc(Nc4ccc(OCc5cccc(F)c5)c(Cl)c4)c3c2)o1,True,True,prepared,<NEW_CONDITION_ROOT>\raw_runs\worm_X11\ligands\REF_CHEMBL554.sdf,35a2d65d877a56413ff5b40765e40c84592af3e8e64193254c9a04566d45186c,<NEW_CONDITION_ROOT>\raw_runs\worm_X11\ligands\REF_CHEMBL554.pdbqt,3848c4f5a4ee8c10fdaddd9a5bb9617e4af535ddc44e6faf4f4051f614635e5c,1.548,,
REF_CHEMBL945,,,,https://www.ebi.ac.uk/chembl/api/data/molecule/CHEMBL945.json,,,,literature_MET_comparator_original_identity_gate_preserved_not_direct_TMC1_positive,,,amiloride,CHEMBL945,N=C(N)NC(=O)c1nc(Cl)c(N)nc1N,XSDQTOBWRPYKKA-UHFFFAOYSA-N,<SOURCE_PROJECT>\接管推进_2026-09-27\01_计算筛选\data\raw\chembl_approved_pool\molecules_offset_03000.json,1c9f75b884bd9c7af48d851c3db2aca618db4740509b5f3fae2fa3b946359373,database_parent_identity_article_salt_and_batch_not_confirmed,,2026-09-30T14:42:01.125901+00:00,N=C(N)NC(=O)c1nc(Cl)c(N)nc1N,XSDQTOBWRPYKKA-UHFFFAOYSA-N,"[[""Bond_Double"", 0]]",,,,,,,,,,,,,,,,,,blocked,,,,,0.001,input has unspecified potentially stable atom or double-bond stereochemistry,"Traceback (most recent call last):
  File ""<NEW_CONDITION_ROOT>\scripts\dock_worm_batch.py"", line 127, in prepare
    raise ValueError(""input has unspecified potentially stable atom or double-bond stereochemistry"")
ValueError: input has unspecified potentially stable atom or double-bond stereochemistry
"
REF_DENATONIUM_GTOP12433,,,,https://www.guidetopharmacology.org/GRAC/LigandDisplayForward?ligandId=12433,,,24,specificity_comparator_no_direct_TMC1_positive_label,,,denatonium,,CC[N+](CC)(CC1=CC=CC=C1)CC(=O)NC2=C(C=CC=C2C)C,ZFQMTVNLDNXRNQ-UHFFFAOYSA-O,,,cation_only_benzoate_counterion_excluded_no_stable_stereocentre,,2026-09-30T14:42:01.127902+00:00,CC[N+](CC)(CC(=O)Nc1c(C)cccc1C)Cc1ccccc1,ZFQMTVNLDNXRNQ-UHFFFAOYSA-O,[],1,CC[N+](CC)(CC(=O)Nc1c(C)cccc1C)Cc1ccccc1,ZFQMTVNLDNXRNQ-UHFFFAOYSA-O,[],[],exchangeable_tertiary_ring_NH_and_full_potential_stereo_v3_20260929,False,9,9,85.94065974482288,5,CC[N+](CC)(CC(=O)Nc1c(C)cccc1C)Cc1ccccc1,True,True,CC[N+](CC)(CC(=O)Nc1c(C)cccc1C)Cc1ccccc1,True,True,prepared,<NEW_CONDITION_ROOT>\raw_runs\worm_X11\ligands\REF_DENATONIUM_GTOP12433.sdf,cd80bb02cc47672f2cbffd3dc26684a6c5270ea808c4e9d238a5baa374d67917,<NEW_CONDITION_ROOT>\raw_runs\worm_X11\ligands\REF_DENATONIUM_GTOP12433.pdbqt,44de7b7cf45c38dd6657c8d198f66f85f3a76545b682ac1d12da9d7d1e714a4f,0.61,,
