batch,compound_id,run_id,qc_pass,score_kcal_mol,middle_contact_4A,min_box_margin_A,min_receptor_A,severe_pairs_under1p5_A,charge_warning,pose_sha256,log_sha256
ALL_seed28,LIB_DNDVGFIEWOHGAH,LIB_DNDVGFIEWOHGAH__M_PUB_ALL__e8__s20260928,True,-9.524,True,2.915,2.902,0,False,14805d3fbd1f6c8a1daa43b5c660f9d7a4238cb95e980675132648d4b470232b,28ea3cd6f01a9839c8a068951d2f17e4fb559a30516fde56119c540e093d943f
ALL_seed28,LIB_FCRHJSNRFAAYQD,LIB_FCRHJSNRFAAYQD__M_PUB_ALL__e8__s20260928,True,-9.895,True,3.104,3.22,0,False,e61208212107a3b011b6344e4835e178d1c3353600fac335647351bd1fba272b,0436954a54909768dcbe755fe923c70551eabb3d82eb5af56df8508b8f7e7b85
ALL_seed28,LIB_MYAFDHCCQBIZLC,LIB_MYAFDHCCQBIZLC__M_PUB_ALL__e8__s20260928,True,-10.062,True,2.5,2.97,0,False,f98c3f71a5806786922d7efba2b5e9758180bcff490322b48859f13711d6b343,ab04a016e0d08a1beaa3cb3f1551ffbe7aabd97831c894acc564878f91756f42
ALL_seed28,LIB_YWDIXVZCRMMQQY,LIB_YWDIXVZCRMMQQY__M_PUB_ALL__e8__s20260928,True,-10.144,True,2.476,2.929,0,False,b1696501355bf867337bdd082cd299e6a66884492e1fe191714100571c27de61,c7f026dde458df01b279362feb88209b129348fcb03cfd0ee0e32f0e25aaf725
ALL_seed28,LIB_ZNDXPRCORYDEAP,LIB_ZNDXPRCORYDEAP__M_PUB_ALL__e8__s20260928,True,-10.045,True,2.577,2.976,0,False,7ef1f6ea742bd90ac70fc09d9dc884dadedeb65eeb4228b7c8c95d0b3fad28b6,d0180c41677826c2a34e80d6bc88b0ea27d9e68acdb035874664a2c85d8cbb3b
ALL_seed28,LIB_ZVHBDYFMHCQADD,LIB_ZVHBDYFMHCQADD__M_PUB_ALL__e8__s20260928,True,-9.921,True,2.518,2.949,0,False,2221769f9f7f6dca65dcb4b2abed11b05f688e1cd40498567e6dfeddd2bded9a,413620894573b28e3974f02e842357282bc2c33739490ca4efe73b7a515deb07
ALL_seed29,LIB_DNDVGFIEWOHGAH,LIB_DNDVGFIEWOHGAH__M_PUB_ALL__e8__s20260929,True,-9.505,True,2.844,2.997,0,False,6b1acd3f56f66e9d6a696df04010cf97d01edf038dc0983820c933e36284ace3,6b67b375b2312258e3945f32aad3080f9c0c4b356ec4d61a6b8b4a70004872fc
ALL_seed29,LIB_FCRHJSNRFAAYQD,LIB_FCRHJSNRFAAYQD__M_PUB_ALL__e8__s20260929,True,-10.008,True,2.87,3.204,0,False,727e5a4bf0fdf0dd996f5efa66ca649b7a81fb561b9610cf072e7736203a8594,6b8bba32c1920c909eb05218e8418f4ea68a3034e50e45d76a01d92dd5cf2dd1
ALL_seed29,LIB_MYAFDHCCQBIZLC,LIB_MYAFDHCCQBIZLC__M_PUB_ALL__e8__s20260929,True,-10.079,True,2.52,2.933,0,False,da3942abbcd40a9c1df5e2826c128a1a4408c31586330ccf814667f49204675b,d018f9867ec3b04007434ae2f3335a53b0ab5682aa447839bfb06b4c9d544583
ALL_seed29,LIB_YWDIXVZCRMMQQY,LIB_YWDIXVZCRMMQQY__M_PUB_ALL__e8__s20260929,True,-10.108,True,2.538,2.916,0,False,2009e1c6db80efd4cac0c7454dbbf7a62b78129bbf686f372a6b3e05f2b90e07,60b13aee777089ba677d84861412cbee88bde46d79740ee8da2c4dda804d24d3
ALL_seed29,LIB_ZNDXPRCORYDEAP,LIB_ZNDXPRCORYDEAP__M_PUB_ALL__e8__s20260929,True,-10.071,True,2.612,2.912,0,False,f82ed4d9950be515469f315abca8b9e9f3103ff50282312d2e5225973c149212,ca7bb9d9cbe4ebb748709e306168f8cda82483ac0f56d5a139b26b41604173de
ALL_seed29,LIB_ZVHBDYFMHCQADD,LIB_ZVHBDYFMHCQADD__M_PUB_ALL__e8__s20260929,True,-9.911,True,2.531,2.996,0,False,39af6e32e8242a7a2cba1c65132cda66b5125f0a72d615308b818668898607aa,29059a6f293c750893444a698b58720b57911c93e6eb93fbc58f49bb1b5ab113
CORE_seed27,LIB_DNDVGFIEWOHGAH,LIB_DNDVGFIEWOHGAH__M_PUB_CORE__e8__s20260927,True,-9.581,True,2.911,2.953,0,False,06ff91585057e83f9f02673c7622a401d1714d25d4eb4d00d7cbf3eff7aa9355,fc49857ec8f317b760c3c418eae13411cf0f8f476fba0d525bdefa506a7e952a
CORE_seed27,LIB_FCRHJSNRFAAYQD,LIB_FCRHJSNRFAAYQD__M_PUB_CORE__e8__s20260927,True,-9.842,True,2.822,3.065,0,False,320096fc95c57cf847482977e12f606c23cdb968666a630c6380da7f77004c6f,e3f36551680d24b7009e1fd56f9456558c00338dc2e1731d12d345956ae20d0d
CORE_seed27,LIB_MYAFDHCCQBIZLC,LIB_MYAFDHCCQBIZLC__M_PUB_CORE__e8__s20260927,True,-10.447,False,-0.047,2.877,0,False,aa9b49e40d73f1bfbcf1bd784a7ee2c58eb178535ccc6767b492bdd54e241bad,9dea287e515ac691ab785e63aafcd2f9a69cb114db905cd53c12e42dcc099b18
CORE_seed27,LIB_YWDIXVZCRMMQQY,LIB_YWDIXVZCRMMQQY__M_PUB_CORE__e8__s20260927,True,-10.109,True,2.498,2.942,0,False,7fcb575269e090c72803b2e483846bd0428164d611a317564f5107929486cf29,d1712665d3584149c2eec4c5f901aa137c5abb43c25b94d9130790f5e3dc1550
CORE_seed27,LIB_ZNDXPRCORYDEAP,LIB_ZNDXPRCORYDEAP__M_PUB_CORE__e8__s20260927,True,-10.065,True,2.592,2.936,0,False,649e45584389de2d237c7170d9b861f623795778f1eaa7c6179791348a0e0808,c0c5d11f628c071833a56d881af381ab249023335a266c60d23e0809c0b5cf9c
CORE_seed27,LIB_ZVHBDYFMHCQADD,LIB_ZVHBDYFMHCQADD__M_PUB_CORE__e8__s20260927,True,-10.452,False,0.06,2.803,0,False,7b2d3d9d4d71b39b52d886358f3ba3bf414d3e1d5fc0129a0439208add757a64,fca8322465787c2e3288d86e40c5730b9385fb89633f55fbe38fbb0efea55e2a
H_AF_seed27,LIB_DNDVGFIEWOHGAH,LIB_DNDVGFIEWOHGAH__H_AF__e8__s20260927,True,-11.102,True,8.048,2.703,0,False,27abe4f5832bf2533cf1370086db31e2a6d90b8dd63b64beb7838e9fb0cf7a93,4a9110423f2f907912eddc34ef0562e800d1790e7b43e3aa95b2de9e052497e5
H_AF_seed27,LIB_FCRHJSNRFAAYQD,LIB_FCRHJSNRFAAYQD__H_AF__e8__s20260927,True,-11.179,True,7.743,2.984,0,False,d740c085c4ad808a9f04ed802890a5c5f5d9647f1b3002a7b8f945c722aa773f,1a010f487740a2c578f46772c8f9b45c3055325400f073b02d6918449c59cf2f
H_AF_seed27,LIB_MYAFDHCCQBIZLC,LIB_MYAFDHCCQBIZLC__H_AF__e8__s20260927,True,-10.663,True,6.631,3.063,0,False,857fee70cfb79c57a6e048fc3dad2ec0af11d24a5be50847fe17d0e4e6df0fc0,b68e689687f08880350390a3669833193cc3602f76b83388980037d95af043f3
H_AF_seed27,LIB_YWDIXVZCRMMQQY,LIB_YWDIXVZCRMMQQY__H_AF__e8__s20260927,True,-10.616,True,6.884,2.944,0,False,e177618b0c93c7a6177159dd740394789126bdd3aa850ff0a2c5d5ad925e06ab,08e99e4593c6576b24cafc471309428ea3949061c2164881dc673a3c2d2541a4
H_AF_seed27,LIB_ZNDXPRCORYDEAP,LIB_ZNDXPRCORYDEAP__H_AF__e8__s20260927,True,-10.923,True,8.169,3.085,0,False,17d6287958374c85473ce6a2ddb611b711c20187cfc2c11d636bb8dd174bc33d,75ff9b97d2b90a320403919753bea33dd54e72e25fba15b60fa900a9d74acf8f
H_AF_seed27,LIB_ZVHBDYFMHCQADD,LIB_ZVHBDYFMHCQADD__H_AF__e8__s20260927,True,-10.842,True,9.059,2.945,0,False,4b507fd24b85c3d29f4a7d370e2c7a6ebbf01b470718182ff044ecc9879eb6ad,11624e82f73c1b2995577962cce3fc841e62d17ae069695327227d95e355b144
