human_pos,human_aa,mouse_aa,mouse_pos,mouse_match,worm_aa,worm_pos,worm_match
1,M,M,1,1,M,1,1
2,S,缺失,缺失,0,缺失,缺失,0
3,P,缺失,缺失,0,Q,2,0
4,K,缺失,缺失,0,E,3,0
5,K,缺失,缺失,0,A,4,0
6,V,L,2,0,A,5,0
7,Q,Q,3,1,R,6,0
8,I,I,4,1,R,7,0
9,K,Q,5,0,A,8,0
10,V,V,6,1,S,9,0
11,E,E,7,1,L,10,0
12,E,E,8,1,R,11,0
13,K,K,9,1,K,12,1
14,E,E,10,1,E,13,1
15,D,E,11,0,缺失,缺失,0
16,E,D,12,0,H,14,0
17,T,T,13,1,T,15,1
18,E,E,14,1,P,16,0
19,E,E,15,1,T,17,0
20,S,S,16,1,N,18,0
21,S,S,17,1,E,19,0
22,S,S,18,1,K,20,0
23,E,缺失,缺失,0,F,21,0
24,E,缺失,缺失,0,G,22,0
25,E,E,19,1,D,23,0
26,E,E,20,1,L,24,0
27,E,E,21,1,S,25,0
28,V,缺失,缺失,0,K,26,0
29,E,E,22,1,Q,27,0
30,D,D,23,1,D,28,1
31,K,K,24,1,S,29,0
32,L,L,25,1,L,30,1
33,P,P,26,1,缺失,缺失,0
34,R,R,27,1,缺失,缺失,0
35,R,R,28,1,G,31,0
36,E,E,29,1,E,32,1
37,S,S,30,1,缺失,缺失,0
38,L,L,31,1,缺失,缺失,0
39,R,R,32,1,R,33,1
40,P,P,33,1,A,34,0
41,K,K,34,1,S,35,0
42,R,R,35,1,S,36,0
43,K,K,36,1,K,37,1
44,R,R,37,1,L,38,0
45,T,T,38,1,T,39,1
46,R,R,39,1,L,40,0
47,D,D,40,1,D,41,1
48,V,V,41,1,缺失,缺失,0
49,I,I,42,1,缺失,缺失,0
50,N,N,43,1,D,42,0
51,E,E,44,1,E,43,1
52,D,D,45,1,缺失,缺失,0
53,D,D,46,1,L,44,0
54,P,P,47,1,Y,45,0
55,E,E,48,1,D,46,0
56,P,P,49,1,I,47,0
57,E,E,50,1,L,48,0
58,P,P,51,1,Y,49,0
59,E,E,52,1,A,50,0
60,D,D,53,1,F,51,0
61,E,E,54,1,G,52,0
62,E,E,55,1,E,53,1
63,T,T,56,1,T,54,1
64,R,R,57,1,缺失,缺失,0
65,K,K,58,1,D,55,0
66,A,A,59,1,A,56,1
67,R,R,60,1,缺失,缺失,0
68,E,E,61,1,缺失,缺失,0
69,K,K,62,1,缺失,缺失,0
70,E,E,63,1,F,57,0
71,R,R,64,1,I,58,0
72,R,R,65,1,N,59,0
73,R,R,66,1,K,60,0
74,R,R,67,1,G,61,0
75,L,L,68,1,D,62,0
76,K,R,69,0,K,63,1
77,R,R,70,1,缺失,缺失,0
78,G,G,71,1,Q,64,0
79,A,A,72,1,R,65,0
80,E,E,74,1,E,66,1
81,E,E,75,1,T,67,0
82,E,E,76,1,D,68,0
83,E,E,77,1,E,69,1
84,I,I,78,1,缺失,缺失,0
85,D,D,79,1,D,70,1
86,E,E,80,1,G,71,0
87,E,E,81,1,N,72,0
88,E,E,82,1,P,73,0
89,L,L,83,1,L,74,1
90,E,E,84,1,T,75,0
91,R,R,85,1,R,76,1
92,L,L,86,1,缺失,缺失,0
93,K,K,87,1,Q,77,0
94,A,A,88,1,A,78,1
95,E,L,89,0,L,79,0
96,L,L,90,1,L,80,1
97,D,D,91,1,E,81,0
98,E,E,92,1,R,82,0
99,K,N,93,0,I,83,0
100,R,R,94,1,R,84,1
101,Q,Q,95,1,Q,85,1
102,I,M,96,0,V,89,0
103,I,I,97,1,I,90,1
104,A,A,98,1,G,91,0
105,T,T,99,1,K,92,0
106,V,V,100,1,L,93,0
107,K,K,101,1,R,94,0
108,C,C,102,1,C,95,1
109,K,K,103,1,Q,96,0
110,P,P,104,1,A,97,0
111,W,W,105,1,W,98,1
112,K,K,106,1,S,99,0
113,M,M,107,1,M,100,1
114,E,E,108,1,T,101,0
115,K,K,109,1,R,102,0
116,K,K,110,1,K,103,1
117,I,I,111,1,R,104,0
118,E,E,112,1,R,105,0
119,V,V,113,1,T,106,0
120,L,L,114,1,L,107,1
121,K,K,115,1,K,108,1
122,E,E,116,1,L,109,0
123,A,A,117,1,A,110,1
124,K,K,118,1,Q,111,0
125,K,K,119,1,K,112,1
126,F,F,120,1,缺失,缺失,0
127,V,V,121,1,缺失,缺失,0
128,S,S,122,1,缺失,缺失,0
129,E,E,123,1,Y,113,0
130,N,N,124,1,L,114,0
131,E,E,125,1,E,115,1
132,G,G,126,1,缺失,缺失,0
133,A,A,127,1,缺失,缺失,0
134,L,L,128,1,Q,116,0
135,G,G,129,1,H,117,0
136,K,K,130,1,E,118,0
137,G,G,131,1,S,119,0
138,K,K,132,1,K,120,1
139,G,G,133,1,V,121,0
140,K,K,134,1,S,122,0
141,R,K,135,0,R,123,1
142,W,W,136,1,S,124,0
143,F,F,137,1,H,125,0
144,A,A,138,1,L,126,0
145,F,F,139,1,Y,127,0
146,K,K,140,1,M,128,0
147,M,M,141,1,E,129,0
148,M,M,142,1,E,130,0
149,M,M,143,1,M,131,1
150,A,A,144,1,R,132,0
151,K,K,145,1,K,133,1
152,K,K,146,1,R,134,0
153,W,W,147,1,A,135,0
154,A,A,148,1,R,136,0
155,K,K,149,1,L,137,0
156,F,F,150,1,M,138,0
157,L,L,151,1,K,139,0
158,R,R,152,1,R,140,1
159,D,D,153,1,S,141,0
160,F,F,154,1,F,142,1
161,E,E,155,1,S,143,0
162,N,N,156,1,N,144,1
163,F,F,157,1,F,145,1
164,K,K,158,1,K,146,1
165,A,A,159,1,T,147,0
166,A,A,160,1,Y,148,0
167,C,C,161,1,L,149,0
168,V,V,162,1,I,150,0
169,P,P,163,1,P,151,1
170,W,W,164,1,W,152,1
171,E,E,165,1,E,153,1
172,N,N,166,1,S,154,0
173,K,K,167,1,K,155,1
174,I,I,168,1,I,156,1
175,K,K,169,1,K,157,1
176,A,A,170,1,R,158,0
177,I,I,171,1,I,159,1
178,E,E,172,1,E,160,1
179,S,S,173,1,S,161,1
180,Q,Q,174,1,H,162,0
181,F,F,175,1,F,163,1
182,G,G,176,1,G,164,1
183,S,S,177,1,S,165,1
184,S,S,178,1,V,166,0
185,V,V,179,1,V,167,1
186,A,A,180,1,S,168,0
187,S,S,181,1,S,169,1
188,Y,Y,182,1,Y,170,1
189,F,F,183,1,F,171,1
190,L,L,184,1,T,172,0
191,F,F,185,1,F,173,1
192,L,L,186,1,L,174,1
193,R,R,187,1,R,175,1
194,W,W,188,1,W,176,1
195,M,M,189,1,I,177,0
196,Y,Y,190,1,V,178,0
197,G,G,191,1,F,179,0
198,V,V,192,1,V,180,1
199,N,N,193,1,N,181,1
200,M,M,194,1,M,183,1
201,V,V,195,1,T,185,0
202,L,L,196,1,L,186,1
203,F,F,197,1,I,187,0
204,I,V,198,0,A,188,0
205,L,L,199,1,L,189,1
206,T,T,200,1,V,190,0
207,F,F,201,1,F,191,1
208,S,S,202,1,缺失,缺失,0
209,L,L,203,1,缺失,缺失,0
210,I,I,204,1,V,192,0
211,M,M,205,1,V,193,0
212,L,L,206,1,L,194,1
213,P,P,207,1,P,195,1
214,E,E,208,1,E,196,1
215,Y,Y,209,1,T,197,0
216,L,L,210,1,L,198,1
217,W,W,211,1,S,201,0
218,G,G,212,1,V,202,0
219,L,L,213,1,A,203,0
220,P,P,214,1,N,204,0
221,Y,Y,215,1,E,205,0
222,G,G,216,1,G,206,1
223,S,S,217,1,R,207,0
224,L,L,218,1,F,208,0
225,P,P,219,1,N,209,0
226,R,R,220,1,R,210,1
227,K,K,221,1,K,212,1
228,T,T,222,1,T,213,1
229,V,V,223,1,I,217,0
230,P,P,224,1,P,218,1
231,R,R,225,1,A,219,0
232,A,A,226,1,N,220,0
233,E,E,227,1,E,221,1
234,E,E,228,1,R,222,0
235,A,A,229,1,V,223,0
236,S,S,230,1,H,224,0
237,A,A,231,1,A,225,1
238,A,A,232,1,D,226,0
239,N,N,233,1,E,227,0
240,F,F,234,1,L,228,0
241,G,G,235,1,A,229,0
242,V,V,236,1,V,230,1
243,L,L,237,1,V,231,0
244,Y,Y,238,1,W,232,0
245,D,D,239,1,H,233,0
246,F,F,240,1,Y,234,0
247,N,N,241,1,D,235,0
248,G,G,242,1,G,236,1
249,L,L,243,1,Y,237,0
250,A,A,244,1,L,238,0
251,Q,Q,245,1,R,239,0
252,Y,Y,246,1,Y,240,1
253,S,S,247,1,S,241,1
254,V,V,248,1,P,242,0
255,L,L,249,1,L,243,1
256,F,F,250,1,F,244,1
257,Y,Y,251,1,Y,245,1
258,G,G,252,1,G,246,1
259,Y,Y,253,1,Y,247,1
260,Y,Y,254,1,Y,248,1
261,D,D,255,1,D,250,1
262,N,N,256,1,D,251,0
263,K,K,257,1,P,252,0
264,R,R,258,1,F,253,0
265,T,T,259,1,L,254,0
266,I,I,260,1,G,255,0
267,G,G,261,1,N,256,0
268,W,W,262,1,K,257,0
269,M,L,263,0,I,258,0
270,N,N,264,1,K,259,0
271,F,F,265,1,Y,260,0
272,R,R,266,1,A,261,0
273,L,L,267,1,L,262,1
274,P,P,268,1,P,263,1
275,L,L,269,1,L,264,1
276,S,S,270,1,A,265,0
277,Y,Y,271,1,Y,266,1
278,F,F,272,1,F,267,1
279,L,L,273,1,M,268,0
280,V,V,274,1,V,269,1
281,G,G,275,1,T,270,0
282,I,I,276,1,L,271,0
283,M,M,277,1,T,272,0
284,C,C,278,1,I,273,0
285,I,I,279,1,F,274,0
286,G,G,280,1,A,275,0
287,Y,Y,281,1,Y,276,1
288,S,S,282,1,S,277,1
289,F,F,283,1,F,278,1
290,L,L,284,1,F,279,0
291,V,V,285,1,A,280,0
292,V,V,286,1,I,281,0
293,L,L,287,1,L,282,1
294,K,K,288,1,K,284,1
295,A,A,289,1,A,286,1
296,M,M,290,1,A,287,0
297,T,T,291,1,N,288,0
298,K,K,292,1,A,289,0
299,N,N,293,1,R,290,0
300,I,I,294,1,M,291,0
301,G,G,295,1,S,292,0
302,D,D,296,1,K,293,0
303,D,D,297,1,L,294,0
304,G,G,298,1,S,295,0
305,G,G,299,1,G,296,1
306,G,G,300,1,S,297,0
307,D,D,301,1,K,298,0
308,D,D,302,1,A,299,0
309,N,N,303,1,E,300,0
310,T,T,304,1,Q,301,0
311,F,F,305,1,Y,302,0
312,N,N,306,1,I,303,0
313,F,F,307,1,F,304,1
314,S,S,308,1,N,305,0
315,W,W,309,1,W,306,1
316,K,K,310,1,K,307,1
317,V,V,311,1,L,308,0
318,F,F,312,1,F,309,1
319,T,C,313,0,T,310,1
320,S,S,314,1,G,311,0
321,W,W,315,1,W,312,1
322,D,D,316,1,D,313,1
323,Y,Y,317,1,Y,314,1
324,L,L,318,1,T,315,0
325,I,I,319,1,I,316,1
326,G,G,320,1,G,317,1
327,N,N,321,1,N,318,1
328,P,P,322,1,S,319,0
329,E,E,323,1,E,320,1
330,T,T,324,1,T,321,1
331,A,A,325,1,A,322,1
332,D,D,326,1,S,323,0
333,N,N,327,1,N,324,1
334,K,K,328,1,T,325,0
335,F,F,329,1,V,326,0
336,N,N,330,1,M,327,0
337,S,S,331,1,A,328,0
338,I,I,332,1,V,329,0
339,T,T,333,1,V,330,0
340,M,M,334,1,I,331,0
341,N,N,335,1,K,332,0
342,F,F,336,1,L,333,0
343,K,K,337,1,R,334,0
344,E,E,338,1,E,335,1
345,A,A,339,1,S,336,0
346,I,I,340,1,I,337,1
347,T,I,341,0,A,338,0
348,E,E,342,1,D,339,0
349,E,E,343,1,I,340,0
350,K,R,344,0,K,341,1
351,A,A,345,1,K,342,0
352,A,A,346,1,D,343,0
353,Q,Q,347,1,A,344,0
354,V,V,348,1,H,345,0
355,E,E,349,1,G,346,0
356,E,E,350,1,K,347,0
357,N,N,351,1,F,348,0
358,V,I,352,0,R,349,0
359,H,H,353,1,L,350,0
360,L,L,354,1,L,351,1
361,I,I,355,1,Q,352,0
362,R,R,356,1,F,353,0
363,F,F,357,1,S,354,0
364,L,L,358,1,L,355,1
365,R,R,359,1,R,356,1
366,F,F,360,1,V,357,0
367,L,L,361,1,F,358,0
368,A,A,362,1,A,359,1
369,N,N,363,1,N,360,1
370,F,F,364,1,I,361,0
371,F,F,365,1,I,362,0
372,V,V,366,1,I,363,0
373,F,F,367,1,C,364,0
374,L,L,368,1,A,365,0
375,T,T,369,1,M,366,0
376,L,L,370,1,L,367,1
377,G,G,371,1,G,368,1
378,G,A,372,0,F,369,0
379,S,S,373,1,S,370,1
380,G,G,374,1,I,371,0
381,Y,Y,375,1,Y,372,1
382,L,L,376,1,C,373,0
383,I,I,377,1,I,374,1
384,F,F,378,1,I,375,0
385,W,W,379,1,F,376,0
386,A,A,380,1,A,377,1
387,V,V,381,1,V,378,1
388,K,K,382,1,Q,379,0
389,R,R,383,1,K,380,0
390,S,S,384,1,S,381,1
391,Q,Q,385,1,Q,382,1
392,E,E,386,1,缺失,缺失,0
393,F,F,387,1,缺失,缺失,0
394,A,A,388,1,缺失,缺失,0
395,Q,Q,389,1,V,383,0
396,Q,Q,390,1,Q,384,1
397,D,D,391,1,D,385,1
398,P,P,392,1,缺失,缺失,0
399,D,D,393,1,D,386,1
400,T,T,394,1,缺失,缺失,0
401,L,L,395,1,G,387,0
402,G,G,396,1,N,388,0
403,W,W,397,1,L,389,0
404,W,W,398,1,F,390,0
405,E,E,399,1,T,391,0
406,K,K,400,1,K,392,1
407,N,N,401,1,N,393,1
408,E,E,402,1,Q,394,0
409,M,M,403,1,V,395,0
410,N,N,404,1,P,396,0
411,M,M,405,1,S,397,0
412,V,V,406,1,V,398,1
413,M,M,407,1,V,399,0
414,S,S,408,1,S,400,1
415,L,L,409,1,T,401,0
416,L,L,410,1,I,402,0
417,G,G,411,1,T,403,0
418,M,M,412,1,H,404,0
419,F,F,413,1,V,405,0
420,C,C,414,1,F,406,0
421,P,P,415,1,P,407,1
422,T,T,416,1,M,408,0
423,L,L,417,1,I,409,0
424,F,F,418,1,F,410,1
425,D,D,419,1,D,411,1
426,L,L,420,1,L,412,1
427,F,F,421,1,I,413,0
428,A,A,422,1,G,414,0
429,E,E,423,1,K,415,0
430,L,L,424,1,M,416,0
431,E,E,425,1,E,417,1
432,D,D,426,1,N,418,0
433,Y,Y,427,1,Y,419,1
434,H,H,428,1,H,420,1
435,P,P,429,1,P,421,1
436,L,L,430,1,R,422,0
437,I,I,431,1,T,423,0
438,A,A,432,1,A,424,1
439,L,L,433,1,L,425,1
440,K,K,434,1,R,426,0
441,W,W,435,1,A,427,0
442,L,L,436,1,H,428,0
443,L,L,437,1,L,429,1
444,G,G,438,1,G,430,1
445,R,R,439,1,R,431,1
446,I,I,440,1,V,432,0
447,F,F,441,1,L,433,0
448,A,A,442,1,I,434,0
449,L,L,443,1,L,435,1
450,L,L,444,1,Y,436,0
451,L,L,445,1,T,437,0
452,G,G,446,1,V,438,0
453,N,N,447,1,N,439,1
454,L,L,448,1,L,443,1
455,Y,Y,449,1,A,446,0
456,V,V,450,1,L,447,0
457,F,F,451,1,F,448,1
458,I,I,452,1,M,451,0
459,L,L,453,1,T,452,0
460,A,A,454,1,A,453,1
461,L,L,455,1,L,454,1
462,M,M,456,1,R,455,0
463,D,D,457,1,D,456,1
464,E,E,458,1,R,457,0
465,I,I,459,1,V,458,0
466,N,N,460,1,N,459,1
467,N,N,461,1,T,461,0
468,K,K,462,1,S,462,0
469,I,I,463,1,T,463,0
470,E,E,464,1,S,464,0
471,E,E,465,1,S,465,0
472,E,E,466,1,S,466,0
473,K,K,467,1,H,467,0
474,L,L,468,1,R,468,0
475,V,V,469,1,T,469,0
476,K,K,470,1,K,470,1
477,A,A,471,1,R,471,0
478,N,N,472,1,Q,472,0
479,I,I,473,1,Q,473,0
480,T,T,474,1,G,474,0
481,L,L,475,1,G,475,0
482,W,W,476,1,W,476,1
483,E,E,477,1,N,477,0
484,A,A,478,1,P,478,0
485,N,N,479,1,N,479,1
486,M,M,480,1,M,480,1
487,I,I,481,1,P,485,0
488,K,K,482,1,Y,486,0
489,A,A,483,1,A,487,1
490,Y,Y,484,1,S,488,0
491,N,N,485,1,R,489,0
492,A,L,488,0,A,490,1
493,S,S,489,1,S,496,1
494,F,L,491,0,F,506,1
495,S,S,492,1,S,510,1
496,E,G,493,0,T,514,0
497,N,N,494,1,R,515,0
498,S,T,495,0,S,516,1
499,T,T,496,1,T,518,1
500,G,G,497,1,T,519,0
501,P,A,498,0,P,520,1
502,P,P,499,1,P,525,1
503,F,F,500,1,F,527,1
504,F,F,501,1,F,530,1
505,V,V,502,1,V,538,1
506,H,H,503,1,H,544,1
507,P,P,504,1,P,555,1
508,A,A,505,1,A,557,1
509,D,D,506,1,P,563,0
510,V,V,507,1,P,564,0
511,P,P,508,1,P,565,1
512,R,R,509,1,R,566,1
513,G,G,510,1,Y,568,0
514,P,P,511,1,P,569,1
515,C,C,512,1,F,571,0
516,W,W,513,1,T,572,0
517,E,E,514,1,P,573,0
518,T,T,515,1,G,574,0
519,M,M,516,1,N,575,0
520,V,V,517,1,V,576,1
521,G,G,518,1,G,577,1
522,Q,Q,519,1,Q,579,1
523,E,E,520,1,D,584,0
524,F,F,521,1,F,585,1
525,V,V,522,1,V,590,1
526,R,R,523,1,R,599,1
527,L,L,524,1,R,601,0
528,T,T,525,1,T,602,1
529,V,V,526,1,P,604,0
530,S,S,527,1,P,605,0
531,D,D,528,1,W,606,0
532,V,V,529,1,V,607,1
533,L,L,530,1,T,609,0
534,T,T,531,1,T,610,1
535,T,T,532,1,T,611,1
536,Y,Y,533,1,L,615,0
537,V,V,534,1,V,616,1
538,T,T,535,1,T,624,1
539,I,I,536,1,I,641,1
540,L,L,537,1,L,643,1
541,I,I,538,1,I,648,1
542,G,G,539,1,G,661,1
543,D,D,540,1,D,665,1
544,F,F,541,1,K,678,0
545,L,L,542,1,L,679,1
546,R,R,543,1,D,683,0
547,A,A,544,1,L,684,0
548,C,C,545,1,I,685,0
549,F,F,546,1,F,686,1
550,V,V,547,1,V,693,1
551,R,R,548,1,R,698,1
552,F,F,549,1,W,701,0
553,C,C,550,1,I,702,0
554,N,N,551,1,K,703,0
555,Y,Y,552,1,Y,704,1
556,C,C,553,1,C,705,1
557,W,W,554,1,W,709,1
558,C,C,555,1,C,710,1
559,W,W,556,1,W,711,1
560,D,D,557,1,D,712,1
561,L,L,558,1,I,713,0
562,E,E,559,1,E,714,1
563,Y,Y,560,1,T,715,0
564,G,G,561,1,T,716,0
565,Y,Y,562,1,F,717,0
566,P,P,563,1,P,718,1
567,S,S,564,1,E,719,0
568,Y,Y,565,1,Y,720,1
569,T,T,566,1,G,721,0
570,E,E,567,1,E,722,1
571,F,F,568,1,F,723,1
572,D,D,569,1,K,724,0
573,I,I,570,1,V,725,0
574,S,S,571,1,A,726,0
575,G,G,572,1,E,727,0
576,N,N,573,1,N,728,1
577,V,V,574,1,V,729,1
578,L,L,575,1,L,730,1
579,A,A,576,1,H,731,0
580,L,L,577,1,I,732,0
581,I,I,578,1,I,733,1
582,F,F,579,1,N,734,0
583,N,N,580,1,N,735,1
584,Q,Q,581,1,Q,736,1
585,G,G,582,1,G,737,1
586,M,M,583,1,M,738,1
587,I,I,584,1,I,739,1
588,W,W,585,1,W,740,1
589,M,M,586,1,L,741,0
590,G,G,587,1,G,742,1
591,S,S,588,1,L,743,0
592,F,F,589,1,F,744,1
593,F,F,590,1,F,745,1
594,A,A,591,1,A,746,1
595,P,P,592,1,P,747,1
596,S,S,593,1,L,748,0
597,L,L,594,1,L,749,1
598,P,P,595,1,P,750,1
599,G,G,596,1,A,751,0
600,I,I,597,1,I,752,1
601,N,N,598,1,N,753,1
602,I,I,599,1,N,754,0
603,L,L,600,1,I,755,0
604,R,R,601,1,K,756,0
605,L,L,602,1,L,757,1
606,H,H,603,1,I,758,0
607,T,T,604,1,I,759,0
608,S,S,605,1,L,760,0
609,M,M,606,1,M,761,1
610,Y,Y,607,1,Y,762,1
611,F,F,608,1,I,763,0
612,Q,Q,609,1,R,764,0
613,C,C,610,1,G,765,0
614,W,W,611,1,W,766,1
615,A,A,612,1,A,767,1
616,V,V,613,1,V,768,1
617,M,M,614,1,M,769,1
618,C,C,615,1,T,770,0
619,C,C,616,1,C,771,1
620,N,N,617,1,N,772,1
621,V,V,618,1,V,773,1
622,P,P,619,1,P,774,1
623,E,E,620,1,缺失,缺失,0
624,A,A,621,1,A,775,1
625,R,R,622,1,R,776,1
626,V,V,623,1,I,778,0
627,F,F,624,1,F,779,1
628,K,K,625,1,R,780,0
629,A,A,626,1,A,781,1
630,S,S,627,1,S,782,1
631,R,R,628,1,R,783,1
632,S,S,629,1,S,784,1
633,N,N,630,1,S,785,0
634,N,N,631,1,N,786,1
635,F,F,632,1,F,787,1
636,Y,Y,633,1,Y,788,1
637,L,L,634,1,L,789,1
638,G,G,635,1,G,790,1
639,M,M,636,1,I,791,0
640,L,L,637,1,L,792,1
641,L,L,638,1,L,793,1
642,L,L,639,1,I,794,0
643,I,I,640,1,W,795,0
644,L,L,641,1,L,796,1
645,F,F,642,1,L,797,0
646,L,L,643,1,L,798,1
647,S,S,644,1,C,799,0
648,T,T,645,1,T,800,1
649,M,M,646,1,L,801,0
650,P,P,647,1,P,802,1
651,V,V,648,1,V,803,1
652,L,L,649,1,G,804,0
653,Y,Y,650,1,F,805,0
654,M,M,651,1,V,806,0
655,I,I,652,1,I,807,1
656,V,V,653,1,A,808,0
657,S,S,654,1,S,809,1
658,L,L,655,1,S,811,0
659,P,P,656,1,P,812,1
660,P,P,657,1,P,818,1
661,S,S,658,1,H,824,0
662,F,F,659,1,F,825,1
663,D,D,660,1,D,838,1
664,C,C,661,1,P,851,0
665,G,G,662,1,G,852,1
666,P,P,663,1,P,856,1
667,F,F,664,1,F,869,1
668,S,S,665,1,S,870,1
669,G,G,666,1,G,874,1
670,K,K,667,1,A,878,0
671,N,N,668,1,N,879,1
672,R,R,669,1,R,890,1
673,M,M,670,1,I,897,0
674,F,F,671,1,F,898,1
675,E,E,672,1,E,899,1
676,V,V,673,1,A,901,0
677,I,I,674,1,G,902,0
678,G,G,675,1,G,903,1
679,E,E,676,1,E,909,1
680,T,T,677,1,P,922,0
681,L,L,678,1,L,923,1
682,E,E,679,1,E,939,1
683,H,H,680,1,H,942,1
684,D,D,681,1,D,947,1
685,F,F,682,1,E,950,0
686,P,P,683,1,E,951,0
687,S,S,684,1,S,952,1
688,W,W,685,1,L,965,0
689,M,M,686,1,T,966,0
690,A,A,687,1,A,967,1
691,K,K,688,1,Y,968,0
692,I,I,689,1,P,969,0
693,L,L,690,1,L,970,1
694,R,R,691,1,R,971,1
695,Q,Q,692,1,Q,981,1
696,L,L,693,1,L,989,1
697,S,S,694,1,S,991,1
698,N,N,695,1,N,995,1
699,P,P,696,1,S,1005,0
700,G,G,697,1,G,1006,1
701,L,L,698,1,L,1009,1
702,V,V,699,1,V,1016,1
703,I,I,700,1,I,1038,1
704,A,A,701,1,A,1042,1
705,V,V,702,1,V,1045,1
706,I,I,703,1,I,1051,1
707,L,L,704,1,L,1055,1
708,V,V,705,1,R,1056,0
709,M,M,706,1,P,1057,0
710,V,V,707,1,Y,1058,0
711,L,L,708,1,L,1059,1
712,A,T,709,0,A,1061,1
713,I,I,710,1,I,1065,1
714,Y,Y,711,1,Y,1067,1
715,Y,Y,712,1,Y,1093,1
716,L,L,713,1,L,1099,1
717,N,N,714,1,N,1109,1
718,A,A,715,1,A,1112,1
719,T,T,716,1,T,1114,1
720,A,A,717,1,I,1115,0
721,K,K,718,1,K,1116,1
722,G,G,719,1,G,1123,1
723,Q,Q,720,1,Q,1129,1
724,K,K,721,1,K,1133,1
725,A,A,722,1,A,1148,1
726,A,A,723,1,A,1150,1
727,N,N,724,1,P,1160,0
728,L,L,725,1,L,1161,1
729,D,D,726,1,M,1162,0
730,L,L,727,1,L,1163,1
731,K,K,728,1,K,1171,1
732,K,K,729,1,K,1173,1
733,K,K,730,1,K,1176,1
734,M,M,731,1,R,1190,0
735,K,K,732,1,K,1191,1
736,M,Q,733,0,I,1194,0
737,Q,Q,734,1,Q,1195,1
738,A,A,735,1,A,1209,1
739,L,L,736,1,P,1210,0
740,E,E,737,1,E,1211,1
741,N,N,738,1,K,1214,0
742,K,K,739,1,K,1215,1
743,M,M,740,1,F,1217,0
744,R,R,741,1,R,1218,1
745,N,N,742,1,T,1224,0
746,K,K,743,1,K,1225,1
747,K,K,744,1,T,1226,0
748,M,M,745,1,I,1227,0
749,A,A,746,1,A,1228,1
750,A,A,747,1,A,1230,1
751,A,A,748,1,A,1232,1
752,R,R,749,1,R,1234,1
753,A,A,750,1,A,1235,1
754,A,A,751,1,A,1243,1
755,A,A,752,1,A,1261,1
756,A,A,753,1,A,1270,1
757,A,A,754,1,S,1280,0
758,G,G,755,1,P,1281,0
759,R,G,756,0,R,1282,1
760,Q,Q,757,1,Q,1283,1
