batch,region,receptor_id,compound_id,run_id,pose_sha256,status,score_kcal_mol,local_pre_qc_pass,min_box_margin_A,pose_heavy_atoms,min_site_distance_A,site_heavy_atoms_within_4A,any_site_contact_4A,receptor_heavy_atoms_farther_4A,min_receptor_distance_A,site_residues_within_4A
formal_forward_v2_active_merged41,middle,M_PUB_ALL,LIB_MYAFDHCCQBIZLC,LIB_MYAFDHCCQBIZLC__M_PUB_ALL__e8__s20260927,6a27880ea6119d16325c1c14fd5c519b5ab70c6e10cc8337c8daf7cc9936b1ff,completed,-10.066,True,2.6308999999999987,37,3.289987537970319,12,True,8,2.898412324014648,A:444:3.290;A:447:3.640;A:448:3.763;A:528:3.300;A:531:3.903;A:579:3.528
formal_forward_v2_active_merged41,middle,M_PUB_ALL,LIB_ZVHBDYFMHCQADD,LIB_ZVHBDYFMHCQADD__M_PUB_ALL__e8__s20260927,01dbe48c2e29449b7cd4fd9255f7a854ebc8cdd933f72f2541adcb9945b39a69,completed,-9.914,True,2.5208999999999993,37,3.2908147927223133,13,True,7,2.9679476073542794,A:444:3.291;A:447:3.677;A:448:3.818;A:528:3.347;A:531:3.770;A:579:3.508
formal_forward_v2_active_merged41,middle,M_PUB_ALL,LIB_MSOIEDXPFWQELX,LIB_MSOIEDXPFWQELX__M_PUB_ALL__e8__s20260927,43ac6ed901345140eb6e0ca3932ef5d8cd3abf47df0d69de1786cc1cf825f9ff,completed,-9.407,True,3.3369,36,3.405570436799098,12,True,11,2.9590157147267737,A:444:3.406;A:447:3.476;A:448:3.421;A:528:3.520;A:579:3.507
formal_forward_v2_active_merged41,middle,M_PUB_ALL,LIB_HLVJLTDUBJMRSP,LIB_HLVJLTDUBJMRSP__M_PUB_ALL__e8__s20260927,5d3be6bca46583d584a2dbff52749780806fd79841249dfcd76fffd66522f3cb,completed,-8.957,True,2.559899999999999,37,3.390782947934001,3,True,10,2.914134519887508,A:411:3.391;A:444:3.471
formal_forward_v2_active_merged41,middle,M_PUB_ALL,LIB_NWEIPABWNQPRCZ,LIB_NWEIPABWNQPRCZ__M_PUB_ALL__e8__s20260927,a4acc3f2daf0cdafbd7221a156b25ba38c8936664a5544c975a65b2c21239455,completed,-9.65,True,2.588899999999999,37,3.1621122687216534,11,True,11,3.0340238957529637,A:444:3.162;A:447:3.456;A:448:3.459;A:528:3.585;A:579:3.660
formal_forward_v2_active_merged41,middle,M_PUB_ALL,LIB_ZHKIURQRUBOVST,LIB_ZHKIURQRUBOVST__M_PUB_ALL__e8__s20260927,966e14e645a1df9b58767045b33d2ff607b511c76ecc25ba2258f2be9c8bfe5d,completed,-9.746,True,2.511899999999999,37,3.232747902327059,12,True,10,2.9434500165621973,A:444:3.282;A:447:3.622;A:448:3.869;A:528:3.233;A:531:3.828;A:579:3.634
formal_forward_v2_active_merged41,middle,M_PUB_ALL,LIB_SNKYRRUHFHNPGP,LIB_SNKYRRUHFHNPGP__M_PUB_ALL__e8__s20260927,1b221333dac0b364044da35bdb7585aa1926e7edf7a822d554991c186340c524,completed,-10.591,True,1.9468999999999994,37,5.642218092204519,0,False,2,2.732022876917394,
formal_forward_v2_active_merged41,middle,M_PUB_ALL,LIB_UDXKCMZFPXURAC,LIB_UDXKCMZFPXURAC__M_PUB_ALL__e8__s20260927,fe6d426af9d4387a713fd3747efdee55673c5da9f7a5019d6b3b78bf5af8c45c,completed,-10.789,True,0.5218999999999987,38,5.60549355543292,0,False,5,3.1218459282930673,
formal_forward_v2_active_merged41,middle,M_PUB_ALL,LIB_YLUXGJXUXWARJV,LIB_YLUXGJXUXWARJV__M_PUB_ALL__e8__s20260927,f7a0ee02d23967007a5cf66747759fd7e3499ba69c9d283e687310122ebe8039,completed,-10.021,True,0.012900000000000134,38,6.382693553665256,0,False,5,2.854067448397111,
formal_forward_v2_active_merged41,middle,M_PUB_ALL,LIB_GKROVQJERPLMAG,LIB_GKROVQJERPLMAG__M_PUB_ALL__e8__s20260927,70a1841d8619d2c10e64772ade0903568e78155e399200989f1965be0d592e77,completed,-9.652,True,6.6899999999999995,38,3.0770095872453807,19,True,6,3.0054101217637506,A:408:3.077;A:444:3.517;A:447:3.722;A:528:3.205;A:532:3.272;A:536:3.358;A:579:3.928;A:580:3.605
formal_forward_v2_active_merged41,middle,M_PUB_ALL,LIB_YFXAKRSCLHWERK,LIB_YFXAKRSCLHWERK__M_PUB_ALL__e8__s20260927,46d06eaceeafb56b844b6a6a7241bd218fd2add506ed132d3d95f98690ad34bd,completed,-9.668,True,2.8598999999999997,37,3.1107722513871052,18,True,3,2.8341998870933556,A:444:3.445;A:528:3.190;A:531:3.111;A:579:3.558;A:580:3.483
formal_forward_v2_active_merged41,middle,M_PUB_ALL,LIB_VDQZIQXNPVFCAD,LIB_VDQZIQXNPVFCAD__M_PUB_ALL__e8__s20260927,e89b94dcc127cf311863a2b50c58212b7a23aa58605c0a9f2b6bc657a7ce8987,completed,-9.67,True,2.4589,39,3.226280985903119,12,True,11,3.0086794445404106,A:411:3.800;A:412:3.728;A:444:3.226;A:447:3.438;A:448:3.442;A:528:3.573;A:579:3.640
formal_forward_v2_active_merged41,middle,M_PUB_ALL,LIB_OLQWTLPWZOPGNO,LIB_OLQWTLPWZOPGNO__M_PUB_ALL__e8__s20260927,4005c7669ccc251542903ff9c7a5ca403a8ae067b07d1a56110437441077206e,completed,-9.544,True,2.8278999999999996,37,3.247374323973139,13,True,7,2.9207800327994575,A:444:3.247;A:447:3.377;A:448:3.778;A:528:3.463;A:531:3.957;A:579:3.365
formal_forward_v2_active_merged41,middle,M_PUB_ALL,LIB_PSDSEDAUIJUGQT,LIB_PSDSEDAUIJUGQT__M_PUB_ALL__e8__s20260927,a646df25ec8eb6d69ca838c065b2da90bc1bc125a3e93260d66f2f844ccee951,completed,-9.001,True,2.8879,37,3.0798931799658242,19,True,4,3.0184124966611177,A:411:3.690;A:412:3.556;A:444:3.080;A:528:3.477;A:579:3.543
formal_forward_v2_active_merged41,middle,M_PUB_ALL,LIB_BUZOTBWJKYSTEL,LIB_BUZOTBWJKYSTEL__M_PUB_ALL__e8__s20260927,3c73ad46d22e1f4a076b6b1bbf5787d5d6c9800c8b737539f43d9c73db2db60b,completed,-9.526,True,0.41899999999999693,42,3.2691433128573606,4,True,11,3.0444685907396067,A:531:3.269
formal_forward_v2_active_merged41,middle,M_PUB_ALL,LIB_DATHYHLOJYBUAS,LIB_DATHYHLOJYBUAS__M_PUB_ALL__e8__s20260927,62bd621ad53550373c4a3dd7cd2a27bcfa0ded0ec7d09814b7a0b2ac5d4834da,completed,-9.429,True,3.0739,42,3.0248418140458195,11,True,12,2.829045952260231,A:412:3.572;A:444:3.073;A:447:3.025;A:448:3.240;A:528:3.445;A:579:3.300
formal_forward_v2_active_merged41,middle,M_PUB_ALL,LIB_PGAGZKDWBHDEKT,LIB_PGAGZKDWBHDEKT__M_PUB_ALL__e8__s20260927,29329656a32ef849158690f3cf94693187c8105170a68c0a6851e5c0a82fbdaa,completed,-10.038,True,0.07489999999999952,38,6.781420942545891,0,False,3,2.7145058482162083,
formal_forward_v2_active_merged41,middle,M_PUB_ALL,LIB_VYPKGVPXECFUKL,LIB_VYPKGVPXECFUKL__M_PUB_ALL__e8__s20260927,134aadd3cf80a7dbd01c4f5c8c2fab157668c5a1ce310361f4e42e041bcd3cb5,completed,-9.275,True,2.447899999999999,37,3.2099822429415408,12,True,11,2.8050003565062163,A:408:3.752;A:411:3.637;A:412:3.976;A:444:3.570;A:528:3.483;A:579:3.548;A:580:3.210
formal_forward_v2_active_merged41,middle,M_PUB_ALL,LIB_CNAMYLDNIIXYMW,LIB_CNAMYLDNIIXYMW__M_PUB_ALL__e8__s20260927,8f0e1b4776e6f74b71fe6a5405abd5a1a02cff598e09ec4135d4f63e6edce0a7,completed,-8.989,True,7.326999999999998,40,2.9696100754139425,15,True,16,2.9352792030742125,A:411:3.449;A:444:3.183;A:447:3.718;A:448:3.916;A:536:2.970;A:579:3.620
formal_forward_v2_active_merged41,middle,M_PUB_ALL,LIB_BIAGWLDERXRFAW,LIB_BIAGWLDERXRFAW__M_PUB_ALL__e8__s20260927,0411fe06fe5b2c4f3871f37a2293edc3b9bec22e8ed278a3ebd3d75237024102,completed,-9.388,True,1.3293000000000017,41,3.31640739355104,6,True,10,3.05599558245754,A:444:3.316;A:447:3.318;A:579:3.705
formal_forward_v2_active_merged41,middle,M_PUB_ALL,LIB_FQOBSFOIGPCIHS,LIB_FQOBSFOIGPCIHS__M_PUB_ALL__e8__s20260927,6f3f29c378eef61b142d023a185a70bdc27711b1e48b6f78891cfeb5309615a6,completed,-9.742,True,5.100899999999999,41,3.0349079063457585,13,True,8,2.9533135627630194,A:444:3.671;A:528:3.035;A:531:3.734;A:532:3.691;A:579:3.296;A:580:3.052
formal_forward_v2_active_merged41,middle,M_PUB_ALL,LIB_YIICPBQWCOBAJU,LIB_YIICPBQWCOBAJU__M_PUB_ALL__e8__s20260927,cd2a4ac541fb260cb74321f04c4c4e696a6971bd04f06555aaebe442050ca8ff,completed,-8.921,True,2.4238999999999997,40,3.4627135313219317,11,True,14,2.791514642626831,A:411:3.620;A:444:3.463;A:528:3.547;A:531:3.700
formal_forward_v2_active_merged41,middle,M_PUB_ALL,LIB_APMUVXPIJNPXQE,LIB_APMUVXPIJNPXQE__M_PUB_ALL__e8__s20260927,149db82aaeb329ea6b2650b2512eb5fa35685f3257ffa874067681cd0474707a,completed,-9.314,True,1.213000000000001,40,3.3053904459231425,4,True,11,2.998543813253361,A:531:3.305
formal_forward_v2_active_merged41,middle,M_PUB_ALL,LIB_UFELNXRWJPVQMY,LIB_UFELNXRWJPVQMY__M_PUB_ALL__e8__s20260927,a4a6014cc9c8d42e43a5f25ae8616e37922f06b89f133fec3fa36bd535a17c4d,completed,-8.635,True,1.1353000000000026,43,3.3289429253142804,7,True,11,2.8848384703480376,A:444:3.329;A:447:3.398;A:528:3.695;A:579:3.400;A:580:3.493
formal_forward_v2_active_merged41,middle,M_PUB_ALL,LIB_SOWMPGHFKGHWIR,LIB_SOWMPGHFKGHWIR__M_PUB_ALL__e8__s20260927,f03e99dece128f5780a07f09261e64d917ac6d39f4ba4a0f7de21df37f9037aa,completed,-8.951,True,2.1148999999999987,39,3.127984814541145,4,True,6,3.08213789438435,A:444:3.128;A:536:3.978
formal_forward_v2_active_merged41,middle,M_PUB_ALL,LIB_UXWQKBQYLIAPJN,LIB_UXWQKBQYLIAPJN__M_PUB_ALL__e8__s20260927,93b7cdeba538aaa917b04d96372da00099eca57bf18ef5923df4e0d5c804ef36,completed,-9.943,True,0.5268999999999995,39,10.419114261778686,0,False,5,2.853994393827711,
formal_forward_v2_active_merged41,middle,M_PUB_ALL,LIB_ZNDXPRCORYDEAP,LIB_ZNDXPRCORYDEAP__M_PUB_ALL__e8__s20260927,497c0f7e552e613bd720d95d710430c45eecb583bbc8dd9e2a8d4ad504018a13,completed,-10.049,True,2.5798999999999985,38,3.1704330934432288,11,True,10,2.9525936056287856,A:444:3.170;A:447:3.442;A:448:3.439;A:528:3.503;A:579:3.620
formal_forward_v2_active_merged41,middle,M_PUB_ALL,LIB_WZFZONITOFUGNM,LIB_WZFZONITOFUGNM__M_PUB_ALL__e8__s20260927,9ae3670859b0533f7f006643e4de19f414e67d4da146428b8395cfc0aee87761,completed,-8.293,True,10.5783,37,2.8020410418122,19,True,16,2.8020410418122,A:408:3.156;A:444:3.233;A:447:3.234;A:528:2.802;A:531:3.711;A:579:3.059;A:580:3.473
formal_forward_v2_active_merged41,middle,M_PUB_ALL,LIB_REDBMKRPRFVCHI,LIB_REDBMKRPRFVCHI__M_PUB_ALL__e8__s20260927,89fd6a2a720c5ea6b0491fffccb785049d54d87e382622d39683cabd58bdcbd2,completed,-9.019,True,2.3638999999999992,44,3.1730376612955604,13,True,9,3.0716389761819345,A:411:3.546;A:412:3.646;A:444:3.666;A:528:3.413;A:531:3.736;A:532:3.173;A:536:3.882
formal_forward_v2_active_merged41,middle,M_PUB_ALL,LIB_AIWJVLQNYNCDSL,LIB_AIWJVLQNYNCDSL__M_PUB_ALL__e8__s20260927,f7190298727452e9d1591f8da6d4011a774147357db4e911e5f93e49509a092f,completed,-9.113,True,4.061999999999999,38,3.324987368397059,7,True,9,3.00517636753652,A:411:3.364;A:444:3.325
formal_forward_v2_active_merged41,middle,M_PUB_ALL,LIB_UOJUQBSCCIRCHS,LIB_UOJUQBSCCIRCHS__M_PUB_ALL__e8__s20260927,06b76b7b1c412f5d63e10a2e29ec3f79826f7aa7d90f2fccf52bb796b6425a10,completed,-9.229,True,0.5168999999999997,44,4.080439314583664,0,False,12,2.9220521898145497,
formal_forward_v2_active_merged41,middle,M_PUB_ALL,LIB_RCFMYOVNMVCRHQ,LIB_RCFMYOVNMVCRHQ__M_PUB_ALL__e8__s20260927,969e565f1d7a30622d3bf5339ded3a48049722ba144c7fcd984fcce01924b111,completed,-8.367,True,2.6628999999999987,44,3.4969765512510946,2,True,10,2.993425629608993,A:536:3.497
formal_forward_v2_active_merged41,middle,M_PUB_ALL,LIB_GMIVUSAKVGKIOC,LIB_GMIVUSAKVGKIOC__M_PUB_ALL__e8__s20260927,43fd1cbefb310a40d0ffc88898d23ef745b5d794f45c6af47ea4b01102de9e5b,completed,-8.679,True,9.584999999999997,42,2.997140470515187,22,True,8,2.8202999840442504,A:411:3.780;A:444:3.179;A:447:3.241;A:528:2.997;A:531:3.323;A:579:3.448;A:580:3.420
formal_forward_v2_active_merged41,middle,M_PUB_ALL,LIB_LVPFKJJHXQHRCM,LIB_LVPFKJJHXQHRCM__M_PUB_ALL__e8__s20260927,6ff274ef594bf8909bd5dc0641877efd32346c0f12f6115947da65cda15c06be,completed,-8.217,True,2.2878999999999987,38,3.16643032451371,10,True,7,3.16643032451371,A:411:3.345;A:444:3.166;A:528:3.642;A:579:3.489;A:580:3.657
formal_forward_v2_active_merged41,middle,M_PUB_ALL,LIB_FLOXVEVSESQZRQ,LIB_FLOXVEVSESQZRQ__M_PUB_ALL__e8__s20260927,ec6c338fa5088b50f643da8961f8a240d557b4cf126e0934d0ac52826c7846f1,completed,-8.231,True,2.7119,37,3.3669986634983973,8,True,12,3.3207678328964825,A:411:3.367;A:444:3.411;A:528:3.969;A:579:3.588;A:580:3.551
formal_forward_v2_active_merged41,middle,M_PUB_ALL,LIB_SRDCKXVGOFJLJK,LIB_SRDCKXVGOFJLJK__M_PUB_ALL__e8__s20260927,d416f1be04b996c457389014ccd1fe72488c959a60e7230724b9731c5e8c8361,completed,-8.425,True,2.8538999999999994,38,3.260725379420965,9,True,10,3.2575360320340305,A:411:3.261;A:444:3.284;A:528:3.780;A:579:3.375;A:580:3.655
formal_forward_v2_active_merged41,middle,M_PUB_ALL,LIB_RUTKUCAFHHXWCX,LIB_RUTKUCAFHHXWCX__M_PUB_ALL__e8__s20260927,a73dc55ed68d5e51d03f7ba74a809d39cd8160b326bf7d466c818c7d0b15e9c3,completed,-9.062,True,2.8979,36,3.4025375824522497,11,True,7,2.917590444185064,A:411:3.604;A:444:3.418;A:528:3.403
formal_forward_v2_active_merged41,middle,M_PUB_ALL,LIB_BHIWBHXJQRREGM,LIB_BHIWBHXJQRREGM__M_PUB_ALL__e8__s20260927,1787dcb7638112502474946d2322cc527d31c00482282f5bffd6e30a6332ca26,completed,-9.028,True,2.2479999999999976,39,3.545584860075979,2,True,6,2.802274433384425,A:408:3.546
formal_forward_v2_active_merged41,middle,M_PUB_ALL,LIB_PTWXGAHPCIQUHL,LIB_PTWXGAHPCIQUHL__M_PUB_ALL__e8__s20260927,33b563ad7fa6ab929107995e03fb06cf1c67dc85bfc1baf597b0a7290eb8f9ea,completed,-8.705,True,3.2699,41,3.4103492489772944,2,True,10,2.915163631770951,A:536:3.410
formal_forward_v2_active_merged41,middle,M_PUB_ALL,LIB_WLXHZMYOVDOALX,LIB_WLXHZMYOVDOALX__M_PUB_ALL__e8__s20260927,68dac3db42ac431f0f8731f9624d2fd141b0bd26588786d8537c3be8f3c3e3d0,completed,-9.14,True,8.531999999999998,41,2.971530750303621,16,True,13,2.971530750303621,A:444:3.901;A:528:3.160;A:532:2.972;A:579:3.519;A:601:3.884
formal_forward_v2_active_merged41,middle,M_PUB_ALL,LIB_MNJJBVNCZHNWCS,LIB_MNJJBVNCZHNWCS__M_PUB_ALL__e8__s20260927,6a096c50ace0b4970dbf036088ff376513a314dd5269ddcae3f86091e447016a,completed,-9.395,True,2.0778999999999996,41,3.099361547157737,8,True,12,3.099361547157737,A:411:3.627;A:444:3.340;A:528:3.099;A:579:3.579;A:580:3.635
