compound_id,name,source_smiles,source_inchikey,rule_smiles,rule_inchikey,identity_scope,source_url,preparation_status,preparation_failure,score_kcal_mol,independent_qc_pass,middle_contact_4A,closest_middle_A,box_sha256,receptor_sha256,seed,exhaustiveness,pose_sha256,role,activity_claim,preparation_failure_interpretation
REF_CHEMBL115,indinavir anhydrous,CC(C)(C)NC(=O)[C@@H]1CN(Cc2cccnc2)CCN1C[C@@H](O)C[C@@H](Cc1ccccc1)C(=O)N[C@H]1c2ccccc2C[C@H]1O,CBVCZFGXHXORBI-PXQQMZJSSA-N,CC(C)(C)NC(=O)[C@@H]1C[NH+](Cc2cccnc2)CC[NH+]1C[C@@H](O)C[C@@H](Cc1ccccc1)C(=O)N[C@H]1c2ccccc2C[C@H]1O,CBVCZFGXHXORBI-PXQQMZJSSA-P,database_parent_identity_article_salt_and_batch_not_confirmed,https://www.ebi.ac.uk/chembl/api/data/molecule/CHEMBL115.json,prepared,,-9.102,True,True,2.899,3e4c7eb2c313edbe496068c9fb17790e7ca746567519836ed46131e5e7570d49,c024cc9efaf910ac11642cea4a4c701a0a88a335d7deb0d040320516d5a2eda1,20260927,8,4157c40a8ff9a39c089e0d7ae70deb7a0b5798fd32c444125077690b126f8bd2,same_protocol_computational_reference_not_direct_TMC1_positive,no_own_experiment,
REF_CHEMBL1201046,ceforanide,NCc1ccccc1CC(=O)N[C@@H]1C(=O)N2C(C(=O)O)=C(CSc3nnnn3CC(=O)O)CS[C@H]12,SLAYUXIURFNXPG-CRAIPNDOSA-N,[NH3+]Cc1ccccc1CC(=O)N[C@@H]1C(=O)[NH+]2C(C(=O)[O-])=C(CSc3nnnn3CC(=O)[O-])CS[C@H]12,SLAYUXIURFNXPG-CRAIPNDOSA-N,database_parent_identity_article_salt_and_batch_not_confirmed,https://www.ebi.ac.uk/chembl/api/data/molecule/CHEMBL1201046.json,blocked,rule pH7.4 form contains stable or unsupported unspecified stereocenter,,not_available,,,,,,,,same_protocol_computational_reference_not_direct_TMC1_positive,no_own_experiment,
REF_CHEMBL1397,posaconazole,CC[C@@H]([C@H](C)O)n1ncn(-c2ccc(N3CCN(c4ccc(OC[C@@H]5CO[C@@](Cn6cncn6)(c6ccc(F)cc6F)C5)cc4)CC3)cc2)c1=O,RAGOYPUPXAKGKH-XAKZXMRKSA-N,CC[C@@H]([C@H](C)O)n1ncn(-c2ccc(N3CCN(c4ccc(OC[C@@H]5CO[C@@](Cn6cncn6)(c6ccc(F)cc6F)C5)cc4)CC3)cc2)c1=O,RAGOYPUPXAKGKH-XAKZXMRKSA-N,database_parent_identity_article_salt_and_batch_not_confirmed,https://www.ebi.ac.uk/chembl/compound_report_card/CHEMBL1397/,prepared,,-8.71,True,True,3.155,3e4c7eb2c313edbe496068c9fb17790e7ca746567519836ed46131e5e7570d49,c024cc9efaf910ac11642cea4a4c701a0a88a335d7deb0d040320516d5a2eda1,20260927,8,3491ac70846a954114818954f403babed1ba2e27e96cc9c8bb89bdad720b62ce,same_protocol_computational_reference_not_direct_TMC1_positive,no_own_experiment,
REF_CHEMBL1735,indinavir sulfate,,,,,database_parent_identity_article_salt_and_batch_not_confirmed,https://www.ebi.ac.uk/chembl/api/data/molecule/CHEMBL1735.json,blocked,multiple components,,not_available,,,,,,,,same_protocol_computational_reference_not_direct_TMC1_positive,no_own_experiment,
REF_CHEMBL488093,pyritinol,Cc1ncc(CSSCc2cnc(C)c(O)c2CO)c(CO)c1O,SIXLXDIJGIWWFU-UHFFFAOYSA-N,Cc1ncc(CSSCc2cnc(C)c([O-])c2CO)c(CO)c1[O-],SIXLXDIJGIWWFU-UHFFFAOYSA-L,database_parent_identity_article_salt_and_batch_not_confirmed,https://www.ebi.ac.uk/chembl/api/data/molecule/CHEMBL488093.json,prepared,,-6.595,True,True,3.599,3e4c7eb2c313edbe496068c9fb17790e7ca746567519836ed46131e5e7570d49,c024cc9efaf910ac11642cea4a4c701a0a88a335d7deb0d040320516d5a2eda1,20260927,8,8a54c70774c3a9feccd91d2f8731a9733fe9813e9a466da5471fa02ed5a24c71,same_protocol_computational_reference_not_direct_TMC1_positive,no_own_experiment,
REF_CHEMBL554,lapatinib,CS(=O)(=O)CCNCc1ccc(-c2ccc3ncnc(Nc4ccc(OCc5cccc(F)c5)c(Cl)c4)c3c2)o1,BCFGMOOMADDAQU-UHFFFAOYSA-N,CS(=O)(=O)CC[NH2+]Cc1ccc(-c2ccc3ncnc(Nc4ccc(OCc5cccc(F)c5)c(Cl)c4)c3c2)o1,BCFGMOOMADDAQU-UHFFFAOYSA-O,database_parent_identity_article_salt_and_batch_not_confirmed,https://www.ebi.ac.uk/chembl/api/data/molecule/CHEMBL554.json,prepared,,-8.403,True,True,3.491,3e4c7eb2c313edbe496068c9fb17790e7ca746567519836ed46131e5e7570d49,c024cc9efaf910ac11642cea4a4c701a0a88a335d7deb0d040320516d5a2eda1,20260927,8,761b4019faa925067a5acb654a85df94d34bfb56451ee5624e6b791f7dc2407d,same_protocol_computational_reference_not_direct_TMC1_positive,no_own_experiment,
REF_CHEMBL623,nefazodone,CCc1nn(CCCN2CCN(c3cccc(Cl)c3)CC2)c(=O)n1CCOc1ccccc1,VRBKIVRKKCLPHA-UHFFFAOYSA-N,CCc1nn(CCC[NH+]2CCN(c3cccc(Cl)c3)CC2)c(=O)n1CCOc1ccccc1,VRBKIVRKKCLPHA-UHFFFAOYSA-O,database_parent_identity_article_salt_and_batch_not_confirmed,https://www.ebi.ac.uk/chembl/api/data/molecule/CHEMBL623.json,prepared,,-6.421,True,True,3.476,3e4c7eb2c313edbe496068c9fb17790e7ca746567519836ed46131e5e7570d49,c024cc9efaf910ac11642cea4a4c701a0a88a335d7deb0d040320516d5a2eda1,20260927,8,70bfa4bc031d13afe14a5028215532a4754ac029cb5c8326fb13402c5e35dc3a,same_protocol_computational_reference_not_direct_TMC1_positive,no_own_experiment,
REF_CHEMBL945,amiloride,N=C(N)NC(=O)c1nc(Cl)c(N)nc1N,XSDQTOBWRPYKKA-UHFFFAOYSA-N,,,database_parent_identity_article_salt_and_batch_not_confirmed,https://www.ebi.ac.uk/chembl/api/data/molecule/CHEMBL945.json,blocked,input has unspecified potentially stable atom or double-bond stereochemistry,,not_available,,,,,,,,same_protocol_computational_reference_not_direct_TMC1_positive,no_own_experiment,source-tautomer-dependent conservative source gate: supplied acylguanidine C=N Bond_Double0; blocked before protonation enumeration; not an unspecified tetrahedral center or established stable stereochemical ambiguity
REF_CHEMBL449782,cepharanthine,COc1ccc2cc1Oc1ccc(cc1)C[C@H]1c3c(cc4c(c3Oc3cc5c(cc3OC)CCN(C)[C@@H]5C2)OCO4)CCN1C,YVPXVXANRNDGTA-WDYNHAJCSA-N,COc1ccc2cc1Oc1ccc(cc1)C[C@H]1c3c(cc4c(c3Oc3cc5c(cc3OC)CC[NH+](C)[C@@H]5C2)OCO4)CC[NH+]1C,YVPXVXANRNDGTA-WDYNHAJCSA-P,database_parent_identity_article_salt_and_batch_not_confirmed,https://www.ebi.ac.uk/chembl/compound_report_card/CHEMBL449782/,prepared,,-7.015,True,True,3.207,3e4c7eb2c313edbe496068c9fb17790e7ca746567519836ed46131e5e7570d49,c024cc9efaf910ac11642cea4a4c701a0a88a335d7deb0d040320516d5a2eda1,20260927,8,534325f409667a464415e0f2a5410c8e41809fcabaa387f86a3928a9e28eb295,same_protocol_computational_reference_not_direct_TMC1_positive,no_own_experiment,
REF_CHEMBL1365675,amitraz,Cc1ccc(/N=C/N(C)/C=N/c2ccc(C)cc2C)c(C)c1,QXAITBQSYVNQDR-ZIOPAAQOSA-N,Cc1ccc(/[NH+]=C/N(C)/C=[NH+]/c2ccc(C)cc2C)c(C)c1,QXAITBQSYVNQDR-ZIOPAAQOSA-P,database_parent_identity_article_salt_and_batch_not_confirmed,https://www.ebi.ac.uk/chembl/compound_report_card/CHEMBL1365675/,prepared,,-6.982,True,False,9.662,3e4c7eb2c313edbe496068c9fb17790e7ca746567519836ed46131e5e7570d49,c024cc9efaf910ac11642cea4a4c701a0a88a335d7deb0d040320516d5a2eda1,20260927,8,a3776a4e5c96a8e5117b329c522d93f9d18e8e75772a8c1a49a027db56088841,same_protocol_computational_reference_not_direct_TMC1_positive,no_own_experiment,
REF_DENATONIUM_GTOP12433,denatonium,CC[N+](CC)(CC(=O)Nc1c(C)cccc1C)Cc1ccccc1,ZFQMTVNLDNXRNQ-UHFFFAOYSA-O,CC[N+](CC)(CC(=O)Nc1c(C)cccc1C)Cc1ccccc1,ZFQMTVNLDNXRNQ-UHFFFAOYSA-O,cation_only_benzoate_counterion_excluded_no_stable_stereocentre,https://www.guidetopharmacology.org/GRAC/LigandDisplayForward?ligandId=12433,prepared,,-6.397,True,True,3.226,3e4c7eb2c313edbe496068c9fb17790e7ca746567519836ed46131e5e7570d49,c024cc9efaf910ac11642cea4a4c701a0a88a335d7deb0d040320516d5a2eda1,20260927,8,318227c8cf0c00cc12c5930008c059c3901fe43930904a3d755f3ed27372caeb,same_protocol_computational_reference_not_direct_TMC1_positive,no_own_experiment,
