compound_id,run_id,independent_qc_pass,failure_reason,score_kcal_mol,pose_sha256,status,independent_qc_evidence,rule_charge,exchangeable_N_indices,pdbqt_partial_charge_sum,pdbqt_charge_abs_difference,charge_parameterization_warning,vina_log_table_score_kcal_mol,pose_heavy_atoms,min_receptor_A,severe_pairs_under1p5_A,min_box_margin_A,closest_middle_A,middle_contact_4A,log_sha256
GEN_FJAATUDLBLEIEO,GEN_FJAATUDLBLEIEO__M_PUB_ALL__e8__s20260927,True,,-5.547,191190362927a617729ab5a29e20bf0e8a6ee7335fda41f7c14021414ada4ab1,completed,R3_top10_independent_qc.csv,-1,[],-1.002,0.002,False,-5.547,20,2.941,0,7.081,3.289,True,92581c47bd530018778f14374847983f392a3e114c4b180c5736eb9ea0ff41e3
GEN_GMELVXXUXAFBRT,GEN_GMELVXXUXAFBRT__M_PUB_ALL__e8__s20260927,True,,-7.315,225067ba1431367313d8577baa31a3afd4c9b90adad7215b2f4d1968e144012d,completed,R3_top10_independent_qc.csv,0,[],-0.0,0.0,False,-7.315,18,3.374,0,2.958,5.401,False,0f3ec91e65569084d9cb20afdbc93c36992e4524dbb22f52fa68254926a40ded
GEN_MMCYVXCTOYXZNR,GEN_MMCYVXCTOYXZNR__M_PUB_ALL__e8__s20260927,True,,-5.182,e6dfda3eb38f25925413b205b7f1d92f09e0d324d823d31b0f061e8908c57e06,completed,R3_top10_independent_qc.csv,1,[],0.998,0.002,False,-5.182,27,3.013,0,7.286,3.101,True,7b70f523d41eeb5b896bbe584c40193f238494c3ff2719b690228bf6f4f83515
GEN_MXEVTEPPWHDMMK,GEN_MXEVTEPPWHDMMK__M_PUB_ALL__e8__s20260927,True,,-5.553,96fc5bf13fe39b9fd411d1e1c2aa1776f8ae10e81f69db3e250fd2be2b361c6b,completed,R3_top10_independent_qc.csv,-1,[],-0.999,0.001,False,-5.553,25,3.182,0,8.902,3.182,True,e93bdeaa4ed46d77afcee0247cb9dc9826bf155ecb7b825a84cbad5b95933066
GEN_MZINFKXFDUJXKN,GEN_MZINFKXFDUJXKN__M_PUB_ALL__e8__s20260927,True,,-5.911,e2547d2cb5e9babb6475dce8ecef3fc0244e94693bba6452353363cbe7431f70,completed,R3_top10_independent_qc.csv,-2,[],-1.999,0.001,False,-5.911,18,3.406,0,8.748,3.527,True,3f8901394b76f6fc3b24fc633955de1f84e317ee3383f62ca8956b75671e4944
GEN_POIOHHCKCDKCNL,GEN_POIOHHCKCDKCNL__M_PUB_ALL__e8__s20260927,True,,-6.671,6ca6530f2dab35481ae5956e999ef02327441b85912757c2064805737fb3d0fe,completed,R3_top10_independent_qc.csv,0,[],0.001,0.001,False,-6.671,21,2.876,0,0.75,6.773,False,27fb67cd2c64ab0ec8f74393716d824a9b627ffb35abbf1e11c7546ebd3284aa
GEN_QRDMPGSIPKNLPR,GEN_QRDMPGSIPKNLPR__M_PUB_ALL__e8__s20260927,True,,-7.115,6b9cfa9b293b4e938bf3ed75a04600cfda39a781a5c147d7a57cc7f50e439ef2,completed,R3_top10_independent_qc.csv,2,[9],2.002,0.002,False,-7.115,21,2.999,0,0.197,6.926,False,d090e74246c2d2b9ea205a1fce5c7fd11bf6c412ef71f0ff7a39a78713d25ba7
GEN_SGWFKASVEJFYMJ,GEN_SGWFKASVEJFYMJ__M_PUB_ALL__e8__s20260927,True,,-5.479,53a3e092a5d7b2cbd6e83579e9c98745956ddc7e552e2fecb861887df2022020,completed,R3_top10_independent_qc.csv,2,[17],2.0,0.0,False,-5.479,24,3.077,0,7.769,3.586,True,82ef513d4af507287540c089f39cfd926a1e6e0d5f2c7b70b14e1f715f614a89
GEN_VKHGWFHYWMHWQH,GEN_VKHGWFHYWMHWQH__M_PUB_ALL__e8__s20260927,True,,-6.935,2c508c596cc301262b8986ee51b042964d68cde97c4ab22f01379e7b00d120ae,completed,R3_top10_independent_qc.csv,0,[],-0.003,0.003,False,-6.935,20,3.456,0,1.977,7.389,False,8d995ddcc0d15350b2578f7787c5ff52abf33601f017a2d87af1a5aa59ac8714
