release_path,original_source_bytes_sha256,release_bytes_sha256,bytes,metadata_anonymized_or_normalized,coordinates_and_scores_not_altered
2025_dye_active12_and_amitraz_source_map.csv,23a8f557ffece0426ac756a5910de8189a17f212ce127a5f210a7ef9ef4c984b,23a8f557ffece0426ac756a5910de8189a17f212ce127a5f210a7ef9ef4c984b,4824,False,True
denatonium_execution.log,ca4a48855bc5d123ed866f929fd5bec27cf68189682802eadd75092a430348ce,36ff6cb3276e04580c910b5064c6101c6b009c801ca2308db248c46013c4ebf8,2758,True,True
denatonium_execution_plan.json,0000d3cf18f10af3420fd2cc6412c0e9fc147164bd631d92325c2cda1eaf774d,7450d7ea1640b0eb9a88c1a0bffa5b5f09183f69720c7c6187d97742ca2fbb5d,875,True,True
denatonium_execution_receipt.json,779f1be6f2991a29615d29bea7c4c01d16c75be7b535529c710c89f8a2d7db30,326565e44defdcd2405a8eb5052532ac26b40f8e5b1ca7cad61c690558518007,948,True,True
denatonium_input.csv,cd3fa0f4e395efd5bad12b418756a0bea395bf0c5313f1c0b218e919519b1184,cd3fa0f4e395efd5bad12b418756a0bea395bf0c5313f1c0b218e919519b1184,393,False,True
eligible_ranked_162.csv,79ddcaa3fc07278858fd6ca513930f9c8808b07c2b72100a53c0cb4b8177b134,79ddcaa3fc07278858fd6ca513930f9c8808b07c2b72100a53c0cb4b8177b134,108064,False,True
FREEZE.json,392599d3e1dfe45410f2a63a8720e2938ba756b8f1f50ab05d4f3ab352fc582b,36a985904263b091aae7b20495880f174327d704b290527331643af47bad6c65,1085,True,True
frozen_top10.csv,be95bedcc0fffc7b932cea214991f7b06433488590f8545e4d0c655f2ff6bca4,be95bedcc0fffc7b932cea214991f7b06433488590f8545e4d0c655f2ff6bca4,7770,False,True
prior_gatebox_reference_results_separate.csv,0def0da6a5e2bf17e0118dfade3940cef6838d8e25dddb2d6fe2eba9d127422b,0def0da6a5e2bf17e0118dfade3940cef6838d8e25dddb2d6fe2eba9d127422b,947,False,True
R3_amiloride_independent_chemistry_review.md,c12f75b35d15737cb7dce00a91cd7a4997ecad9895e2200b0f908ad4c6b083ff,c12f75b35d15737cb7dce00a91cd7a4997ecad9895e2200b0f908ad4c6b083ff,4749,False,True
R3_denatonium_independent_qc.csv,fa4f571c681a6f082975e7d06190471837176392bedc49d32fe8b1c3160700fa,dd9c778a2c302685016d5d83299f0f8d834c9e9fe27ab6e25e659966d18dbc1f,703,True,True
R3_denatonium_independent_qc_summary.json,1ccfe0b5cd9b4fce078b064b2c4d03ea7977a6cd0e70790c83c1980705c6f81a,71a05013c642f7e9d62c3916b53688ce80d9505f1bdb81b02b02d8abc6bf9a22,353,True,True
R3_reference_independent_qc.csv,c3b7220f5bb02d08ed648edb5e2ab1d4fd3a07ab8cac836f9c7d8515a51280c7,67e53c2521db14fb21bb64d8743fb1d83217f8475f591e30f679e927ef59f8f8,2495,True,True
R3_reference_independent_qc_summary.json,1dc3f2da32f8542331e914e74947ede50152460f3aca3a89819a9907f4cadfc6,4172d549960300db344af544e7cb7481719a405856ffa02a376cb4e2d5219b4b,358,True,True
R3_reference_replay_table.csv,b9a3f25bed4f0f23b51a285a513468ff497f9be4a59d50a4fd94cbf5a9b18290,b9a3f25bed4f0f23b51a285a513468ff497f9be4a59d50a4fd94cbf5a9b18290,7139,False,True
R3_same_protocol_score_comparison.pdf,c79e697d4afdfa011d9984bef037370b6d42aa997d6ea24a64dd5c8cb0f6d467,c79e697d4afdfa011d9984bef037370b6d42aa997d6ea24a64dd5c8cb0f6d467,27659,False,True
R3_same_protocol_score_comparison.png,c6425c521131ea0cb6ab3e5b1ed5e42ebd7a2369cbe9725bc422aa5b14da188b,c6425c521131ea0cb6ab3e5b1ed5e42ebd7a2369cbe9725bc422aa5b14da188b,184575,False,True
R3_supplement_summary.json,3826f99805adff85002a28c142d2de63ab3834c05b33ebefc6d9c6633f1ed398,521887916492072b52ba8627e2fffde2c3cd620bdefbeacfda11c0a83b39e5ff,720,True,True
R3_top10_independent_qc.csv,4513ada283e2128e3313fc38c3036ef8235908b69812683ff91a6b6a79101205,c9b11a9dab4e83c326ce6ae72cc8df78456cb1a70bef3bb54d47d37904de5ea9,3124,True,True
R3_top10_independent_qc_summary.json,d331887a250312e9c6a54cf9e489862849c14823c7e131cd94755c83089c914b,cd010225d332a9a0470619fab915bfa1e540c96ad3af8ae6972ac4fdb8e2bf30,348,True,True
R3_top10_replay_table.csv,1bd95439c59d18f5ab6ac31ccb9cbb3d729a646fdd7e5c5c78e7a8d5f97ea81a,1bd95439c59d18f5ab6ac31ccb9cbb3d729a646fdd7e5c5c78e7a8d5f97ea81a,3717,False,True
R3_三层参考验证页.html,9170c73613da844bc40f16e2fee2f78457ed65ca6f50416fb9f3abe1ed9e1266,9170c73613da844bc40f16e2fee2f78457ed65ca6f50416fb9f3abe1ed9e1266,6415,False,True
R3_三层参考验证页.pdf,37f0d93f0e56c97a3e3c8929e9ed7c9519417321300550f9a318b422e39deecd,37f0d93f0e56c97a3e3c8929e9ed7c9519417321300550f9a318b422e39deecd,233339,False,True
R3_三层参考验证页.png,0af136f58aec828c9b6451a610da403b5c8ecfdc6052cb12ae8551cf5e6941f8,0af136f58aec828c9b6451a610da403b5c8ecfdc6052cb12ae8551cf5e6941f8,315812,False,True
R3_交付说明.md,99c854a9b17b3dfb5c6c22da5c652de6336bfcd9b4d2ce7b11dc23bd1b564934,99c854a9b17b3dfb5c6c22da5c652de6336bfcd9b4d2ce7b11dc23bd1b564934,1892,False,True
reference_execution_plan.json,6fac1f44d82b802b7d11996203bf716106d28ac156c77f6c98d75f304083deba,1d9fb3b976064ae465cb97cc3a6ed06bd04022929edae0b06b4f5dc35bb5bb32,948,True,True
reference_execution_receipt.json,14f92be0cd01fe46b527af65133a05d13b14962ee9371d530b533b373728ad16,734bac07e8d94a5bddec82eff7f3d85be4b47b31d87833f7e5200dbb24a3ab89,1021,True,True
reference_identity_inputs.csv,53fa5980703fd8ea0c3caefae12080d9f11992d4ed1881c4a144a998ea557e0b,71d5abe8bd578ef17e49882422c551dcd54760896aff6e10ea327a05fdc8fc28,4015,True,True
reference_panel_execution.log,6dfd6451852a29c8a1aa51fd10d5fb408b2b14ddbba12283c0124528e54474c2,90af4fb28a3c266a6b448b856f9a283b0369573652d5ee2adb0f3242102b2409,3530,True,True
remaining_177.csv,025c00a9ddff957feedd05028474cd9d472ca9a4544950fe374457ffac2c91f3,025c00a9ddff957feedd05028474cd9d472ca9a4544950fe374457ffac2c91f3,117763,False,True
verified_paper_MET_reference_members.csv,0a7c313757f6a3584fef6d635de52ad7f83af3a5681788dde65b74ab9448fd51,0a7c313757f6a3584fef6d635de52ad7f83af3a5681788dde65b74ab9448fd51,2116,False,True
versions_and_protocol_sources.json,ca0250a04936ac992457cb72f2d858b471e1b9762bd88c986926769b42b83e4c,45c57146768459fd1537e9fc3d5fe3d786c9c94b6421d89bbd784c12d548dba3,1762,True,True
raw_runs/denatonium/job_ledger.csv,3182003b6cec502510636a86f993d3275346a0ed9e636e5e34f8b633ed2e4c83,437a4c8173e23f775960277f549c57917b9bf84f8d3a0ab0a9e856f96bdcb255,3928,True,True
raw_runs/denatonium/plan.json,e4d54bed470385193a4a036024d9aee0d48596d8309b3e21195acc1ca9dc1ef1,5db731445c80d80667d6f7b1b056c4279bbc8487091500874192dfa817c6e5ec,2136,True,True
raw_runs/denatonium/preparation_ledger.csv,374e0f093ef8c958fbd56ab7dfd5019512e877c7f99ae63a74428ae8e1344bdc,6db8bf724dd56eb9bfc30f88afebe9eab5245e7fc9ca22f2b1036b0755f7abaa,1670,True,True
raw_runs/denatonium/summary.json,a0ba2e7b6dedba4b2b697bee033f361e812dee5b470d730b042ee4cb7de4e886,8a85c3b231668cc2f1dc6a6f270ebd5ae92c7b90f5cb9a21131917e4ca0139c3,2547,True,True
raw_runs/reference_panel/job_ledger.csv,4ecf0d4eea0f071d50825637ae7617cdbc7e26faa297e0e0fc6a81c5750ecaa8,7319b6d0d091d4c3f85bf0d19ae166859711d1eb7e9d69fbb3c08591863928a8,20840,True,True
raw_runs/reference_panel/plan.json,a7dff6d49b052c895d6625eb6648c8e830ea579a9273df59f7b53662d3652c21,7c4015ab957ec33de6e0fedc65b64ce62500c8659539d1a308234bce70f7382e,2147,True,True
raw_runs/reference_panel/preparation_ledger.csv,2fab80848ed845a38a2433add7bb36693734a9719e31fc3f1c08a80d7bccea49,a3e2b67e8005f07492b8a94ed45c867dcdff88d245a295dcd97f93deef080734,11731,True,True
raw_runs/reference_panel/summary.json,0109ac3d9859e20cc220b51c18db0314932790de8d831bbce8052c2b7b7f5fbf,38bb5417114b15a4f0849f82d18f9a921e4493b9cd831a4b8782377ba69f0f48,2564,True,True
raw_runs/top10/job_ledger.csv,1fd43d668fed009233335b19b64cf61999646638e2413a28fafd426de88c344d,c2667e8b6f2dbb3854c1c9021c8764a0e78dda8bf665bc1bbe3d2826bacb428f,27642,True,True
raw_runs/top10/plan.json,bc55cd03dde352eaa0b9a0a8d0d1ff60e9e54855acf66d674014f9dd95b1bc19,b1e92807e712369b6b6ee5da65a5f79314a4371ee8fe0f834e98ad501018fd5c,2134,True,True
raw_runs/top10/preparation_ledger.csv,9b517a83f6ec1fa61b483e9c94aaac56257dde31c5a570b6919405a1c106352d,c245983571128d2ab54002d7e7de98ccd4f812bc7b5e61826d3e564826a72996,14471,True,True
raw_runs/top10/summary.json,667b87a474a2bfc470298298aa91b6f7f4aca4a3fa6ca1d876c0eafa33707f1a,76c9e67fb982c6dd4c2dc4ba50047e30e5e762d1d82a1e305a70c817a770c4ab,2542,True,True
raw_runs/denatonium/ligands/REF_DENATONIUM_GTOP12433.pdbqt,44de7b7cf45c38dd6657c8d198f66f85f3a76545b682ac1d12da9d7d1e714a4f,44de7b7cf45c38dd6657c8d198f66f85f3a76545b682ac1d12da9d7d1e714a4f,2557,False,True
raw_runs/denatonium/ligands/REF_DENATONIUM_GTOP12433.sdf,cd80bb02cc47672f2cbffd3dc26684a6c5270ea808c4e9d238a5baa374d67917,cd80bb02cc47672f2cbffd3dc26684a6c5270ea808c4e9d238a5baa374d67917,4621,False,True
raw_runs/denatonium/logs/REF_DENATONIUM_GTOP12433_preparation.json,c3ee25d04686941f7b4785d506432d7ad108c7d15b0fcefb4791230b55192367,032b20b2a368e69df1b1eb04c64ae07a11d0e55a4693cd80082e10e99ec29eb7,1926,True,True
raw_runs/denatonium/logs/REF_DENATONIUM_GTOP12433__M_PUB_ALL__e8__s20260927.json,45003cb2afe3e9e935c06cbf3ff1ca2c7c6676bf51af6631103a4efb65e9b749,671a900e6ad813600cf89ea590ab13e2abcce3d6a7f85d0e75ec80f070258ef7,4486,True,True
raw_runs/denatonium/logs/REF_DENATONIUM_GTOP12433__M_PUB_ALL__e8__s20260927.log,ab8d185fcf555a676d74d7a9afdc2c3030b0dcec5cd7d03a5c9d421c539eebeb,38da6889c4dd92ec48b18ed51049dcc1d99562c550e0c80b53632947ca50976d,2266,True,True
raw_runs/denatonium/logs/REF_DENATONIUM_GTOP12433__M_PUB_ALL__e8__s20260927_export.log,e3b0c44298fc1c149afbf4c8996fb92427ae41e4649b934ca495991b7852b855,e3b0c44298fc1c149afbf4c8996fb92427ae41e4649b934ca495991b7852b855,0,False,True
raw_runs/denatonium/poses/REF_DENATONIUM_GTOP12433__M_PUB_ALL__e8__s20260927.pdbqt,318227c8cf0c00cc12c5930008c059c3901fe43930904a3d755f3ed27372caeb,318227c8cf0c00cc12c5930008c059c3901fe43930904a3d755f3ed27372caeb,25488,False,True
raw_runs/denatonium/poses/REF_DENATONIUM_GTOP12433__M_PUB_ALL__e8__s20260927.sdf,60b25d19985d34a0d97b985a83303af330659f7d1fde4fbb153cbd034a63de4c,60b25d19985d34a0d97b985a83303af330659f7d1fde4fbb153cbd034a63de4c,43206,False,True
raw_runs/reference_panel/ligands/REF_CHEMBL115.pdbqt,b3001179e842bfa197532df09f21faf166e454edbcd469fe9de0f0f8a9d2afe5,b3001179e842bfa197532df09f21faf166e454edbcd469fe9de0f0f8a9d2afe5,5165,False,True
raw_runs/reference_panel/ligands/REF_CHEMBL115.sdf,39151841d014fd0e95a078d4e26b25b1df3c2f706805b7ea644a1aaf99985fe7,39151841d014fd0e95a078d4e26b25b1df3c2f706805b7ea644a1aaf99985fe7,8156,False,True
raw_runs/reference_panel/ligands/REF_CHEMBL1365675.pdbqt,ef677683a7ad44218362ab23d760fce7f36fb6258de492928a2603ce04e6e00f,ef677683a7ad44218362ab23d760fce7f36fb6258de492928a2603ce04e6e00f,2354,False,True
raw_runs/reference_panel/ligands/REF_CHEMBL1365675.sdf,311c54e888994d95c66b8cd159bec0ed29c0737ae3e1ea714ffa5966133c9aa2,311c54e888994d95c66b8cd159bec0ed29c0737ae3e1ea714ffa5966133c9aa2,4119,False,True
raw_runs/reference_panel/ligands/REF_CHEMBL1397.pdbqt,5a0d1e098d8d77f4573ff6d5a6fe64ee3a16de9587d7adcf24a6afbc6670afef,5a0d1e098d8d77f4573ff6d5a6fe64ee3a16de9587d7adcf24a6afbc6670afef,5218,False,True
raw_runs/reference_panel/ligands/REF_CHEMBL1397.sdf,8c0efb7158db041e4ca14ec91e987de203d5cb38e18b34c27ef9bd07b9635290,8c0efb7158db041e4ca14ec91e987de203d5cb38e18b34c27ef9bd07b9635290,8072,False,True
raw_runs/reference_panel/ligands/REF_CHEMBL449782.pdbqt,0fd9adccda9cc58ea40e66f410a4873062e03cb7e5094add61ba6755c3e179e5,0fd9adccda9cc58ea40e66f410a4873062e03cb7e5094add61ba6755c3e179e5,4828,False,True
raw_runs/reference_panel/ligands/REF_CHEMBL449782.sdf,16c4f84acdcf60023b7cc05ee214da40c6a7fed3c0de99644e80c9bcb7986a47,16c4f84acdcf60023b7cc05ee214da40c6a7fed3c0de99644e80c9bcb7986a47,7433,False,True
raw_runs/reference_panel/ligands/REF_CHEMBL488093.pdbqt,e320486d48df0e36657e299b5be128014d6073e85918c05ef7494ad545dbe8bd,e320486d48df0e36657e299b5be128014d6073e85918c05ef7494ad545dbe8bd,2717,False,True
raw_runs/reference_panel/ligands/REF_CHEMBL488093.sdf,a5af462de0ed4606606c8723413c8d3d200ad7590007f5a9a9f8cc955f641924,a5af462de0ed4606606c8723413c8d3d200ad7590007f5a9a9f8cc955f641924,3694,False,True
raw_runs/reference_panel/ligands/REF_CHEMBL554.pdbqt,3848c4f5a4ee8c10fdaddd9a5bb9617e4af535ddc44e6faf4f4051f614635e5c,3848c4f5a4ee8c10fdaddd9a5bb9617e4af535ddc44e6faf4f4051f614635e5c,4315,False,True
raw_runs/reference_panel/ligands/REF_CHEMBL554.sdf,35a2d65d877a56413ff5b40765e40c84592af3e8e64193254c9a04566d45186c,35a2d65d877a56413ff5b40765e40c84592af3e8e64193254c9a04566d45186c,5853,False,True
raw_runs/reference_panel/ligands/REF_CHEMBL623.pdbqt,a4b248ffb17b470223b69a5c3b5a15bb5c1fd83c4eb14f4f5a4d9312a824e5dd,a4b248ffb17b470223b69a5c3b5a15bb5c1fd83c4eb14f4f5a4d9312a824e5dd,3480,False,True
raw_runs/reference_panel/ligands/REF_CHEMBL623.sdf,b4f11a1baf0989138c5870267ab67a29b1f9df8858cd08ca9083a51eb921391c,b4f11a1baf0989138c5870267ab67a29b1f9df8858cd08ca9083a51eb921391c,5754,False,True
raw_runs/reference_panel/logs/REF_CHEMBL115_preparation.json,d5db73428171741292d7ea6658c1ff06f40d386c0b7d2c35f7468e26caa2751a,0b52a98b96299093336e3c65cd6c1014db33bb08e1233ee847db2f480c3c8502,2439,True,True
raw_runs/reference_panel/logs/REF_CHEMBL115__M_PUB_ALL__e8__s20260927.json,a7d12bc46f66ad1dc3036dd87812cff70ed8f629f4df26d88a0310c31db8674e,80e83a5664f7e1287fc5b1b1079ecae0edefcf71e6898a2db85611bfd25c0a80,4954,True,True
raw_runs/reference_panel/logs/REF_CHEMBL115__M_PUB_ALL__e8__s20260927.log,0787d5c993ae53bfb46f6b89d0fc1a749fbc0308abfc3e4d1869952925091070,7d64bedab203da20f72b13b24fb731a46d7c94ff88e9bc1cd2972e534775beaf,2260,True,True
raw_runs/reference_panel/logs/REF_CHEMBL115__M_PUB_ALL__e8__s20260927_export.log,e3b0c44298fc1c149afbf4c8996fb92427ae41e4649b934ca495991b7852b855,e3b0c44298fc1c149afbf4c8996fb92427ae41e4649b934ca495991b7852b855,0,False,True
raw_runs/reference_panel/logs/REF_CHEMBL1201046_preparation.json,2e86b340269671f81859ce54a439c7edf278345b878fcd898da9d7e87dc80cff,b300de8a0328dd2d6c6d8214c4f25467f868098e99ed2bf965f59efb27501039,1800,True,True
raw_runs/reference_panel/logs/REF_CHEMBL1365675_preparation.json,95f7650fd9130b1446aa54c00567fe47c6cb0c3d6a8301f32b8a1207bbe0a2de,1da72226ce38221399a7aefac07a3eb7759325d4b91dc660564c7f4244a2d0ff,2128,True,True
raw_runs/reference_panel/logs/REF_CHEMBL1365675__M_PUB_ALL__e8__s20260927.json,e8a9da1ccbc6b9656321ffd11d98da51be93cd004ec73500b339997ae2dff61f,ec8af801e897e93c8f5549567c40f74730a0c0a6ea9b04dfccaa723e6585fef4,4672,True,True
raw_runs/reference_panel/logs/REF_CHEMBL1365675__M_PUB_ALL__e8__s20260927.log,1c4e87986ae26bf2887f1bf78678c927bda43bfb45e368d2b3e53fa4d845a611,f59838cbfd0989436dddb56abcbcabdac74518b83814fedbc8b67a1c049c6305,2264,True,True
raw_runs/reference_panel/logs/REF_CHEMBL1365675__M_PUB_ALL__e8__s20260927_export.log,e3b0c44298fc1c149afbf4c8996fb92427ae41e4649b934ca495991b7852b855,e3b0c44298fc1c149afbf4c8996fb92427ae41e4649b934ca495991b7852b855,0,False,True
raw_runs/reference_panel/logs/REF_CHEMBL1397_preparation.json,f28d56b0d7aa16e0a05eed74ab972d44a984662f2e8dcb4d2a356db43ccdd3ed,09af507b21c5394ddf9e4f4c999da62c69508eb78a2f01170b5a6405e226fd09,2447,True,True
raw_runs/reference_panel/logs/REF_CHEMBL1397__M_PUB_ALL__e8__s20260927.json,a34112b89ea823afd3c2ab4a5b810ad097355a781eb7e7181294f0dd399f8c4c,2f8b67ab69519ad020746ea9a73fbfa8b794efaf188f4c939c822e5186cc2e4b,4967,True,True
raw_runs/reference_panel/logs/REF_CHEMBL1397__M_PUB_ALL__e8__s20260927.log,d6c02737db326bc8e71fa8686edde5994976790e34514cc702b10456a85adee1,bdcc2ad9be2a5bbd4f7476cfcf8de97ce697eb8b53e19987fdf54ad3719262be,2261,True,True
raw_runs/reference_panel/logs/REF_CHEMBL1397__M_PUB_ALL__e8__s20260927_export.log,e3b0c44298fc1c149afbf4c8996fb92427ae41e4649b934ca495991b7852b855,e3b0c44298fc1c149afbf4c8996fb92427ae41e4649b934ca495991b7852b855,0,False,True
raw_runs/reference_panel/logs/REF_CHEMBL1735_preparation.json,f435228bdb0accdeefdc5e7cc1d2ea393af15824acd3b43d4e74dfeaa81cf91b,58b4fe6982f0dd1adb7fb3eba0f3110ce32891df50c5063481e7756d5a9b8d3b,1078,True,True
raw_runs/reference_panel/logs/REF_CHEMBL449782_preparation.json,b31b8f68df0e39e58c0322df3d22e54ae714c7ea7da86e5b3b198e4b27a6a186,36f4e44ecac671b7962696106de272d2e420a23d909856f7f729daa447272f07,2395,True,True
raw_runs/reference_panel/logs/REF_CHEMBL449782__M_PUB_ALL__e8__s20260927.json,ce6da9be1a0d02b90d0a57ea1d1f4e551ac8574a9a4ef9022f241c88b1705fd3,a489535c300d92dfffdeeb8b2eb64001dccb675800e1e001615dea243fc0abdd,4920,True,True
raw_runs/reference_panel/logs/REF_CHEMBL449782__M_PUB_ALL__e8__s20260927.log,3ed2c31b3b6b30f53c9138fa4a2cbe31e0a9fd1d69047129556b3b24fbc45edb,67c94873bdc805f4a959f722ea61e0c61336d7695a97de367c71340c777ecfcc,2263,True,True
raw_runs/reference_panel/logs/REF_CHEMBL449782__M_PUB_ALL__e8__s20260927_export.log,e3b0c44298fc1c149afbf4c8996fb92427ae41e4649b934ca495991b7852b855,e3b0c44298fc1c149afbf4c8996fb92427ae41e4649b934ca495991b7852b855,0,False,True
raw_runs/reference_panel/logs/REF_CHEMBL488093_preparation.json,756e439f34e97a8ac04ac055ec622585080bc07b5d0c91c7b01425855397a44d,37a8c6c7350f1e36d3435a0d47817a3a2ca0f4c6adedd792f8212832538d0985,2081,True,True
raw_runs/reference_panel/logs/REF_CHEMBL488093__M_PUB_ALL__e8__s20260927.json,c821f25ef33768f8aedce71b0566d6b40402f532205c9d1b42ec5ddd5ef5e1c4,809e52d3a575c23ea44b5c59135b1eb1565ea1dac4d3a2977c2597380799639c,4617,True,True
raw_runs/reference_panel/logs/REF_CHEMBL488093__M_PUB_ALL__e8__s20260927.log,2a2c7e9a0d8bfefa5ed0eaa4e58b80f4273ba5a7fb99edf12f96097059ae6048,f9f7ebb38ef9625b3351734cb6b60e7839948c4e024bbba9bd34f4f38c1af10d,2263,True,True
raw_runs/reference_panel/logs/REF_CHEMBL488093__M_PUB_ALL__e8__s20260927_export.log,e3b0c44298fc1c149afbf4c8996fb92427ae41e4649b934ca495991b7852b855,e3b0c44298fc1c149afbf4c8996fb92427ae41e4649b934ca495991b7852b855,0,False,True
raw_runs/reference_panel/logs/REF_CHEMBL554_preparation.json,751651f0ca5abf846239c1c0f8215c23e7af5870ec4a171f870a5adebfe1b9ae,650ca5ddd31c55ded072a08636da27f4524490788f9338cd77494654405a0247,2224,True,True
raw_runs/reference_panel/logs/REF_CHEMBL554__M_PUB_ALL__e8__s20260927.json,5e637d12aa395a73a270b9759ba8ea88e5fd6d25f286a975f5f47b365caa17b2,24132a5a17c68afbf3604d162171cab349850db76c6e531dbebd21eebe715d6c,4736,True,True
raw_runs/reference_panel/logs/REF_CHEMBL554__M_PUB_ALL__e8__s20260927.log,9901a32e89df0e62fa4bb024a6d5df45b704af7b9d8fcf24e0c4603589b61a35,6787139738d3ca276cac56846e09cdeb73035776710d991349c8a3b6ff6b7648,2260,True,True
raw_runs/reference_panel/logs/REF_CHEMBL554__M_PUB_ALL__e8__s20260927_export.log,e3b0c44298fc1c149afbf4c8996fb92427ae41e4649b934ca495991b7852b855,e3b0c44298fc1c149afbf4c8996fb92427ae41e4649b934ca495991b7852b855,0,False,True
raw_runs/reference_panel/logs/REF_CHEMBL623_preparation.json,308ad4c05f9d4dbfedff48053d3dc0c401b087b278029b307de99774b6106122,b5db81f858d520b3a15500770cf9633e69adaba56a16ab88e0f88601e63930fb,2138,True,True
raw_runs/reference_panel/logs/REF_CHEMBL623__M_PUB_ALL__e8__s20260927.json,e7f5011f25956636720fddf8c2fc8a4d17ddca28d44daa9c09760f69f93f6cce,5990b1814cedceaae11fd14805bc377b2a1107c9a92e9302394f9900f6210098,4642,True,True
raw_runs/reference_panel/logs/REF_CHEMBL623__M_PUB_ALL__e8__s20260927.log,9191a0557c11b897ce12df663b92b1b92bc07a34646ffba8cc6219f7b990c4e3,d6bfc684991a5ba5029c960991329d05126d26664cb10157ab6a572a7fddb9ab,2260,True,True
raw_runs/reference_panel/logs/REF_CHEMBL623__M_PUB_ALL__e8__s20260927_export.log,e3b0c44298fc1c149afbf4c8996fb92427ae41e4649b934ca495991b7852b855,e3b0c44298fc1c149afbf4c8996fb92427ae41e4649b934ca495991b7852b855,0,False,True
raw_runs/reference_panel/logs/REF_CHEMBL945_preparation.json,76b965345c840353a917ea5cf15a1b196c0174fbcad930f48f8879b3b6d202b2,80e2639d987316465cd2741fb077b87657e66b133cb8222d3026d90df9f26a5b,1337,True,True
raw_runs/reference_panel/poses/REF_CHEMBL115__M_PUB_ALL__e8__s20260927.pdbqt,4157c40a8ff9a39c089e0d7ae70deb7a0b5798fd32c444125077690b126f8bd2,4157c40a8ff9a39c089e0d7ae70deb7a0b5798fd32c444125077690b126f8bd2,49338,False,True
raw_runs/reference_panel/poses/REF_CHEMBL115__M_PUB_ALL__e8__s20260927.sdf,33552dc0388adb7ae86f9a4c0b33ac2bb93cb8a113abc7296983078773ae1910,33552dc0388adb7ae86f9a4c0b33ac2bb93cb8a113abc7296983078773ae1910,74934,False,True
raw_runs/reference_panel/poses/REF_CHEMBL1365675__M_PUB_ALL__e8__s20260927.pdbqt,a3776a4e5c96a8e5117b329c522d93f9d18e8e75772a8c1a49a027db56088841,a3776a4e5c96a8e5117b329c522d93f9d18e8e75772a8c1a49a027db56088841,23589,False,True
raw_runs/reference_panel/poses/REF_CHEMBL1365675__M_PUB_ALL__e8__s20260927.sdf,fa9677daec40b4a448d18c279066c7f03558807d12710831c76e8bc4e0aa6400,fa9677daec40b4a448d18c279066c7f03558807d12710831c76e8bc4e0aa6400,38627,False,True
raw_runs/reference_panel/poses/REF_CHEMBL1397__M_PUB_ALL__e8__s20260927.pdbqt,3491ac70846a954114818954f403babed1ba2e27e96cc9c8bb89bdad720b62ce,3491ac70846a954114818954f403babed1ba2e27e96cc9c8bb89bdad720b62ce,49806,False,True
raw_runs/reference_panel/poses/REF_CHEMBL1397__M_PUB_ALL__e8__s20260927.sdf,7b3da77cab656165df32c31ae7379f0193e6521eddf8ecfe192756211d6066c8,7b3da77cab656165df32c31ae7379f0193e6521eddf8ecfe192756211d6066c8,74183,False,True
raw_runs/reference_panel/poses/REF_CHEMBL449782__M_PUB_ALL__e8__s20260927.pdbqt,534325f409667a464415e0f2a5410c8e41809fcabaa387f86a3928a9e28eb295,534325f409667a464415e0f2a5410c8e41809fcabaa387f86a3928a9e28eb295,46206,False,True
raw_runs/reference_panel/poses/REF_CHEMBL449782__M_PUB_ALL__e8__s20260927.sdf,c3b2a0646ddeb6fd059bc4e0b9524c7215ec794ef351135cbd58d0b9567c757c,c3b2a0646ddeb6fd059bc4e0b9524c7215ec794ef351135cbd58d0b9567c757c,68445,False,True
raw_runs/reference_panel/poses/REF_CHEMBL488093__M_PUB_ALL__e8__s20260927.pdbqt,8a54c70774c3a9feccd91d2f8731a9733fe9813e9a466da5471fa02ed5a24c71,8a54c70774c3a9feccd91d2f8731a9733fe9813e9a466da5471fa02ed5a24c71,26973,False,True
raw_runs/reference_panel/poses/REF_CHEMBL488093__M_PUB_ALL__e8__s20260927.sdf,da1273321507f23f160ddf49a0d6fcf1bd316378f36549280d4f8991844c69f2,da1273321507f23f160ddf49a0d6fcf1bd316378f36549280d4f8991844c69f2,34789,False,True
raw_runs/reference_panel/poses/REF_CHEMBL554__M_PUB_ALL__e8__s20260927.pdbqt,761b4019faa925067a5acb654a85df94d34bfb56451ee5624e6b791f7dc2407d,761b4019faa925067a5acb654a85df94d34bfb56451ee5624e6b791f7dc2407d,41553,False,True
raw_runs/reference_panel/poses/REF_CHEMBL554__M_PUB_ALL__e8__s20260927.sdf,73189bced5d4d161f4517c6bd22717d6b334b1233a65e88869eeb3507efbcd85,73189bced5d4d161f4517c6bd22717d6b334b1233a65e88869eeb3507efbcd85,54202,False,True
raw_runs/reference_panel/poses/REF_CHEMBL623__M_PUB_ALL__e8__s20260927.pdbqt,70bfa4bc031d13afe14a5028215532a4754ac029cb5c8326fb13402c5e35dc3a,70bfa4bc031d13afe14a5028215532a4754ac029cb5c8326fb13402c5e35dc3a,33939,False,True
raw_runs/reference_panel/poses/REF_CHEMBL623__M_PUB_ALL__e8__s20260927.sdf,b1aa79814f806e0b8118863ce27e450b602f0bd4beed9fdf2c7789bad63b93a3,b1aa79814f806e0b8118863ce27e450b602f0bd4beed9fdf2c7789bad63b93a3,53313,False,True
raw_runs/top10/ligands/GEN_DZAWWYSIECDRMJ.sdf,ea13d6b9f6feffaeae2d0343f081927d590847a10f9bce2dc4186c1a1e5af966,ea13d6b9f6feffaeae2d0343f081927d590847a10f9bce2dc4186c1a1e5af966,3453,False,True
raw_runs/top10/ligands/GEN_FJAATUDLBLEIEO.pdbqt,67d4a5d1b10528ff2364ed8435d42f128e824fd4a41c380abf11968e7958c13d,67d4a5d1b10528ff2364ed8435d42f128e824fd4a41c380abf11968e7958c13d,2238,False,True
raw_runs/top10/ligands/GEN_FJAATUDLBLEIEO.sdf,429a21dbcc73b0604b5648894fb79e3dec19a0b66c193d18ab04086fb38fe81b,429a21dbcc73b0604b5648894fb79e3dec19a0b66c193d18ab04086fb38fe81b,3289,False,True
raw_runs/top10/ligands/GEN_GMELVXXUXAFBRT.pdbqt,31478a42e454328b8c13372c22626d90af69c713d23ae2ff3d9b2a7c31f61ad0,31478a42e454328b8c13372c22626d90af69c713d23ae2ff3d9b2a7c31f61ad0,1893,False,True
raw_runs/top10/ligands/GEN_GMELVXXUXAFBRT.sdf,da7eab5d281af4cb8bc9726c1f9775b4d31c33f5bc6929b2543a9d795f88f2ad,da7eab5d281af4cb8bc9726c1f9775b4d31c33f5bc6929b2543a9d795f88f2ad,2603,False,True
raw_runs/top10/ligands/GEN_MMCYVXCTOYXZNR.pdbqt,15eec8f0da8459a7fff6b0c3f59e6c45fbeee91d236fef9f5f35e6f9de4f11d9,15eec8f0da8459a7fff6b0c3f59e6c45fbeee91d236fef9f5f35e6f9de4f11d9,3257,False,True
raw_runs/top10/ligands/GEN_MMCYVXCTOYXZNR.sdf,a77c6c6c88341d666def2e18a2139209cc14d8fe33533483ab996c4fbbd41053,a77c6c6c88341d666def2e18a2139209cc14d8fe33533483ab996c4fbbd41053,4295,False,True
raw_runs/top10/ligands/GEN_MXEVTEPPWHDMMK.pdbqt,d50a2ebc5f071bd29fe20ca3a35e0ffaaf0f685ddc8f50d16ade32ba1a7f2f33,d50a2ebc5f071bd29fe20ca3a35e0ffaaf0f685ddc8f50d16ade32ba1a7f2f33,2790,False,True
raw_runs/top10/ligands/GEN_MXEVTEPPWHDMMK.sdf,695531265c6bfb052b9916506f7e7a6f41f314c8b1c2dab1b7a12320e8b553e6,695531265c6bfb052b9916506f7e7a6f41f314c8b1c2dab1b7a12320e8b553e6,3785,False,True
raw_runs/top10/ligands/GEN_MZINFKXFDUJXKN.pdbqt,ed9760bdf2eb22407fd9ab612cf797439fc27a1bc6f307e22f0f7644014a7736,ed9760bdf2eb22407fd9ab612cf797439fc27a1bc6f307e22f0f7644014a7736,1789,False,True
raw_runs/top10/ligands/GEN_MZINFKXFDUJXKN.sdf,ed291c586408dc42715c6730363919b3e303f2fe9d3c8b0fac65a4472509bf5e,ed291c586408dc42715c6730363919b3e303f2fe9d3c8b0fac65a4472509bf5e,2249,False,True
raw_runs/top10/ligands/GEN_POIOHHCKCDKCNL.pdbqt,8d68ec4553688c5d7355a50c436d65e3a7a965bf5f0c5599b9a42bfb4beccfcb,8d68ec4553688c5d7355a50c436d65e3a7a965bf5f0c5599b9a42bfb4beccfcb,2131,False,True
raw_runs/top10/ligands/GEN_POIOHHCKCDKCNL.sdf,dc6e5014d74a8a03ec7b6e2ff636f34bd61de05ea5acad0eb7d0a514e2755da5,dc6e5014d74a8a03ec7b6e2ff636f34bd61de05ea5acad0eb7d0a514e2755da5,2987,False,True
raw_runs/top10/ligands/GEN_QRDMPGSIPKNLPR.pdbqt,62b504ee35229dd933562922859f43583fddf022b9eab573f6a9c27092f58d8e,62b504ee35229dd933562922859f43583fddf022b9eab573f6a9c27092f58d8e,2318,False,True
raw_runs/top10/ligands/GEN_QRDMPGSIPKNLPR.sdf,3900683065bc7032636e18f06d2665411cc7f063a009e71e3ab2427394583507,3900683065bc7032636e18f06d2665411cc7f063a009e71e3ab2427394583507,3283,False,True
raw_runs/top10/ligands/GEN_SGWFKASVEJFYMJ.pdbqt,194b6fface803dab69b0f709e7e6e58efcb066670e97da8702cf4abba5d979b0,194b6fface803dab69b0f709e7e6e58efcb066670e97da8702cf4abba5d979b0,3188,False,True
raw_runs/top10/ligands/GEN_SGWFKASVEJFYMJ.sdf,e4e2ce8f6d8a57af7c9405041abbc679989f38d7eca2f208b304854c51e08428,e4e2ce8f6d8a57af7c9405041abbc679989f38d7eca2f208b304854c51e08428,4629,False,True
raw_runs/top10/ligands/GEN_VKHGWFHYWMHWQH.pdbqt,66078c6d2bd281d31473a26eff9116a8dfb1a840196e1d2e554c33989b0f5fc6,66078c6d2bd281d31473a26eff9116a8dfb1a840196e1d2e554c33989b0f5fc6,2301,False,True
raw_runs/top10/ligands/GEN_VKHGWFHYWMHWQH.sdf,083a6d72431bf3c45145cce24ac470c138e590a63140ed8a2b1137bbd7b527da,083a6d72431bf3c45145cce24ac470c138e590a63140ed8a2b1137bbd7b527da,3072,False,True
raw_runs/top10/logs/GEN_DZAWWYSIECDRMJ_preparation.json,b80626010879695312f28ff346663e44e586f97e59df8c21e51046bbb3837d29,049fc9a9640bb625af8f130b9f5578a912ae8ca5ba384dd87c91342bd545527a,3106,True,True
raw_runs/top10/logs/GEN_FJAATUDLBLEIEO_preparation.json,4f8b519e3fcde7c9b87c6f714438d9750a34e252e35163878a139de1fc6abab2,e8d525370aab95d424bd4d1096b234c227537be66975b7135cdf60cab1d2bb53,2968,True,True
raw_runs/top10/logs/GEN_FJAATUDLBLEIEO__M_PUB_ALL__e8__s20260927.json,f01ab78c6c83c26d94890bb880d29330be2d5bfb35efc21c0be40acce60be7c4,88c89bccca9b297f56dbca4d6ad65f791acedfb71e9d811063c8e2d83914a712,5458,True,True
raw_runs/top10/logs/GEN_FJAATUDLBLEIEO__M_PUB_ALL__e8__s20260927.log,92581c47bd530018778f14374847983f392a3e114c4b180c5736eb9ea0ff41e3,8f43450e763546c2540cc466425f3b8b445535b630cecc92631bd30f0a2d30a4,2255,True,True
raw_runs/top10/logs/GEN_FJAATUDLBLEIEO__M_PUB_ALL__e8__s20260927_export.log,e3b0c44298fc1c149afbf4c8996fb92427ae41e4649b934ca495991b7852b855,e3b0c44298fc1c149afbf4c8996fb92427ae41e4649b934ca495991b7852b855,0,False,True
raw_runs/top10/logs/GEN_GMELVXXUXAFBRT_preparation.json,26ef90da5991f1ab3aa73b0203284a54f9e0d56a113d5a3fa4a0fca04a19d6f9,7f55b7ab9c514d6968d5509e20468a5d0c37638d130bc13516922a984eccc3c4,2895,True,True
raw_runs/top10/logs/GEN_GMELVXXUXAFBRT__M_PUB_ALL__e8__s20260927.json,f0f1e5a55ef8a3ca92a1997205d6b7176e4f51addb80f497c188dbf3f44bff86,67a2da312700052cebce4d9ce3b77a24063b734cc4e09eb0354d0a529aeb93b9,5384,True,True
raw_runs/top10/logs/GEN_GMELVXXUXAFBRT__M_PUB_ALL__e8__s20260927.log,0f3ec91e65569084d9cb20afdbc93c36992e4524dbb22f52fa68254926a40ded,237dcb196e6aa9f84e3dc69473403b36a040c98371ebde049d91c27d9bb669d0,2255,True,True
raw_runs/top10/logs/GEN_GMELVXXUXAFBRT__M_PUB_ALL__e8__s20260927_export.log,e3b0c44298fc1c149afbf4c8996fb92427ae41e4649b934ca495991b7852b855,e3b0c44298fc1c149afbf4c8996fb92427ae41e4649b934ca495991b7852b855,0,False,True
raw_runs/top10/logs/GEN_MMCYVXCTOYXZNR_preparation.json,551842f9496b11c59e3773cb56c06c77d86c0df0077604220dcde38f1ceea739,13fedb2bdf494e8203473efd7d056849df19bacb79a61ed2783a8119719567ab,3079,True,True
raw_runs/top10/logs/GEN_MMCYVXCTOYXZNR__M_PUB_ALL__e8__s20260927.json,1c6d1c6ee5a0a03bb290eb7a6f7121b10d3e9cd1c826a5fbfa6b4646defb2575,6a1f2125fd5d71152ab89cae7c4f169ae33f23e6fa0a8a40253b22552a0bc967,5557,True,True
raw_runs/top10/logs/GEN_MMCYVXCTOYXZNR__M_PUB_ALL__e8__s20260927.log,7b70f523d41eeb5b896bbe584c40193f238494c3ff2719b690228bf6f4f83515,adb074ba1b4cfb3771b2d5d4fd5cd9b182d959db539ec053fdd419842a1006fc,2255,True,True
raw_runs/top10/logs/GEN_MMCYVXCTOYXZNR__M_PUB_ALL__e8__s20260927_export.log,e3b0c44298fc1c149afbf4c8996fb92427ae41e4649b934ca495991b7852b855,e3b0c44298fc1c149afbf4c8996fb92427ae41e4649b934ca495991b7852b855,0,False,True
raw_runs/top10/logs/GEN_MXEVTEPPWHDMMK_preparation.json,25fb23000678393aa5ab1167fddfac2cd7c9014b24f5e84fc19b6998eb1ec104,b3c2c88f9c2106da8b9365d8004e5cc59ddbfc30efc0eb7cea5b58998235c8f8,2955,True,True
raw_runs/top10/logs/GEN_MXEVTEPPWHDMMK__M_PUB_ALL__e8__s20260927.json,6f2915dc16fab65fb02e807b83bf06eb0bacd7ab61bde071fdfccf67cd2fb0a1,3d67c8637d3ee846894e9c7ea0651e120078260bd6c1d5a46c0cb6903a0c6ada,5444,True,True
raw_runs/top10/logs/GEN_MXEVTEPPWHDMMK__M_PUB_ALL__e8__s20260927.log,e93bdeaa4ed46d77afcee0247cb9dc9826bf155ecb7b825a84cbad5b95933066,d57a1d8fa4c9205dde875ec859f19b5d58bde4ce3f1667e6fa4c5c517798215b,2255,True,True
raw_runs/top10/logs/GEN_MXEVTEPPWHDMMK__M_PUB_ALL__e8__s20260927_export.log,e3b0c44298fc1c149afbf4c8996fb92427ae41e4649b934ca495991b7852b855,e3b0c44298fc1c149afbf4c8996fb92427ae41e4649b934ca495991b7852b855,0,False,True
raw_runs/top10/logs/GEN_MZINFKXFDUJXKN_preparation.json,df8d4d033ca7a4b2fba20e1d6268ccc51095557046425d440cf308d9a39a8211,2681e7e7bd5fe5c65eb3ef0f0221b7fc898bc01f18d866d51899523b2f924248,2889,True,True
raw_runs/top10/logs/GEN_MZINFKXFDUJXKN__M_PUB_ALL__e8__s20260927.json,6a1f490b6879c73aa4b03286ceedcc953a0c9a2c1f7628b3fb70cda30d93860c,bb6f3d32391666c3434d0c454b310c00dfee37c5ec076addc9f0bffe40e2818c,5375,True,True
raw_runs/top10/logs/GEN_MZINFKXFDUJXKN__M_PUB_ALL__e8__s20260927.log,3f8901394b76f6fc3b24fc633955de1f84e317ee3383f62ca8956b75671e4944,f0c64b83e1da88c8b56b943d754c7621c920b137332663d8d933b5b5cec7c419,2255,True,True
raw_runs/top10/logs/GEN_MZINFKXFDUJXKN__M_PUB_ALL__e8__s20260927_export.log,e3b0c44298fc1c149afbf4c8996fb92427ae41e4649b934ca495991b7852b855,e3b0c44298fc1c149afbf4c8996fb92427ae41e4649b934ca495991b7852b855,0,False,True
raw_runs/top10/logs/GEN_POIOHHCKCDKCNL_preparation.json,6e20e9d19e7c114371b4b32fc98e699374246a13e1dabe9356d8038e93429c0c,c9abb329a0052e58967350a8ec09aa4ff2d1da7f64b33563ddc29ed1c59a4fee,2906,True,True
raw_runs/top10/logs/GEN_POIOHHCKCDKCNL__M_PUB_ALL__e8__s20260927.json,a54f3d5439c49c5ab005204c0f7fc4a412920f8d97d32724823560a594aedcd6,17d2210daa1a6c3ab0ad489cf178ecc6dfbec5ea1e5d8dcaa6bf8217f682f23f,5382,True,True
raw_runs/top10/logs/GEN_POIOHHCKCDKCNL__M_PUB_ALL__e8__s20260927.log,27fb67cd2c64ab0ec8f74393716d824a9b627ffb35abbf1e11c7546ebd3284aa,5b871918273d0eb9ff3c4bbc22548302d10a1dd807b1f9c8d6eca679ee4cf605,2255,True,True
raw_runs/top10/logs/GEN_POIOHHCKCDKCNL__M_PUB_ALL__e8__s20260927_export.log,e3b0c44298fc1c149afbf4c8996fb92427ae41e4649b934ca495991b7852b855,e3b0c44298fc1c149afbf4c8996fb92427ae41e4649b934ca495991b7852b855,0,False,True
raw_runs/top10/logs/GEN_QRDMPGSIPKNLPR_preparation.json,5bc7e84748cbff849525686161b7a93d9c5625b74e338f302a66af12081fdb4d,11ae60895a425eb59269fbe54b02ef01a6abd8f1f5d0590625a4a4b06b581509,3054,True,True
raw_runs/top10/logs/GEN_QRDMPGSIPKNLPR__M_PUB_ALL__e8__s20260927.json,258d8d53f5e291e3dbf6ccb21d53f19478931e0fc8a241058a99f584d98d04ba,14f1950cbb5b71003c9be80515e8a3ddaf35c369fd7673acb00cb973706eea67,5545,True,True
raw_runs/top10/logs/GEN_QRDMPGSIPKNLPR__M_PUB_ALL__e8__s20260927.log,d090e74246c2d2b9ea205a1fce5c7fd11bf6c412ef71f0ff7a39a78713d25ba7,60228d3abada8132cd933a27d7c3a25fa4cabf10340ef4ae673e221a06cc6c91,2255,True,True
raw_runs/top10/logs/GEN_QRDMPGSIPKNLPR__M_PUB_ALL__e8__s20260927_export.log,e3b0c44298fc1c149afbf4c8996fb92427ae41e4649b934ca495991b7852b855,e3b0c44298fc1c149afbf4c8996fb92427ae41e4649b934ca495991b7852b855,0,False,True
raw_runs/top10/logs/GEN_SGWFKASVEJFYMJ_preparation.json,3d34eb21c68be231e4735277191420ba7596ad3af2a2782e5839f5ec0c6f0b75,13482647b63d435aed1137718e9b8fa74ec6f9170c4e2c58b1d2ad3432dadff7,3078,True,True
raw_runs/top10/logs/GEN_SGWFKASVEJFYMJ__M_PUB_ALL__e8__s20260927.json,ac32a4ea318869cc359cd7860973a7120200f70f53ea4bec397f74aa365abbf8,57f2f9b57a5a086916bccf17d359663929ec08486c24c06ea5e67cd4180ac3d2,5567,True,True
raw_runs/top10/logs/GEN_SGWFKASVEJFYMJ__M_PUB_ALL__e8__s20260927.log,82ef513d4af507287540c089f39cfd926a1e6e0d5f2c7b70b14e1f715f614a89,497369ee7bbb547d82d4503eb490af3a76af33e701000535d964f3991e482d52,2255,True,True
raw_runs/top10/logs/GEN_SGWFKASVEJFYMJ__M_PUB_ALL__e8__s20260927_export.log,e3b0c44298fc1c149afbf4c8996fb92427ae41e4649b934ca495991b7852b855,e3b0c44298fc1c149afbf4c8996fb92427ae41e4649b934ca495991b7852b855,0,False,True
raw_runs/top10/logs/GEN_VKHGWFHYWMHWQH_preparation.json,12805398b352695decfd4ce29cca59cee42ba5a24b5a7f5748d22c8b75dda2a8,8c3a0e2c9aea5457ce3be023527aa4730e19906672a21a7b4b6cf19f4b4a037e,2850,True,True
raw_runs/top10/logs/GEN_VKHGWFHYWMHWQH__M_PUB_ALL__e8__s20260927.json,321dd4dab0763e04fb9f8afbdafe71fe7b0ab521e6e3af8c72c2e78751ecfecd,02d2f2bcf4240da1027c4ea9c3675322c48920759befbb07c5d68315eac9c420,5340,True,True
raw_runs/top10/logs/GEN_VKHGWFHYWMHWQH__M_PUB_ALL__e8__s20260927.log,8d995ddcc0d15350b2578f7787c5ff52abf33601f017a2d87af1a5aa59ac8714,6ce3ee34efbbc3dc100cb662182168b577d28947e9b94c884fca78bc365cab1e,2255,True,True
raw_runs/top10/logs/GEN_VKHGWFHYWMHWQH__M_PUB_ALL__e8__s20260927_export.log,e3b0c44298fc1c149afbf4c8996fb92427ae41e4649b934ca495991b7852b855,e3b0c44298fc1c149afbf4c8996fb92427ae41e4649b934ca495991b7852b855,0,False,True
raw_runs/top10/poses/GEN_FJAATUDLBLEIEO__M_PUB_ALL__e8__s20260927.pdbqt,191190362927a617729ab5a29e20bf0e8a6ee7335fda41f7c14021414ada4ab1,191190362927a617729ab5a29e20bf0e8a6ee7335fda41f7c14021414ada4ab1,22554,False,True
raw_runs/top10/poses/GEN_FJAATUDLBLEIEO__M_PUB_ALL__e8__s20260927.sdf,b4914e45a01832a3acae714922f078559bc9db583d639586a7bf362cf6a48338,b4914e45a01832a3acae714922f078559bc9db583d639586a7bf362cf6a48338,31156,False,True
raw_runs/top10/poses/GEN_GMELVXXUXAFBRT__M_PUB_ALL__e8__s20260927.pdbqt,225067ba1431367313d8577baa31a3afd4c9b90adad7215b2f4d1968e144012d,225067ba1431367313d8577baa31a3afd4c9b90adad7215b2f4d1968e144012d,19350,False,True
raw_runs/top10/poses/GEN_GMELVXXUXAFBRT__M_PUB_ALL__e8__s20260927.sdf,cabc7005b5565bce109918783502a96df4bd605ff66f23c3eacf590e3c8dae5e,cabc7005b5565bce109918783502a96df4bd605ff66f23c3eacf590e3c8dae5e,24988,False,True
raw_runs/top10/poses/GEN_MMCYVXCTOYXZNR__M_PUB_ALL__e8__s20260927.pdbqt,e6dfda3eb38f25925413b205b7f1d92f09e0d324d823d31b0f061e8908c57e06,e6dfda3eb38f25925413b205b7f1d92f09e0d324d823d31b0f061e8908c57e06,31923,False,True
raw_runs/top10/poses/GEN_MMCYVXCTOYXZNR__M_PUB_ALL__e8__s20260927.sdf,fb2ee60af39fe27357942bb4a723f1be65dc2a8d90725df1bf0016c3b12316ad,fb2ee60af39fe27357942bb4a723f1be65dc2a8d90725df1bf0016c3b12316ad,40218,False,True
raw_runs/top10/poses/GEN_MXEVTEPPWHDMMK__M_PUB_ALL__e8__s20260927.pdbqt,96fc5bf13fe39b9fd411d1e1c2aa1776f8ae10e81f69db3e250fd2be2b361c6b,96fc5bf13fe39b9fd411d1e1c2aa1776f8ae10e81f69db3e250fd2be2b361c6b,27630,False,True
raw_runs/top10/poses/GEN_MXEVTEPPWHDMMK__M_PUB_ALL__e8__s20260927.sdf,eecd7ed33ea0aceaa58a16d5019d32b02f002390948621acd09d20d2109f7700,eecd7ed33ea0aceaa58a16d5019d32b02f002390948621acd09d20d2109f7700,35628,False,True
raw_runs/top10/poses/GEN_MZINFKXFDUJXKN__M_PUB_ALL__e8__s20260927.pdbqt,e2547d2cb5e9babb6475dce8ecef3fc0244e94693bba6452353363cbe7431f70,e2547d2cb5e9babb6475dce8ecef3fc0244e94693bba6452353363cbe7431f70,18432,False,True
raw_runs/top10/poses/GEN_MZINFKXFDUJXKN__M_PUB_ALL__e8__s20260927.sdf,96b1bba3dac5b08e63c921a44fa23081f6745ded740ac24740ef75ac99ead2d2,96b1bba3dac5b08e63c921a44fa23081f6745ded740ac24740ef75ac99ead2d2,21806,False,True
raw_runs/top10/poses/GEN_POIOHHCKCDKCNL__M_PUB_ALL__e8__s20260927.pdbqt,6ca6530f2dab35481ae5956e999ef02327441b85912757c2064805737fb3d0fe,6ca6530f2dab35481ae5956e999ef02327441b85912757c2064805737fb3d0fe,21546,False,True
raw_runs/top10/poses/GEN_POIOHHCKCDKCNL__M_PUB_ALL__e8__s20260927.sdf,be74f4eab3953206bb4c80280a2e786e4f1cad3ab210cb16e647bb8ff14a4669,be74f4eab3953206bb4c80280a2e786e4f1cad3ab210cb16e647bb8ff14a4669,28449,False,True
raw_runs/top10/poses/GEN_QRDMPGSIPKNLPR__M_PUB_ALL__e8__s20260927.pdbqt,6b9cfa9b293b4e938bf3ed75a04600cfda39a781a5c147d7a57cc7f50e439ef2,6b9cfa9b293b4e938bf3ed75a04600cfda39a781a5c147d7a57cc7f50e439ef2,23247,False,True
raw_runs/top10/poses/GEN_QRDMPGSIPKNLPR__M_PUB_ALL__e8__s20260927.sdf,7c1f62d97bb904711da648221e403d18abce5c67131468bad65e32e30bab657d,7c1f62d97bb904711da648221e403d18abce5c67131468bad65e32e30bab657d,31110,False,True
raw_runs/top10/poses/GEN_SGWFKASVEJFYMJ__M_PUB_ALL__e8__s20260927.pdbqt,53a3e092a5d7b2cbd6e83579e9c98745956ddc7e552e2fecb861887df2022020,53a3e092a5d7b2cbd6e83579e9c98745956ddc7e552e2fecb861887df2022020,31266,False,True
raw_runs/top10/poses/GEN_SGWFKASVEJFYMJ__M_PUB_ALL__e8__s20260927.sdf,8c936ba3d3ea19b650d257cfde5329df443395e9a2145da34c43d87ba118c5b9,8c936ba3d3ea19b650d257cfde5329df443395e9a2145da34c43d87ba118c5b9,43214,False,True
raw_runs/top10/poses/GEN_VKHGWFHYWMHWQH__M_PUB_ALL__e8__s20260927.pdbqt,2c508c596cc301262b8986ee51b042964d68cde97c4ab22f01379e7b00d120ae,2c508c596cc301262b8986ee51b042964d68cde97c4ab22f01379e7b00d120ae,23094,False,True
raw_runs/top10/poses/GEN_VKHGWFHYWMHWQH__M_PUB_ALL__e8__s20260927.sdf,e4fdcaa72cc2482e1ca0b8bad1ca6d3c0435f0029d23c42cbd9a3ca773cc34da,e4fdcaa72cc2482e1ca0b8bad1ca6d3c0435f0029d23c42cbd9a3ca773cc34da,29212,False,True
protocol_inputs/chemistry_rules.py,f595cdc49a82ef6a0305677f2c92b60f4ee38e1ac21a97f54b93fd04a9e2a535,f595cdc49a82ef6a0305677f2c92b60f4ee38e1ac21a97f54b93fd04a9e2a535,2977,False,True
protocol_inputs/common_box.json,2330b07cf13cb289f845344898fcda828c2f6f6024be55af8dc75e45c3e52dca,0494df1e01269f3e2ce367cffc747996961f6d443b3370a3823732189547a277,1106,True,True
protocol_inputs/dock_batch.py,b5cc1fd410f85d7251ed4343307ac10f3aab91590052f2de4aef4e7c49a6f543,b5cc1fd410f85d7251ed4343307ac10f3aab91590052f2de4aef4e7c49a6f543,17506,False,True
protocol_inputs/portable_config.py,7436aab61a47fb9dab58ac0fd189fe1fc4744beff5ae78457e01aa70724790cb,7436aab61a47fb9dab58ac0fd189fe1fc4744beff5ae78457e01aa70724790cb,688,False,True
protocol_inputs/vina_box.txt,3e4c7eb2c313edbe496068c9fb17790e7ca746567519836ed46131e5e7570d49,3e4c7eb2c313edbe496068c9fb17790e7ca746567519836ed46131e5e7570d49,113,False,True
reference_sources/2025论文全文_欧洲PMC原件.xml,18380ebbd325e9f09762c4c7dad0626202a75ab1353238aba68fabf29211d439,18380ebbd325e9f09762c4c7dad0626202a75ab1353238aba68fabf29211d439,351559,False,True
reference_sources/2025论文补充数据2_原件.xlsx,a2267f8f3a2a685e41bfa8af36ea19a22e1a01f0b75720c41df771710674a403,a2267f8f3a2a685e41bfa8af36ea19a22e1a01f0b75720c41df771710674a403,586697,False,True
reference_sources/2025论文补充材料_原件.pdf,e06dc3f8ac081393a09bf1a82efce312627e2dd8a8db3ae16c740d111cfe4a15,e06dc3f8ac081393a09bf1a82efce312627e2dd8a8db3ae16c740d111cfe4a15,7786117,False,True
reference_sources/2025论文补充材料_提取文本.txt,233ac64ca7d40f9c56efebb1e42d3e31cd6036887a3b1c68e671952a8e419ae4,233ac64ca7d40f9c56efebb1e42d3e31cd6036887a3b1c68e671952a8e419ae4,36153,False,True
