id,name,group,source_id,smiles,pair_role,source_file,source_sha256,inchikey
LIB_YWDIXVZCRMMQQY,CHEMBL1079964,formal_six,CHEMBL1079964,O=C(Nc1cccc(-c2cn3ccnc3c(Nc3ccccc3)n2)c1)Nc1cccc(C(F)(F)F)c1,formal_candidate,candidate_submission_identity.csv,325f7ca0579cbe8180ee195503181c6128cab11dbe8646ed95cd7391c05b2ed9,YWDIXVZCRMMQQY-UHFFFAOYSA-N
LIB_MYAFDHCCQBIZLC,CHEMBL1080362,formal_six,CHEMBL1080362,O=C(Nc1cccc(-c2cn3ccnc3c(NCc3ccccc3)n2)c1)Nc1cccc(C(F)(F)F)c1,formal_candidate,candidate_submission_identity.csv,325f7ca0579cbe8180ee195503181c6128cab11dbe8646ed95cd7391c05b2ed9,MYAFDHCCQBIZLC-UHFFFAOYSA-N
LIB_ZNDXPRCORYDEAP,CHEMBL1081740,formal_six,CHEMBL1081740,O=C(Nc1cccc(-c2cn3ccnc3c(NCc3ccncc3)n2)c1)Nc1ccc(F)c(C(F)(F)F)c1,formal_candidate,candidate_submission_identity.csv,325f7ca0579cbe8180ee195503181c6128cab11dbe8646ed95cd7391c05b2ed9,ZNDXPRCORYDEAP-UHFFFAOYSA-N
LIB_FCRHJSNRFAAYQD,CHEMBL1080669,formal_six,CHEMBL1080669,O=C(Nc1cccc(Oc2ccccc2)c1)Nc1cccc(-c2cn3ccnc3c(NCc3ccncc3)n2)c1,formal_candidate,candidate_submission_identity.csv,325f7ca0579cbe8180ee195503181c6128cab11dbe8646ed95cd7391c05b2ed9,FCRHJSNRFAAYQD-UHFFFAOYSA-N
LIB_DNDVGFIEWOHGAH,CHEMBL1076497,formal_six,CHEMBL1076497,CN1CCN(c2ccc(-c3cnn4c(-c5cccc(NC(=O)c6cccc(C(F)(F)F)c6)c5)ccnc34)cn2)CC1,formal_candidate,candidate_submission_identity.csv,325f7ca0579cbe8180ee195503181c6128cab11dbe8646ed95cd7391c05b2ed9,DNDVGFIEWOHGAH-UHFFFAOYSA-N
LIB_ZVHBDYFMHCQADD,CHEMBL1080205,formal_six,CHEMBL1080205,O=C(Nc1cccc(-c2cn3ccnc3c(NCc3ccccn3)n2)c1)Nc1cccc(C(F)(F)F)c1,formal_candidate,candidate_submission_identity.csv,325f7ca0579cbe8180ee195503181c6128cab11dbe8646ed95cd7391c05b2ed9,ZVHBDYFMHCQADD-UHFFFAOYSA-N
LIB_CHEMBL2103870,Lumacaftor,JMW_LDAG_comparison,LIB_CHEMBL2103870,Cc1ccc(NC(=O)C2(c3ccc4c(c3)OC(F)(F)O4)CC2)nc1-c1cccc(C(=O)O)c1,direct_parent_of_JMW,ADMET_input_4.csv,9c30c1c7c7dfd192cae491a975960f9976ec27830121b468b8af5461eb548fc3,UFSKUSARDNFIRC-UHFFFAOYSA-N
LIB_CHEMBL3894860,Trilaciclib,JMW_LDAG_comparison,LIB_CHEMBL3894860,CN1CCN(c2ccc(Nc3ncc4cc5n(c4n3)C3(CCCCC3)CNC5=O)nc2)CC1,historical_exploratory_comparator_not_asserted_direct_parent,ADMET_input_4.csv,9c30c1c7c7dfd192cae491a975960f9976ec27830121b468b8af5461eb548fc3,PDGKHKMBHVFCMG-UHFFFAOYSA-N
DES_JMWNSKZCTCNWSL,Lumacaftor methylamide (JMW),JMW_LDAG_comparison,DES_JMWNSKZCTCNWSL,CNC(=O)c1cccc(-c2nc(NC(=O)C3(c4ccc5c(c4)OC(F)(F)O5)CC3)ccc2C)c1,designed_methylamide_paired_with_lumacaftor,ADMET_input_4.csv,9c30c1c7c7dfd192cae491a975960f9976ec27830121b468b8af5461eb548fc3,JMWNSKZCTCNWSL-UHFFFAOYSA-N
GEN_LDAGBLZIWYMUFJ,Generated GEN_LDAGBLZIWYMUFJ,JMW_LDAG_comparison,GEN_LDAGBLZIWYMUFJ,Nc1ccccc(-c2ccncn2)ccc(C(=O)Nc2ccccc2)n1,generated_exploratory_candidate,ADMET_input_4.csv,9c30c1c7c7dfd192cae491a975960f9976ec27830121b468b8af5461eb548fc3,LDAGBLZIWYMUFJ-UHFFFAOYSA-N
GEN_YUOYQOBVJWRGGY,GEN_YUOYQOBVJWRGGY,LDAG_fixed_matched_control,GEN_YUOYQOBVJWRGGY,CCc1ccccc1C(=O)Nc1ccc(OC)cc1C,frozen_MW_charge_matched_random_control_for_LDAG,exploratory4_matched_control_fixed_list.csv,de1baf826882e68ec78abfe59f6f2789f378d3dd29e750ac83473a36c33515d1,YUOYQOBVJWRGGY-UHFFFAOYSA-N
