parent_id,variant,method,reason,route_hypothesis,input_smiles,status,compound_id,reasons
LIB_CHEMBL2103870,primary_amide,acid_to_amide_template_v1,remove carboxylate charge while retaining carbonyl H-bonding,"Parent benzoic acid -> activated acid -> coupling with NH3; conceptual route, not executed",Cc1ccc(NC(=O)C2(c3ccc4c(c3)OC(F)(F)O4)CC2)nc1-c1cccc(C(=O)N)c1,pass,DES_YAZKHWIVYWHKHW,
LIB_CHEMBL2103870,methylamide,acid_to_amide_template_v1,probe small neutral amide substituent,"Parent benzoic acid -> activated acid -> coupling with methylamine; conceptual route, not executed",Cc1ccc(NC(=O)C2(c3ccc4c(c3)OC(F)(F)O4)CC2)nc1-c1cccc(C(=O)NC)c1,pass,DES_JMWNSKZCTCNWSL,
LIB_CHEMBL2103870,cyclopropylamide,acid_to_amide_template_v1,probe compact hydrophobic occupancy at acid terminus,"Parent benzoic acid -> activated acid -> coupling with cyclopropylamine; conceptual route, not executed",Cc1ccc(NC(=O)C2(c3ccc4c(c3)OC(F)(F)O4)CC2)nc1-c1cccc(C(=O)NC1CC1)c1,exclude,DES_GWCFZXVCHASDMH,parent_ecfp4_similarity_outside_0.65_0.99
LIB_CHEMBL2103870,hydroxyethylamide,acid_to_amide_template_v1,recover terminal polarity after acid neutralization,"Parent benzoic acid -> activated acid -> coupling with ethanolamine; conceptual route, not executed",Cc1ccc(NC(=O)C2(c3ccc4c(c3)OC(F)(F)O4)CC2)nc1-c1cccc(C(=O)NCCO)c1,pass,DES_AFGHMHSPPSRMJL,
LIB_CHEMBL2103870,morpholine_amide,acid_to_amide_template_v1,probe cyclic polar amide at terminus,"Parent benzoic acid -> activated acid -> coupling with morpholine; conceptual route, not executed",Cc1ccc(NC(=O)C2(c3ccc4c(c3)OC(F)(F)O4)CC2)nc1-c1cccc(C(=O)N1CCOCC1)c1,exclude,DES_AXKSVFWIFUIWPK,parent_ecfp4_similarity_outside_0.65_0.99
LIB_CHEMBL3894860,desmethyl,piperazine_N_substitution_template_v1,compare terminal piperazine basicity and size,"N-dealkylation or assemble from N-unsubstituted piperazine precursor; conceptual route, not executed",N1CCN(c2ccc(Nc3ncc4cc5n(c4n3)C3(CCCCC3)CNC5=O)nc2)CC1,pass,DES_TWTKMJWAXOPXSX,
LIB_CHEMBL3894860,ethyl,piperazine_N_substitution_template_v1,one-carbon homologation of N-methyl substituent,"alkylate N-unsubstituted piperazine precursor with ethyl electrophile; conceptual route, not executed",CCN1CCN(c2ccc(Nc3ncc4cc5n(c4n3)C3(CCCCC3)CNC5=O)nc2)CC1,pass,DES_LYIDGSVTVBVLGU,
LIB_CHEMBL3894860,hydroxyethyl,piperazine_N_substitution_template_v1,increase terminal aqueous polarity with small H-bond donor,"alkylate N-unsubstituted piperazine precursor with protected 2-hydroxyethyl electrophile; conceptual route, not executed",OCCN1CCN(c2ccc(Nc3ncc4cc5n(c4n3)C3(CCCCC3)CNC5=O)nc2)CC1,pass,DES_JWEMMDYMRYGOAJ,
LIB_CHEMBL3894860,acetyl,piperazine_N_substitution_template_v1,neutralize distal piperazine nitrogen and add carbonyl acceptor,"acylate N-unsubstituted piperazine precursor with acetyl reagent; conceptual route, not executed",CC(=O)N1CCN(c2ccc(Nc3ncc4cc5n(c4n3)C3(CCCCC3)CNC5=O)nc2)CC1,pass,DES_FBGMOLGYPGIRPG,
LIB_CHEMBL3894860,cyclopropyl,piperazine_N_substitution_template_v1,probe compact lipophilic N-substitution,"N-arylation/reductive amination from N-unsubstituted piperazine precursor; route uncertain; conceptual route, not executed",C1CC1N1CCN(c2ccc(Nc3ncc4cc5n(c4n3)C3(CCCCC3)CNC5=O)nc2)CC1,pass,DES_DHQGMIBIHVXYPA,
