batch,run_id,compound_id,score_kcal_mol,closest_middle_A,middle_residues_within_4A,middle_contacts_n,closest_8_receptor_residues,F234_min_A,G235_min_A
design_final40,GEN_AAMFMNFQTIEUFM__M_PUB_ALL__e8__s20260927,GEN_AAMFMNFQTIEUFM,-7.75,9.243,,0,"[[2.999, ""A"", ""GLU"", 620], [3.264, ""A"", ""TYR"", 633], [3.283, ""A"", ""ASP"", 569], [3.285, ""A"", ""ARG"", 622], [3.319, ""A"", ""SER"", 571], [3.353, ""A"", ""LEU"", 436], [3.359, ""A"", ""LEU"", 433], [3.621, ""A"", ""PHE"", 624]]",32.656,35.082
design_final40,GEN_BTFPMVQDJPLLCI__M_PUB_ALL__e8__s20260927,GEN_BTFPMVQDJPLLCI,-8.283,5.378,,0,"[[3.152, ""A"", ""GLY"", 446], [3.174, ""A"", ""LEU"", 445], [3.206, ""A"", ""ILE"", 377], [3.335, ""A"", ""GLY"", 374], [3.53, ""A"", ""PHE"", 378], [3.546, ""A"", ""TYR"", 449], [3.619, ""A"", ""ALA"", 442], [3.779, ""A"", ""LEU"", 370]]",30.13,27.669
design_final40,GEN_BWKWRDMAIAKBAE__M_PUB_ALL__e8__s20260927,GEN_BWKWRDMAIAKBAE,-5.674,2.849,SER408;GLY411;LEU444;ASN447,4,"[[2.849, ""A"", ""SER"", 408], [3.074, ""A"", ""ASN"", 404], [3.244, ""A"", ""MET"", 407], [3.328, ""A"", ""LEU"", 524], [3.442, ""A"", ""LEU"", 444], [3.472, ""A"", ""ASN"", 447], [3.695, ""A"", ""GLY"", 411], [3.713, ""A"", ""MET"", 583]]",16.209,15.852
design_final40,GEN_BWTBPQRTWRJLBU__M_PUB_ALL__e8__s20260927,GEN_BWTBPQRTWRJLBU,-3.863,3.299,THR532;ILE536,2,"[[3.058, ""A"", ""ASN"", 573], [3.296, ""A"", ""THR"", 535], [3.299, ""A"", ""THR"", 532], [3.497, ""A"", ""ASP"", 540], [3.74, ""A"", ""ALA"", 576], [3.852, ""A"", ""PHE"", 568], [3.902, ""A"", ""GLU"", 567], [3.924, ""A"", ""ASP"", 569]]",19.767,22.654
design_final40,GEN_COWCZQVSAXVGNY__M_PUB_ALL__e8__s20260927,GEN_COWCZQVSAXVGNY,-4.642,4.703,,0,"[[3.039, ""A"", ""ASP"", 540], [3.136, ""A"", ""GLU"", 567], [3.494, ""A"", ""ARG"", 543], [3.512, ""A"", ""ASN"", 573], [3.615, ""A"", ""PHE"", 568], [3.678, ""A"", ""THR"", 566], [3.714, ""A"", ""TYR"", 565], [3.735, ""A"", ""ASP"", 569]]",23.578,27.564
design_final40,GEN_CUZDMVGGVBCNSB__M_PUB_ALL__e8__s20260927,GEN_CUZDMVGGVBCNSB,-6.738,3.295,ASP528;THR532;ILE536,3,"[[2.814, ""A"", ""THR"", 535], [3.276, ""A"", ""PHE"", 568], [3.295, ""A"", ""ASP"", 528], [3.369, ""A"", ""ASP"", 540], [3.381, ""A"", ""ASN"", 573], [3.532, ""A"", ""ALA"", 576], [3.598, ""A"", ""GLU"", 567], [3.634, ""A"", ""ASP"", 569]]",20.241,22.484
design_final40,GEN_GRZORPZRXVSXJH__M_PUB_ALL__e8__s20260927,GEN_GRZORPZRXVSXJH,-6.907,2.959,LEU443;ASN447,2,"[[2.886, ""A"", ""SER"", 373], [2.959, ""A"", ""ASN"", 447], [3.006, ""A"", ""LEU"", 443], [3.394, ""A"", ""PHE"", 378], [3.405, ""A"", ""TYR"", 449], [3.461, ""A"", ""GLY"", 446], [3.462, ""A"", ""GLY"", 374], [3.524, ""A"", ""VAL"", 450]]",29.35,27.181
design_final40,GEN_HVBTZLITHBFZSY__M_PUB_ALL__e8__s20260927,GEN_HVBTZLITHBFZSY,-6.521,3.651,LEU443,1,"[[3.143, ""A"", ""GLY"", 374], [3.275, ""A"", ""GLY"", 446], [3.316, ""A"", ""ALA"", 442], [3.393, ""A"", ""LEU"", 370], [3.471, ""A"", ""ILE"", 377], [3.474, ""A"", ""TYR"", 449], [3.651, ""A"", ""LEU"", 443], [3.949, ""A"", ""PHE"", 378]]",30.208,27.912
design_final40,GEN_IKYCIKBIXLZPQJ__M_PUB_ALL__e8__s20260927,GEN_IKYCIKBIXLZPQJ,-5.877,3.349,THR532;ILE536,2,"[[2.879, ""A"", ""ASN"", 573], [2.962, ""A"", ""GLN"", 609], [3.349, ""A"", ""ILE"", 536], [3.355, ""A"", ""THR"", 535], [3.533, ""A"", ""ASP"", 540], [3.597, ""A"", ""GLU"", 567], [3.678, ""A"", ""THR"", 532], [3.745, ""A"", ""ASP"", 569]]",21.034,23.391
design_final40,GEN_JALAVYCDAKNGHB__M_PUB_ALL__e8__s20260927,GEN_JALAVYCDAKNGHB,-6.392,4.402,,0,"[[2.901, ""A"", ""GLY"", 374], [3.385, ""A"", ""LEU"", 370], [3.394, ""A"", ""PHE"", 378], [3.569, ""A"", ""TYR"", 449], [3.605, ""A"", ""ILE"", 377], [3.677, ""A"", ""ALA"", 442], [3.679, ""A"", ""GLY"", 446], [3.7, ""A"", ""LEU"", 453]]",30.035,27.369
design_final40,GEN_JKHCANMZQKCDJF__M_PUB_ALL__e8__s20260927,GEN_JKHCANMZQKCDJF,-5.39,3.012,SER408;LEU444;ASN447;ASP528;PHE579;ASN580,6,"[[3.012, ""A"", ""SER"", 408], [3.28, ""A"", ""ASN"", 447], [3.432, ""A"", ""MET"", 407], [3.618, ""A"", ""ASP"", 528], [3.621, ""A"", ""PHE"", 579], [3.652, ""A"", ""LEU"", 444], [3.659, ""A"", ""MET"", 583], [3.899, ""A"", ""ASN"", 580]]",17.432,18.407
design_final40,GEN_JNVGIKJYIBEXIZ__M_PUB_ALL__e8__s20260927,GEN_JNVGIKJYIBEXIZ,-5.308,11.038,,0,"[[2.882, ""A"", ""PHE"", 624], [2.944, ""A"", ""SER"", 571], [3.043, ""A"", ""ILE"", 570], [3.13, ""A"", ""TYR"", 633], [3.242, ""A"", ""ARG"", 622], [3.254, ""A"", ""ASP"", 569], [3.288, ""A"", ""GLU"", 620], [3.462, ""A"", ""SER"", 178]]",32.345,35.749
design_final40,GEN_KBIFTEWSHHVYNO__M_PUB_ALL__e8__s20260927,GEN_KBIFTEWSHHVYNO,-5.563,3.806,ILE536,1,"[[2.785, ""A"", ""ASN"", 573], [2.809, ""A"", ""ASP"", 540], [2.924, ""A"", ""ASP"", 569], [3.471, ""A"", ""THR"", 566], [3.508, ""A"", ""GLU"", 567], [3.511, ""A"", ""THR"", 535], [3.584, ""A"", ""PHE"", 568], [3.683, ""A"", ""ASN"", 617]]",22.221,25.604
design_final40,GEN_LWGVRSWMUYXXLV__M_PUB_ALL__e8__s20260927,GEN_LWGVRSWMUYXXLV,-5.925,13.325,,0,"[[2.894, ""A"", ""SER"", 629], [3.194, ""A"", ""GLU"", 620], [3.198, ""A"", ""SER"", 571], [3.223, ""A"", ""PHE"", 624], [3.361, ""A"", ""ASP"", 569], [3.5, ""A"", ""ARG"", 622], [3.564, ""A"", ""LEU"", 433], [3.573, ""A"", ""LEU"", 430]]",33.206,36.409
design_final40,GEN_MNXZYWFULQKYIV__M_PUB_ALL__e8__s20260927,GEN_MNXZYWFULQKYIV,-6.471,13.271,,0,"[[2.828, ""A"", ""ILE"", 570], [2.872, ""A"", ""SER"", 571], [3.154, ""A"", ""GLU"", 620], [3.23, ""A"", ""SER"", 629], [3.475, ""A"", ""ARG"", 622], [3.478, ""A"", ""TYR"", 633], [3.494, ""A"", ""LEU"", 433], [3.597, ""A"", ""LEU"", 437]]",33.296,36.443
design_final40,GEN_OUJUDPKSJSQXEU__M_PUB_ALL__e8__s20260927,GEN_OUJUDPKSJSQXEU,-7.896,11.458,,0,"[[3.062, ""A"", ""ASP"", 569], [3.124, ""A"", ""GLU"", 620], [3.156, ""A"", ""SER"", 571], [3.169, ""A"", ""LEU"", 433], [3.195, ""A"", ""ARG"", 622], [3.414, ""A"", ""GLU"", 567], [3.512, ""A"", ""ARG"", 543], [3.517, ""A"", ""PHE"", 624]]",32.276,36.304
design_final40,GEN_QXWLFLFIYPXFRD__M_PUB_ALL__e8__s20260927,GEN_QXWLFLFIYPXFRD,-6.5,6.905,,0,"[[3.369, ""A"", ""THR"", 604], [3.424, ""A"", ""TYR"", 533], [3.434, ""C"", ""LEU"", 69], [3.437, ""A"", ""PHE"", 608], [3.53, ""A"", ""TYR"", 607], [3.556, ""C"", ""ILE"", 73], [4.125, ""A"", ""HIS"", 603], [4.419, ""A"", ""TRP"", 611]]",16.032,21.144
design_final40,GEN_RRDZQWCTWPIRJB__M_PUB_ALL__e8__s20260927,GEN_RRDZQWCTWPIRJB,-6.574,2.974,SER408;ASP528;PHE579;ASN580,4,"[[2.869, ""A"", ""ALA"", 576], [2.974, ""A"", ""SER"", 408], [3.276, ""A"", ""PHE"", 579], [3.297, ""A"", ""ASN"", 580], [3.326, ""A"", ""ASN"", 404], [3.412, ""A"", ""LEU"", 524], [3.478, ""A"", ""MET"", 407], [3.521, ""A"", ""ASP"", 528]]",17.293,15.934
design_final40,GEN_SHXIJVIRWXAUQJ__M_PUB_ALL__e8__s20260927,GEN_SHXIJVIRWXAUQJ,-6.922,13.145,,0,"[[2.932, ""A"", ""ILE"", 570], [3.009, ""A"", ""TYR"", 633], [3.062, ""A"", ""SER"", 571], [3.233, ""A"", ""GLU"", 620], [3.37, ""A"", ""ASP"", 569], [3.43, ""A"", ""ARG"", 622], [3.583, ""A"", ""LEU"", 433], [3.653, ""A"", ""PHE"", 624]]",33.028,36.133
design_final40,GEN_SJZQGVZACKZABI__M_PUB_ALL__e8__s20260927,GEN_SJZQGVZACKZABI,-4.592,3.416,ILE536,1,"[[3.259, ""A"", ""ASP"", 540], [3.416, ""A"", ""ILE"", 536], [3.419, ""A"", ""PHE"", 568], [3.436, ""A"", ""GLU"", 567], [3.504, ""A"", ""ASN"", 573], [3.6, ""A"", ""THR"", 535], [3.66, ""A"", ""ASP"", 569], [4.166, ""A"", ""GLN"", 609]]",22.269,26.361
design_final40,GEN_SVVKERIBQALCSO__M_PUB_ALL__e8__s20260927,GEN_SVVKERIBQALCSO,-6.121,6.793,,0,"[[3.107, ""A"", ""TRP"", 611], [3.127, ""A"", ""PHE"", 608], [3.245, ""A"", ""TYR"", 607], [3.368, ""A"", ""TYR"", 533], [3.415, ""C"", ""ILE"", 73], [3.416, ""A"", ""LEU"", 537], [3.517, ""C"", ""LEU"", 69], [4.286, ""A"", ""THR"", 604]]",13.193,18.497
design_final40,GEN_UNSFDILJGGLTKA__M_PUB_ALL__e8__s20260927,GEN_UNSFDILJGGLTKA,-6.529,7.172,,0,"[[3.371, ""A"", ""TYR"", 533], [3.395, ""A"", ""PHE"", 608], [3.413, ""A"", ""TYR"", 607], [3.441, ""C"", ""LEU"", 69], [3.497, ""A"", ""THR"", 604], [3.563, ""C"", ""ILE"", 73], [4.048, ""A"", ""HIS"", 603], [4.759, ""A"", ""TRP"", 611]]",15.614,20.851
design_final40,GEN_VKRGQJQCURIQER__M_PUB_ALL__e8__s20260927,GEN_VKRGQJQCURIQER,-8.146,12.019,,0,"[[2.618, ""A"", ""SER"", 629], [2.909, ""A"", ""TYR"", 633], [2.922, ""A"", ""ARG"", 622], [3.03, ""A"", ""SER"", 178], [3.062, ""A"", ""PHE"", 624], [3.066, ""A"", ""LEU"", 433], [3.111, ""A"", ""LEU"", 437], [3.125, ""A"", ""SER"", 181]]",36.192,38.868
design_final40,GEN_VQJOMIVMDAZLIK__M_PUB_ALL__e8__s20260927,GEN_VQJOMIVMDAZLIK,-4.733,3.954,ILE536,1,"[[3.038, ""A"", ""ASP"", 569], [3.144, ""A"", ""ASN"", 573], [3.205, ""A"", ""ASP"", 540], [3.363, ""A"", ""THR"", 535], [3.504, ""A"", ""ALA"", 576], [3.642, ""A"", ""PHE"", 568], [3.863, ""A"", ""GLY"", 572], [3.954, ""A"", ""ILE"", 536]]",21.727,24.647
design_final40,GEN_XRSFCXOJUGPESO__M_PUB_ALL__e8__s20260927,GEN_XRSFCXOJUGPESO,-4.769,7.1,,0,"[[3.256, ""A"", ""THR"", 604], [3.335, ""A"", ""TYR"", 607], [3.375, ""A"", ""PHE"", 608], [3.485, ""A"", ""TYR"", 533], [3.506, ""C"", ""ILE"", 73], [3.544, ""C"", ""LEU"", 69], [4.519, ""A"", ""LEU"", 537], [4.912, ""A"", ""HIS"", 603]]",15.24,20.611
design_final40,GEN_YACXEAXZVJMBIG__M_PUB_ALL__e8__s20260927,GEN_YACXEAXZVJMBIG,-4.742,3.36,THR532;ILE536,2,"[[2.872, ""A"", ""THR"", 535], [2.913, ""A"", ""ASN"", 573], [3.062, ""A"", ""ASP"", 540], [3.203, ""A"", ""ASP"", 569], [3.36, ""A"", ""THR"", 532], [3.472, ""A"", ""PHE"", 568], [3.56, ""A"", ""ASN"", 617], [3.628, ""A"", ""ILE"", 536]]",21.237,24.247
design_final40,GEN_YVTVBBQRVMJIMM__M_PUB_ALL__e8__s20260927,GEN_YVTVBBQRVMJIMM,-7.014,3.697,LEU443;ASN447,2,"[[3.158, ""A"", ""GLY"", 374], [3.336, ""A"", ""TYR"", 375], [3.341, ""A"", ""GLY"", 446], [3.407, ""A"", ""LEU"", 370], [3.408, ""A"", ""GLY"", 371], [3.445, ""A"", ""LEU"", 445], [3.623, ""A"", ""TYR"", 449], [3.635, ""A"", ""ILE"", 377]]",30.096,28.359
design_final40,GEN_ZMAZKPMDMNNJPE__M_PUB_ALL__e8__s20260927,GEN_ZMAZKPMDMNNJPE,-7.654,3.517,ARG601,1,"[[2.813, ""A"", ""THR"", 604], [3.144, ""A"", ""TYR"", 533], [3.379, ""A"", ""LEU"", 600], [3.414, ""A"", ""VAL"", 529], [3.517, ""A"", ""ARG"", 601], [3.561, ""A"", ""TYR"", 607], [3.569, ""A"", ""PHE"", 608], [3.59, ""C"", ""ILE"", 73]]",12.489,17.259
design_final40,GEN_ZRDOTZWABYZBQU__M_PUB_ALL__e8__s20260927,GEN_ZRDOTZWABYZBQU,-7.246,6.808,,0,"[[3.335, ""A"", ""PHE"", 608], [3.361, ""C"", ""SER"", 70], [3.427, ""A"", ""LEU"", 537], [3.527, ""C"", ""ILE"", 73], [3.544, ""A"", ""TYR"", 533], [3.783, ""A"", ""THR"", 604], [3.792, ""C"", ""LEU"", 69], [4.936, ""A"", ""VAL"", 529]]",12.314,17.583
design_final40,GEN_ZUBSJIIGEHMRIE__M_PUB_ALL__e8__s20260927,GEN_ZUBSJIIGEHMRIE,-6.806,13.551,,0,"[[3.0, ""A"", ""SER"", 629], [3.146, ""A"", ""ARG"", 622], [3.401, ""A"", ""SER"", 571], [3.443, ""A"", ""TYR"", 633], [3.465, ""A"", ""GLU"", 620], [3.494, ""A"", ""ILE"", 570], [3.496, ""A"", ""LEU"", 433], [3.508, ""A"", ""LEU"", 430]]",36.191,38.912
