arm,selection_rank,compound_id,source_dataset,source_id,source_ids,source_url,raw_smiles,standardized_isomeric_smiles,standardized_parent_smiles,inchi_key,parent_key,processing_status,mw,clogp,tpsa,hbd,hba,rotatable_bonds,heavy_atoms,rings,qed,formal_charge,source_record_count,stereo_form_count,historical_label_overlap,prediction_status,docking_eligibility,source_stereo_unspecified,source_unspecified_potential_stereo,rule_variant_count,rule_smiles,rule_inchikey,rule_stereo_unspecified,rule_unspecified_potential_stereo,rule_exchangeable_N_indices,rule_stable_stereo_unspecified,exchangeable_N_geometry_approximation,murcko_scaffold,descriptor_pred_kcal_mol,ai_pred_kcal_mol,ai_tree_sd_kcal_mol,max_train_tanimoto,ood_flag_max_tanimoto_below_0p3,active_mean_kcal_mol,active_tree_sd_kcal_mol,active_acquisition_kcal_mol,preparation_started_utc,input_isomeric_smiles,input_inchikey,state_inchikey,rule_unspecified_stereocenters,exchangeable_protonated_N_indices,chemical_identity_rule_version,conformers_generated,conformers_converged,selected_mmff_energy_kcal_mol,selected_conformer,sdf_graph_isomeric_smiles,sdf_graph_identity_equal,sdf_graph_identity_stable_equal,sdf_3d_isomeric_smiles,sdf_3d_stereo_equal,sdf_3d_stable_identity_equal,preparation_status,sdf_file,sdf_sha256,ligand_pdbqt,ligand_sha256,preparation_elapsed_seconds
AI_active,98,LIB_WZFZONITOFUGNM,ChEMBL,CHEMBL1080872,CHEMBL1080872,https://www.ebi.ac.uk/chembl/compound_report_card/CHEMBL1080872/,O=S(=O)(Nc1cccc(-c2cn3ccnc3c(NCc3ccncc3)n2)c1)c1cccc(C(F)(F)F)c1,O=S(=O)(Nc1cccc(-c2cn3ccnc3c(NCc3ccncc3)n2)c1)c1cccc(C(F)(F)F)c1,O=S(=O)(Nc1cccc(-c2cn3ccnc3c(NCc3ccncc3)n2)c1)c1cccc(C(F)(F)F)c1,WZFZONITOFUGNM-UHFFFAOYSA-N,WZFZONITOFUGNM,eligible,524.528,5.223,101.28,2,6,7,37,5,0.3027,0,1,1,False,predicted,eligible,False,[],1,O=S(=O)(Nc1cccc(-c2cn3ccnc3c(NCc3ccncc3)n2)c1)c1cccc(C(F)(F)F)c1,WZFZONITOFUGNM-UHFFFAOYSA-N,False,[],[],False,False,O=S(=O)(Nc1cccc(-c2cn3ccnc3c(NCc3ccncc3)n2)c1)c1ccccc1,-8.05077838897705,-8.058125495910645,0.5728622078895569,0.26436781609195403,True,-9.140342712402344,0.9528837203979492,-9.616785049438477,2026-09-29T00:59:52.619478+00:00,O=S(=O)(Nc1cccc(-c2cn3ccnc3c(NCc3ccncc3)n2)c1)c1cccc(C(F)(F)F)c1,WZFZONITOFUGNM-UHFFFAOYSA-N,WZFZONITOFUGNM-UHFFFAOYSA-N,[],[],exchangeable_tertiary_ring_NH_and_full_potential_stereo_v3_20260929,10,10,16.62463051515222,0,O=S(=O)(Nc1cccc(-c2cn3ccnc3c(NCc3ccncc3)n2)c1)c1cccc(C(F)(F)F)c1,True,True,O=S(=O)(Nc1cccc(-c2cn3ccnc3c(NCc3ccncc3)n2)c1)c1cccc(C(F)(F)F)c1,True,True,prepared,<PACKAGE_ROOT>\Documents\Codex\TMC1_R2_Scratch_20260929\03_compute\formal_forward_v2_active_resume14\ligands\LIB_WZFZONITOFUGNM.sdf,801b4e9fb1121c3a5c3f59a88cfff5682266524d270d7918c75a49d95a2e8bd0,<PACKAGE_ROOT>\Documents\Codex\TMC1_R2_Scratch_20260929\03_compute\formal_forward_v2_active_resume14\ligands\LIB_WZFZONITOFUGNM.pdbqt,83458d5ac98283186313d4b31146d0e45d25cb362e6de1d752745fb293823718,0.898
AI_active,106,LIB_REDBMKRPRFVCHI,ChEMBL,CHEMBL1076468,CHEMBL1076468,https://www.ebi.ac.uk/chembl/compound_report_card/CHEMBL1076468/,CCN(CC)CCNc1cc(-n2c(Nc3cc(NC(=O)c4cccc(C(F)(F)F)c4)ccc3C)nc3ccccc32)ncn1,CCN(CC)CCNc1cc(-n2c(Nc3cc(NC(=O)c4cccc(C(F)(F)F)c4)ccc3C)nc3ccccc32)ncn1,CCN(CC)CCNc1cc(-n2c(Nc3cc(NC(=O)c4cccc(C(F)(F)F)c4)ccc3C)nc3ccccc32)ncn1,REDBMKRPRFVCHI-UHFFFAOYSA-N,REDBMKRPRFVCHI,eligible,602.665,6.892,100.0,3,7,11,44,5,0.1514,0,1,1,False,predicted,eligible,False,[],1,CC[NH+](CC)CCNc1cc(-n2c(Nc3cc(NC(=O)c4cccc(C(F)(F)F)c4)ccc3C)nc3ccccc32)ncn1,REDBMKRPRFVCHI-UHFFFAOYSA-O,False,[],[],False,False,O=C(Nc1cccc(Nc2nc3ccccc3n2-c2ccncn2)c1)c1ccccc1,-8.340119361877441,-7.880454063415527,0.7349510192871094,0.28125,True,-9.294366836547852,0.5557785630226135,-9.572256088256836,2026-09-29T00:59:53.519118+00:00,CCN(CC)CCNc1cc(-n2c(Nc3cc(NC(=O)c4cccc(C(F)(F)F)c4)ccc3C)nc3ccccc32)ncn1,REDBMKRPRFVCHI-UHFFFAOYSA-N,REDBMKRPRFVCHI-UHFFFAOYSA-O,[],[],exchangeable_tertiary_ring_NH_and_full_potential_stereo_v3_20260929,10,10,66.95392999195218,8,CC[NH+](CC)CCNc1cc(-n2c(Nc3cc(NC(=O)c4cccc(C(F)(F)F)c4)ccc3C)nc3ccccc32)ncn1,True,True,CC[NH+](CC)CCNc1cc(-n2c(Nc3cc(NC(=O)c4cccc(C(F)(F)F)c4)ccc3C)nc3ccccc32)ncn1,True,True,prepared,<PACKAGE_ROOT>\Documents\Codex\TMC1_R2_Scratch_20260929\03_compute\formal_forward_v2_active_resume14\ligands\LIB_REDBMKRPRFVCHI.sdf,7a4429db664f755819efc0d50f63bb0057cb801d2649f78e5055fe90d43b2b3e,<PACKAGE_ROOT>\Documents\Codex\TMC1_R2_Scratch_20260929\03_compute\formal_forward_v2_active_resume14\ligands\LIB_REDBMKRPRFVCHI.pdbqt,df53334cf126a9dac5d513d37cba194d74a194469ff52d0f255efc4bc5027109,1.954
AI_active,107,LIB_AIWJVLQNYNCDSL,ChEMBL,CHEMBL1087397,CHEMBL1087397,https://www.ebi.ac.uk/chembl/compound_report_card/CHEMBL1087397/,CN(C)Cc1ccc(-c2cnn3c(-c4cccc(NC(=O)c5cccc(C(F)(F)F)c5)c4)ccnc23)cc1,CN(C)Cc1ccc(-c2cnn3c(-c4cccc(NC(=O)c5cccc(C(F)(F)F)c5)c4)ccnc23)cc1,CN(C)Cc1ccc(-c2cnn3c(-c4cccc(NC(=O)c5cccc(C(F)(F)F)c5)c4)ccnc23)cc1,AIWJVLQNYNCDSL-UHFFFAOYSA-N,AIWJVLQNYNCDSL,eligible,515.539,6.396,62.53,1,4,6,38,5,0.2845,0,1,1,False,predicted,eligible,False,[],1,C[NH+](C)Cc1ccc(-c2cnn3c(-c4cccc(NC(=O)c5cccc(C(F)(F)F)c5)c4)ccnc23)cc1,AIWJVLQNYNCDSL-UHFFFAOYSA-O,False,[],[],False,False,O=C(Nc1cccc(-c2ccnc3c(-c4ccccc4)cnn23)c1)c1ccccc1,-8.092418670654297,-8.160520553588867,0.49582234025001526,0.36904761904761907,False,-9.333845138549805,0.4524308145046234,-9.560060501098633,2026-09-29T00:59:55.474478+00:00,CN(C)Cc1ccc(-c2cnn3c(-c4cccc(NC(=O)c5cccc(C(F)(F)F)c5)c4)ccnc23)cc1,AIWJVLQNYNCDSL-UHFFFAOYSA-N,AIWJVLQNYNCDSL-UHFFFAOYSA-O,[],[],exchangeable_tertiary_ring_NH_and_full_potential_stereo_v3_20260929,10,10,134.95247214424694,2,C[NH+](C)Cc1ccc(-c2cnn3c(-c4cccc(NC(=O)c5cccc(C(F)(F)F)c5)c4)ccnc23)cc1,True,True,C[NH+](C)Cc1ccc(-c2cnn3c(-c4cccc(NC(=O)c5cccc(C(F)(F)F)c5)c4)ccnc23)cc1,True,True,prepared,<PACKAGE_ROOT>\Documents\Codex\TMC1_R2_Scratch_20260929\03_compute\formal_forward_v2_active_resume14\ligands\LIB_AIWJVLQNYNCDSL.sdf,70a2a98c34654e01b0cfaf773acac9be8e5dbd58473b5e70e6bc7e7bea14acf2,<PACKAGE_ROOT>\Documents\Codex\TMC1_R2_Scratch_20260929\03_compute\formal_forward_v2_active_resume14\ligands\LIB_AIWJVLQNYNCDSL.pdbqt,ab0200f7c4a89d605e458e4b53336b3c115588e38d1e98f353b3539a10e3009b,1.089
AI_active,108,LIB_UOJUQBSCCIRCHS,ChEMBL,CHEMBL1076469,CHEMBL1076469,https://www.ebi.ac.uk/chembl/compound_report_card/CHEMBL1076469/,Cc1ccc(NC(=O)c2cccc(C(F)(F)F)c2)cc1Nc1nc2ccccc2n1-c1cc(NCCCCN(C)C)ncn1,Cc1ccc(NC(=O)c2cccc(C(F)(F)F)c2)cc1Nc1nc2ccccc2n1-c1cc(NCCCCN(C)C)ncn1,Cc1ccc(NC(=O)c2cccc(C(F)(F)F)c2)cc1Nc1nc2ccccc2n1-c1cc(NCCCCN(C)C)ncn1,UOJUQBSCCIRCHS-UHFFFAOYSA-N,UOJUQBSCCIRCHS,eligible,602.665,6.892,100.0,3,7,11,44,5,0.1416,0,1,1,False,predicted,eligible,False,[],1,Cc1ccc(NC(=O)c2cccc(C(F)(F)F)c2)cc1Nc1nc2ccccc2n1-c1cc(NCCCC[NH+](C)C)ncn1,UOJUQBSCCIRCHS-UHFFFAOYSA-O,False,[],[],False,False,O=C(Nc1cccc(Nc2nc3ccccc3n2-c2ccncn2)c1)c1ccccc1,-8.340119361877441,-7.89333963394165,0.7013252377510071,0.2696629213483146,True,-9.27979850769043,0.5573431253433228,-9.558469772338867,2026-09-29T00:59:56.564368+00:00,Cc1ccc(NC(=O)c2cccc(C(F)(F)F)c2)cc1Nc1nc2ccccc2n1-c1cc(NCCCCN(C)C)ncn1,UOJUQBSCCIRCHS-UHFFFAOYSA-N,UOJUQBSCCIRCHS-UHFFFAOYSA-O,[],[],exchangeable_tertiary_ring_NH_and_full_potential_stereo_v3_20260929,10,10,44.60066982321742,0,Cc1ccc(NC(=O)c2cccc(C(F)(F)F)c2)cc1Nc1nc2ccccc2n1-c1cc(NCCCC[NH+](C)C)ncn1,True,True,Cc1ccc(NC(=O)c2cccc(C(F)(F)F)c2)cc1Nc1nc2ccccc2n1-c1cc(NCCCC[NH+](C)C)ncn1,True,True,prepared,<PACKAGE_ROOT>\Documents\Codex\TMC1_R2_Scratch_20260929\03_compute\formal_forward_v2_active_resume14\ligands\LIB_UOJUQBSCCIRCHS.sdf,d1db87f345f5704f544b601bda13d3dee57d98e5836033a38a1832e73aa3f0bd,<PACKAGE_ROOT>\Documents\Codex\TMC1_R2_Scratch_20260929\03_compute\formal_forward_v2_active_resume14\ligands\LIB_UOJUQBSCCIRCHS.pdbqt,afb45c9098b165259161c9b9a95c53d013868a051724e8d3cb19bc3b7806ce16,1.953
AI_active,110,LIB_RCFMYOVNMVCRHQ,ChEMBL,CHEMBL1076198,CHEMBL1076198,https://www.ebi.ac.uk/chembl/compound_report_card/CHEMBL1076198/,Cc1ccc(C(=O)Nc2cccc(C(F)(F)F)c2)cc1Nc1nc2ccccc2n1-c1cc(NCCCCN(C)C)ncn1,Cc1ccc(C(=O)Nc2cccc(C(F)(F)F)c2)cc1Nc1nc2ccccc2n1-c1cc(NCCCCN(C)C)ncn1,Cc1ccc(C(=O)Nc2cccc(C(F)(F)F)c2)cc1Nc1nc2ccccc2n1-c1cc(NCCCCN(C)C)ncn1,RCFMYOVNMVCRHQ-UHFFFAOYSA-N,RCFMYOVNMVCRHQ,eligible,602.665,6.892,100.0,3,7,11,44,5,0.1416,0,1,1,False,predicted,eligible,False,[],1,Cc1ccc(C(=O)Nc2cccc(C(F)(F)F)c2)cc1Nc1nc2ccccc2n1-c1cc(NCCCC[NH+](C)C)ncn1,RCFMYOVNMVCRHQ-UHFFFAOYSA-O,False,[],[],False,False,O=C(Nc1ccccc1)c1cccc(Nc2nc3ccccc3n2-c2ccncn2)c1,-8.340119361877441,-7.849038124084473,0.729934811592102,0.2696629213483146,True,-9.279180526733398,0.5519001483917236,-9.555130958557129,2026-09-29T00:59:58.519398+00:00,Cc1ccc(C(=O)Nc2cccc(C(F)(F)F)c2)cc1Nc1nc2ccccc2n1-c1cc(NCCCCN(C)C)ncn1,RCFMYOVNMVCRHQ-UHFFFAOYSA-N,RCFMYOVNMVCRHQ-UHFFFAOYSA-O,[],[],exchangeable_tertiary_ring_NH_and_full_potential_stereo_v3_20260929,10,10,35.51320062075466,8,Cc1ccc(C(=O)Nc2cccc(C(F)(F)F)c2)cc1Nc1nc2ccccc2n1-c1cc(NCCCC[NH+](C)C)ncn1,True,True,Cc1ccc(C(=O)Nc2cccc(C(F)(F)F)c2)cc1Nc1nc2ccccc2n1-c1cc(NCCCC[NH+](C)C)ncn1,True,True,prepared,<PACKAGE_ROOT>\Documents\Codex\TMC1_R2_Scratch_20260929\03_compute\formal_forward_v2_active_resume14\ligands\LIB_RCFMYOVNMVCRHQ.sdf,a0fc7a3b1a65f88354d4a38cf7c8b61929563bbd1a882264ec3395baa31a0c02,<PACKAGE_ROOT>\Documents\Codex\TMC1_R2_Scratch_20260929\03_compute\formal_forward_v2_active_resume14\ligands\LIB_RCFMYOVNMVCRHQ.pdbqt,2a4375c52d98b32326d09c6ee0b8412444c1917427e6fe2aaa5aa011054f18b2,1.935
AI_active,111,LIB_GMIVUSAKVGKIOC,ChEMBL,CHEMBL1076466,CHEMBL1076466,https://www.ebi.ac.uk/chembl/compound_report_card/CHEMBL1076466/,Cc1ccc(NC(=O)c2cccc(C(F)(F)F)c2)cc1Nc1nc2ccccc2n1-c1cc(NCCCCN)ncn1,Cc1ccc(NC(=O)c2cccc(C(F)(F)F)c2)cc1Nc1nc2ccccc2n1-c1cc(NCCCCN)ncn1,Cc1ccc(NC(=O)c2cccc(C(F)(F)F)c2)cc1Nc1nc2ccccc2n1-c1cc(NCCCCN)ncn1,GMIVUSAKVGKIOC-UHFFFAOYSA-N,GMIVUSAKVGKIOC,eligible,574.611,6.289,122.78,4,7,10,42,5,0.1446,0,1,1,False,predicted,eligible,False,[],1,Cc1ccc(NC(=O)c2cccc(C(F)(F)F)c2)cc1Nc1nc2ccccc2n1-c1cc(NCCCC[NH3+])ncn1,GMIVUSAKVGKIOC-UHFFFAOYSA-O,False,[],[],False,False,O=C(Nc1cccc(Nc2nc3ccccc3n2-c2ccncn2)c1)c1ccccc1,-8.321026802062988,-7.992012023925781,0.6275347471237183,0.23595505617977527,True,-9.234905242919922,0.4924779236316681,-9.481143951416016,2026-09-29T01:00:00.457212+00:00,Cc1ccc(NC(=O)c2cccc(C(F)(F)F)c2)cc1Nc1nc2ccccc2n1-c1cc(NCCCCN)ncn1,GMIVUSAKVGKIOC-UHFFFAOYSA-N,GMIVUSAKVGKIOC-UHFFFAOYSA-O,[],[],exchangeable_tertiary_ring_NH_and_full_potential_stereo_v3_20260929,10,10,21.35711367172751,7,Cc1ccc(NC(=O)c2cccc(C(F)(F)F)c2)cc1Nc1nc2ccccc2n1-c1cc(NCCCC[NH3+])ncn1,True,True,Cc1ccc(NC(=O)c2cccc(C(F)(F)F)c2)cc1Nc1nc2ccccc2n1-c1cc(NCCCC[NH3+])ncn1,True,True,prepared,<PACKAGE_ROOT>\Documents\Codex\TMC1_R2_Scratch_20260929\03_compute\formal_forward_v2_active_resume14\ligands\LIB_GMIVUSAKVGKIOC.sdf,465f231aa035f030cc378caae9435eb9cdec8897e0fd1a1ff3336bd51f8fd058,<PACKAGE_ROOT>\Documents\Codex\TMC1_R2_Scratch_20260929\03_compute\formal_forward_v2_active_resume14\ligands\LIB_GMIVUSAKVGKIOC.pdbqt,4b76b583d99ecdef365453933f9f19e30f7f2828a99aded4f89a668d358d71a9,1.848
AI_active,112,LIB_LVPFKJJHXQHRCM,ChEMBL,CHEMBL1085995,CHEMBL1085995,https://www.ebi.ac.uk/chembl/compound_report_card/CHEMBL1085995/,Cc1nc2c(-c3cccc(N4CCN(C)CC4)c3)cnn2c(N)c1-c1ccc(NC(=O)OCC(C)C)cc1,Cc1nc2c(-c3cccc(N4CCN(C)CC4)c3)cnn2c(N)c1-c1ccc(NC(=O)OCC(C)C)cc1,Cc1nc2c(-c3cccc(N4CCN(C)CC4)c3)cnn2c(N)c1-c1ccc(NC(=O)OCC(C)C)cc1,LVPFKJJHXQHRCM-UHFFFAOYSA-N,LVPFKJJHXQHRCM,eligible,513.646,4.91,101.02,2,7,6,38,5,0.3778,0,1,1,False,predicted,eligible,False,[],1,Cc1nc2c(-c3cccc(N4CC[NH+](C)CC4)c3)cnn2c(N)c1-c1ccc(NC(=O)OCC(C)C)cc1,LVPFKJJHXQHRCM-UHFFFAOYSA-O,False,[],[13],False,False,c1ccc(-c2cnc3c(-c4cccc(N5CC[NH2+]CC5)c4)cnn3c2)cc1,-8.050748825073242,-8.026226997375488,0.6844165325164795,0.3235294117647059,False,-9.310997009277344,0.3373420536518097,-9.479667663574219,2026-09-29T01:00:02.305927+00:00,Cc1nc2c(-c3cccc(N4CCN(C)CC4)c3)cnn2c(N)c1-c1ccc(NC(=O)OCC(C)C)cc1,LVPFKJJHXQHRCM-UHFFFAOYSA-N,LVPFKJJHXQHRCM-UHFFFAOYSA-O,[],[13],exchangeable_tertiary_ring_NH_and_full_potential_stereo_v3_20260929,10,10,193.2245356557401,2,Cc1nc2c(-c3cccc(N4CC[NH+](C)CC4)c3)cnn2c(N)c1-c1ccc(NC(=O)OCC(C)C)cc1,True,True,Cc1nc2c(-c3cccc(N4CC[NH+](C)CC4)c3)cnn2c(N)c1-c1ccc(NC(=O)OCC(C)C)cc1,True,True,prepared,<PACKAGE_ROOT>\Documents\Codex\TMC1_R2_Scratch_20260929\03_compute\formal_forward_v2_active_resume14\ligands\LIB_LVPFKJJHXQHRCM.sdf,61ee4ba5aba4d0060e6f7899d6d50217f02ddac544ed10617e6a71f9480df276,<PACKAGE_ROOT>\Documents\Codex\TMC1_R2_Scratch_20260929\03_compute\formal_forward_v2_active_resume14\ligands\LIB_LVPFKJJHXQHRCM.pdbqt,c55d3ea0c4ce9eadb0837dd622ad6d0700340cf615e061b59d3441cfc3d3a2ee,1.746
AI_active,113,LIB_FLOXVEVSESQZRQ,ChEMBL,CHEMBL1085317,CHEMBL1085317,https://www.ebi.ac.uk/chembl/compound_report_card/CHEMBL1085317/,CC(C)COC(=O)Nc1ccc(-c2cnc3c(-c4cccc(N5CCN(C)CC5)c4)cnn3c2N)cc1,CC(C)COC(=O)Nc1ccc(-c2cnc3c(-c4cccc(N5CCN(C)CC5)c4)cnn3c2N)cc1,CC(C)COC(=O)Nc1ccc(-c2cnc3c(-c4cccc(N5CCN(C)CC5)c4)cnn3c2N)cc1,FLOXVEVSESQZRQ-UHFFFAOYSA-N,FLOXVEVSESQZRQ,eligible,499.619,4.602,101.02,2,7,6,37,5,0.3997,0,1,1,False,predicted,eligible,False,[],1,CC(C)COC(=O)Nc1ccc(-c2cnc3c(-c4cccc(N5CC[NH+](C)CC5)c4)cnn3c2N)cc1,FLOXVEVSESQZRQ-UHFFFAOYSA-O,False,[],[25],False,False,c1ccc(-c2cnc3c(-c4cccc(N5CC[NH2+]CC5)c4)cnn3c2)cc1,-7.930209159851074,-8.103909492492676,0.5976439118385315,0.3333333333333333,False,-9.298260688781738,0.36244964599609375,-9.479485511779785,2026-09-29T01:00:04.054994+00:00,CC(C)COC(=O)Nc1ccc(-c2cnc3c(-c4cccc(N5CCN(C)CC5)c4)cnn3c2N)cc1,FLOXVEVSESQZRQ-UHFFFAOYSA-N,FLOXVEVSESQZRQ-UHFFFAOYSA-O,[],[25],exchangeable_tertiary_ring_NH_and_full_potential_stereo_v3_20260929,10,10,188.05446007231146,7,CC(C)COC(=O)Nc1ccc(-c2cnc3c(-c4cccc(N5CC[NH+](C)CC5)c4)cnn3c2N)cc1,True,True,CC(C)COC(=O)Nc1ccc(-c2cnc3c(-c4cccc(N5CC[NH+](C)CC5)c4)cnn3c2N)cc1,True,True,prepared,<PACKAGE_ROOT>\Documents\Codex\TMC1_R2_Scratch_20260929\03_compute\formal_forward_v2_active_resume14\ligands\LIB_FLOXVEVSESQZRQ.sdf,e7509c0db0b9c2ff6c776e9b9a452aa814cd64a30657e300ef25b2ac650b8fab,<PACKAGE_ROOT>\Documents\Codex\TMC1_R2_Scratch_20260929\03_compute\formal_forward_v2_active_resume14\ligands\LIB_FLOXVEVSESQZRQ.pdbqt,c7a68c1c54b3908ff88c92a0ebfbff771592a340844ee5110cf5c922f69a5e25,1.376
AI_active,114,LIB_SRDCKXVGOFJLJK,ChEMBL,CHEMBL1085996,CHEMBL1085996,https://www.ebi.ac.uk/chembl/compound_report_card/CHEMBL1085996/,Cc1cc(NC(=O)OCC(C)C)ccc1-c1cnc2c(-c3cccc(N4CCN(C)CC4)c3)cnn2c1N,Cc1cc(NC(=O)OCC(C)C)ccc1-c1cnc2c(-c3cccc(N4CCN(C)CC4)c3)cnn2c1N,Cc1cc(NC(=O)OCC(C)C)ccc1-c1cnc2c(-c3cccc(N4CCN(C)CC4)c3)cnn2c1N,SRDCKXVGOFJLJK-UHFFFAOYSA-N,SRDCKXVGOFJLJK,eligible,513.646,4.91,101.02,2,7,6,38,5,0.3778,0,1,1,False,predicted,eligible,False,[],1,Cc1cc(NC(=O)OCC(C)C)ccc1-c1cnc2c(-c3cccc(N4CC[NH+](C)CC4)c3)cnn2c1N,SRDCKXVGOFJLJK-UHFFFAOYSA-O,False,[],[28],False,False,c1ccc(-c2cnc3c(-c4cccc(N5CC[NH2+]CC5)c4)cnn3c2)cc1,-8.050748825073242,-8.07142448425293,0.6262877583503723,0.32038834951456313,False,-9.270630836486816,0.4043484032154083,-9.47280502319336,2026-09-29T01:00:05.432602+00:00,Cc1cc(NC(=O)OCC(C)C)ccc1-c1cnc2c(-c3cccc(N4CCN(C)CC4)c3)cnn2c1N,SRDCKXVGOFJLJK-UHFFFAOYSA-N,SRDCKXVGOFJLJK-UHFFFAOYSA-O,[],[28],exchangeable_tertiary_ring_NH_and_full_potential_stereo_v3_20260929,10,10,191.88424238978166,8,Cc1cc(NC(=O)OCC(C)C)ccc1-c1cnc2c(-c3cccc(N4CC[NH+](C)CC4)c3)cnn2c1N,True,True,Cc1cc(NC(=O)OCC(C)C)ccc1-c1cnc2c(-c3cccc(N4CC[NH+](C)CC4)c3)cnn2c1N,True,True,prepared,<PACKAGE_ROOT>\Documents\Codex\TMC1_R2_Scratch_20260929\03_compute\formal_forward_v2_active_resume14\ligands\LIB_SRDCKXVGOFJLJK.sdf,35b75bccfe133aa51dcc07e6f72b1d809dd58f3831edf2d87b6fa4fb01f6041a,<PACKAGE_ROOT>\Documents\Codex\TMC1_R2_Scratch_20260929\03_compute\formal_forward_v2_active_resume14\ligands\LIB_SRDCKXVGOFJLJK.pdbqt,60febfa1f571c4b1f3690db58603cf05720f40eafb03b4ea88f95b9abc583bb9,1.524
AI_active,115,LIB_RUTKUCAFHHXWCX,ChEMBL,CHEMBL1083486,CHEMBL1083486,https://www.ebi.ac.uk/chembl/compound_report_card/CHEMBL1083486/,Cc1ccc(NC(=O)c2cc(Cl)cc(C(F)(F)F)c2)cc1-c1nc2c(cnn2Cc2ccccc2)[nH]1,Cc1ccc(NC(=O)c2cc(Cl)cc(C(F)(F)F)c2)cc1-c1nc2c(cnn2Cc2ccccc2)[nH]1,Cc1ccc(NC(=O)c2cc(Cl)cc(C(F)(F)F)c2)cc1-c1nc2c(cnn2Cc2ccccc2)[nH]1,RUTKUCAFHHXWCX-UHFFFAOYSA-N,RUTKUCAFHHXWCX,eligible,509.919,6.708,75.6,2,3,5,36,5,0.2764,0,1,1,False,predicted,eligible,False,[],1,Cc1ccc(NC(=O)c2cc(Cl)cc(C(F)(F)F)c2)cc1-c1nc2c(cnn2Cc2ccccc2)[n-]1,FEZWFKCQDAOKFK-UHFFFAOYSA-M,False,[],[],False,False,O=C(Nc1cccc(-c2nc3c(cnn3Cc3ccccc3)[n-]2)c1)c1ccccc1,-8.314102172851562,-7.961583614349365,0.5838515758514404,0.2911392405063291,True,-9.238626480102539,0.4620940685272217,-9.469673156738281,2026-09-29T01:00:06.957226+00:00,Cc1ccc(NC(=O)c2cc(Cl)cc(C(F)(F)F)c2)cc1-c1nc2c(cnn2Cc2ccccc2)[nH]1,RUTKUCAFHHXWCX-UHFFFAOYSA-N,FEZWFKCQDAOKFK-UHFFFAOYSA-M,[],[],exchangeable_tertiary_ring_NH_and_full_potential_stereo_v3_20260929,8,8,134.99017141659232,5,Cc1ccc(NC(=O)c2cc(Cl)cc(C(F)(F)F)c2)cc1-c1nc2c(cnn2Cc2ccccc2)[n-]1,True,True,Cc1ccc(NC(=O)c2cc(Cl)cc(C(F)(F)F)c2)cc1-c1nc2c(cnn2Cc2ccccc2)[n-]1,True,True,prepared,<PACKAGE_ROOT>\Documents\Codex\TMC1_R2_Scratch_20260929\03_compute\formal_forward_v2_active_resume14\ligands\LIB_RUTKUCAFHHXWCX.sdf,fd897ba92d4aef47525c9da4d238a54f764dc960e6e00835be0c08c24e3f28fd,<PACKAGE_ROOT>\Documents\Codex\TMC1_R2_Scratch_20260929\03_compute\formal_forward_v2_active_resume14\ligands\LIB_RUTKUCAFHHXWCX.pdbqt,fc1247f770cc61e95f18a9c9c6d11529b0ddf7b20650cd538e9d953b5749c035,0.588
AI_active,116,LIB_BHIWBHXJQRREGM,ChEMBL,CHEMBL1085316,CHEMBL1085316,https://www.ebi.ac.uk/chembl/compound_report_card/CHEMBL1085316/,CN1CCN(c2cccc(-c3cnn4c(N)c(-c5ccc(NC(=O)CCC6CCCC6)cc5)cnc34)c2)CC1,CN1CCN(c2cccc(-c3cnn4c(N)c(-c5ccc(NC(=O)CCC6CCCC6)cc5)cnc34)c2)CC1,CN1CCN(c2cccc(-c3cnn4c(N)c(-c5ccc(NC(=O)CCC6CCCC6)cc5)cnc34)c2)CC1,BHIWBHXJQRREGM-UHFFFAOYSA-N,BHIWBHXJQRREGM,eligible,523.685,5.306,91.79,2,6,7,39,6,0.3413,0,1,1,False,predicted,eligible,False,[],1,C[NH+]1CCN(c2cccc(-c3cnn4c(N)c(-c5ccc(NC(=O)CCC6CCCC6)cc5)cnc34)c2)CC1,BHIWBHXJQRREGM-UHFFFAOYSA-O,False,[],[1],False,False,O=C(CCC1CCCC1)Nc1ccc(-c2cnc3c(-c4cccc(N5CC[NH2+]CC5)c4)cnn3c2)cc1,-8.077991485595703,-8.191276550292969,0.607703685760498,0.2980769230769231,True,-9.366656303405762,0.20293498039245605,-9.468123435974121,2026-09-29T01:00:07.545700+00:00,CN1CCN(c2cccc(-c3cnn4c(N)c(-c5ccc(NC(=O)CCC6CCCC6)cc5)cnc34)c2)CC1,BHIWBHXJQRREGM-UHFFFAOYSA-N,BHIWBHXJQRREGM-UHFFFAOYSA-O,[],[1],exchangeable_tertiary_ring_NH_and_full_potential_stereo_v3_20260929,10,10,228.11128985414388,7,C[NH+]1CCN(c2cccc(-c3cnn4c(N)c(-c5ccc(NC(=O)CCC6CCCC6)cc5)cnc34)c2)CC1,True,True,C[NH+]1CCN(c2cccc(-c3cnn4c(N)c(-c5ccc(NC(=O)CCC6CCCC6)cc5)cnc34)c2)CC1,True,True,prepared,<PACKAGE_ROOT>\Documents\Codex\TMC1_R2_Scratch_20260929\03_compute\formal_forward_v2_active_resume14\ligands\LIB_BHIWBHXJQRREGM.sdf,81b307d7f519b519ae3298640ead4f4b8f8337f5b57e9435b559a59440264ba2,<PACKAGE_ROOT>\Documents\Codex\TMC1_R2_Scratch_20260929\03_compute\formal_forward_v2_active_resume14\ligands\LIB_BHIWBHXJQRREGM.pdbqt,a81116e56479b42983d7537b3b6c649b991b33c06be13f5f32a12d92eeb8eacd,1.887
AI_active,117,LIB_PTWXGAHPCIQUHL,ChEMBL,CHEMBL1076465,CHEMBL1076465,https://www.ebi.ac.uk/chembl/compound_report_card/CHEMBL1076465/,Cc1ccc(NC(=O)c2cccc(C(F)(F)F)c2)cc1Nc1nc2ccccc2n1-c1cc(NCCCN)ncn1,Cc1ccc(NC(=O)c2cccc(C(F)(F)F)c2)cc1Nc1nc2ccccc2n1-c1cc(NCCCN)ncn1,Cc1ccc(NC(=O)c2cccc(C(F)(F)F)c2)cc1Nc1nc2ccccc2n1-c1cc(NCCCN)ncn1,PTWXGAHPCIQUHL-UHFFFAOYSA-N,PTWXGAHPCIQUHL,eligible,560.584,5.899,122.78,4,7,9,41,5,0.1656,0,1,1,False,predicted,eligible,False,[],1,Cc1ccc(NC(=O)c2cccc(C(F)(F)F)c2)cc1Nc1nc2ccccc2n1-c1cc(NCCC[NH3+])ncn1,PTWXGAHPCIQUHL-UHFFFAOYSA-O,False,[],[],False,False,O=C(Nc1cccc(Nc2nc3ccccc3n2-c2ccncn2)c1)c1ccccc1,-8.296732902526855,-8.016006469726562,0.6158891320228577,0.23863636363636365,True,-9.209539413452148,0.4729974567890167,-9.446038246154785,2026-09-29T01:00:09.435408+00:00,Cc1ccc(NC(=O)c2cccc(C(F)(F)F)c2)cc1Nc1nc2ccccc2n1-c1cc(NCCCN)ncn1,PTWXGAHPCIQUHL-UHFFFAOYSA-N,PTWXGAHPCIQUHL-UHFFFAOYSA-O,[],[],exchangeable_tertiary_ring_NH_and_full_potential_stereo_v3_20260929,10,10,12.677655378849224,7,Cc1ccc(NC(=O)c2cccc(C(F)(F)F)c2)cc1Nc1nc2ccccc2n1-c1cc(NCCC[NH3+])ncn1,True,True,Cc1ccc(NC(=O)c2cccc(C(F)(F)F)c2)cc1Nc1nc2ccccc2n1-c1cc(NCCC[NH3+])ncn1,True,True,prepared,<PACKAGE_ROOT>\Documents\Codex\TMC1_R2_Scratch_20260929\03_compute\formal_forward_v2_active_resume14\ligands\LIB_PTWXGAHPCIQUHL.sdf,51c7c7f1357ea2cf9a6f07b9f606169d156fd0b7e52c68eb131afbf4b8605dd3,<PACKAGE_ROOT>\Documents\Codex\TMC1_R2_Scratch_20260929\03_compute\formal_forward_v2_active_resume14\ligands\LIB_PTWXGAHPCIQUHL.pdbqt,3981e24e94697a85b4b5bc5cdc578fbef09296f31c98880ce5de253678eefba7,1.394
AI_active,118,LIB_WLXHZMYOVDOALX,ChEMBL,CHEMBL1076480,CHEMBL1076480,https://www.ebi.ac.uk/chembl/compound_report_card/CHEMBL1076480/,COCCNc1cc(-n2c(Nc3cc(NC(=O)c4cccc(C(F)(F)F)c4)ccc3C)nc3ccccc32)ncn1,COCCNc1cc(-n2c(Nc3cc(NC(=O)c4cccc(C(F)(F)F)c4)ccc3C)nc3ccccc32)ncn1,COCCNc1cc(-n2c(Nc3cc(NC(=O)c4cccc(C(F)(F)F)c4)ccc3C)nc3ccccc32)ncn1,WLXHZMYOVDOALX-UHFFFAOYSA-N,WLXHZMYOVDOALX,eligible,561.568,6.197,105.99,3,7,9,41,5,0.1842,0,1,1,False,predicted,eligible,False,[],1,COCCNc1cc(-n2c(Nc3cc(NC(=O)c4cccc(C(F)(F)F)c4)ccc3C)nc3ccccc32)ncn1,WLXHZMYOVDOALX-UHFFFAOYSA-N,False,[],[],False,False,O=C(Nc1cccc(Nc2nc3ccccc3n2-c2ccncn2)c1)c1ccccc1,-8.357192993164062,-8.032336235046387,0.5862834453582764,0.2413793103448276,True,-9.214237213134766,0.462534099817276,-9.445504188537598,2026-09-29T01:00:10.830896+00:00,COCCNc1cc(-n2c(Nc3cc(NC(=O)c4cccc(C(F)(F)F)c4)ccc3C)nc3ccccc32)ncn1,WLXHZMYOVDOALX-UHFFFAOYSA-N,WLXHZMYOVDOALX-UHFFFAOYSA-N,[],[],exchangeable_tertiary_ring_NH_and_full_potential_stereo_v3_20260929,10,10,61.05482857252119,1,COCCNc1cc(-n2c(Nc3cc(NC(=O)c4cccc(C(F)(F)F)c4)ccc3C)nc3ccccc32)ncn1,True,True,COCCNc1cc(-n2c(Nc3cc(NC(=O)c4cccc(C(F)(F)F)c4)ccc3C)nc3ccccc32)ncn1,True,True,prepared,<PACKAGE_ROOT>\Documents\Codex\TMC1_R2_Scratch_20260929\03_compute\formal_forward_v2_active_resume14\ligands\LIB_WLXHZMYOVDOALX.sdf,30bdf7b2944edcf88949bc0c742368fa50cdee7de72bb0bcf827ec0d8321d920,<PACKAGE_ROOT>\Documents\Codex\TMC1_R2_Scratch_20260929\03_compute\formal_forward_v2_active_resume14\ligands\LIB_WLXHZMYOVDOALX.pdbqt,04d58c278cc12c2b7ba04e8735c6460fb8f0472098287ba73c211eb92edd20e0,1.173
AI_active,120,LIB_MNJJBVNCZHNWCS,ChEMBL,CHEMBL1084974,CHEMBL1084974,https://www.ebi.ac.uk/chembl/compound_report_card/CHEMBL1084974/,CN1CCN(c2cccc(-c3cnn4c(N)c(-c5ccc(NS(=O)(=O)c6cccc(Cl)c6Cl)cc5)cnc34)c2)CC1,CN1CCN(c2cccc(-c3cnn4c(N)c(-c5ccc(NS(=O)(=O)c6cccc(Cl)c6Cl)cc5)cnc34)c2)CC1,CN1CCN(c2cccc(-c3cnn4c(N)c(-c5ccc(NS(=O)(=O)c6cccc(Cl)c6Cl)cc5)cnc34)c2)CC1,MNJJBVNCZHNWCS-UHFFFAOYSA-N,MNJJBVNCZHNWCS,eligible,608.555,5.505,108.86,2,7,6,41,6,0.262,0,1,1,False,predicted,eligible,False,[],1,C[NH+]1CCN(c2cccc(-c3cnn4c(N)c(-c5ccc(NS(=O)(=O)c6cccc(Cl)c6Cl)cc5)cnc34)c2)CC1,MNJJBVNCZHNWCS-UHFFFAOYSA-O,False,[],[1],False,False,O=S(=O)(Nc1ccc(-c2cnc3c(-c4cccc(N5CC[NH2+]CC5)c4)cnn3c2)cc1)c1ccccc1,-8.415533065795898,-8.053982734680176,0.6169784069061279,0.27184466019417475,True,-9.025808334350586,0.7607480883598328,-9.406182289123535,2026-09-29T01:00:12.004240+00:00,CN1CCN(c2cccc(-c3cnn4c(N)c(-c5ccc(NS(=O)(=O)c6cccc(Cl)c6Cl)cc5)cnc34)c2)CC1,MNJJBVNCZHNWCS-UHFFFAOYSA-N,MNJJBVNCZHNWCS-UHFFFAOYSA-O,[],[1],exchangeable_tertiary_ring_NH_and_full_potential_stereo_v3_20260929,10,10,199.56758693308134,9,C[NH+]1CCN(c2cccc(-c3cnn4c(N)c(-c5ccc(NS(=O)(=O)c6cccc(Cl)c6Cl)cc5)cnc34)c2)CC1,True,True,C[NH+]1CCN(c2cccc(-c3cnn4c(N)c(-c5ccc(NS(=O)(=O)c6cccc(Cl)c6Cl)cc5)cnc34)c2)CC1,True,True,prepared,<PACKAGE_ROOT>\Documents\Codex\TMC1_R2_Scratch_20260929\03_compute\formal_forward_v2_active_resume14\ligands\LIB_MNJJBVNCZHNWCS.sdf,57229f7acb152657354fbe0e67a5b353b8154b7cc59acdc62cd0fdf4dec07cde,<PACKAGE_ROOT>\Documents\Codex\TMC1_R2_Scratch_20260929\03_compute\formal_forward_v2_active_resume14\ligands\LIB_MNJJBVNCZHNWCS.pdbqt,d6c5c60708372fee2f9bd8e40735cee9e0fb043597ad4b91d62bda48bcd90b94,1.54
