name,inchikey,source_record_count,representative_isomeric_smiles,representative_file,representative_1based_record,author_commit,set,source_url
UoS-7692,LTGAWWQODUWZHK-UHFFFAOYSA-O,9,O=C(C[N@H+]1CC[C@H](Cn2cnc3ccccc32)CC1)c1ccc(F)c(F)c1,3D_Pharmacophores_Models/AHR/AHR_7_actives.sdf,1,74274dad76201258adbd76c7058b705170c4b857,pharmacophore_training_per_model_actives_NOT_12_dye_active_hits,https://github.com/ramirezlab/Drug-design-targeting-TMC1/blob/74274dad76201258adbd76c7058b705170c4b857/3D_Pharmacophores_Models/AHR/AHR_7_actives.sdf
UoS-3607,OLCUKYIRSDRELH-UHFFFAOYSA-O,9,O=C(C[N@H+]1CC[C@@H](c2nc3ccccc3[nH]2)CC1)Nc1cccc([N+](=O)[O-])c1,3D_Pharmacophores_Models/AHR/AHR_7_actives.sdf,2,74274dad76201258adbd76c7058b705170c4b857,pharmacophore_training_per_model_actives_NOT_12_dye_active_hits,https://github.com/ramirezlab/Drug-design-targeting-TMC1/blob/74274dad76201258adbd76c7058b705170c4b857/3D_Pharmacophores_Models/AHR/AHR_7_actives.sdf
UoS-3606,BWGBLXITCWGUFZ-RMKNXTFCSA-O,2,C(=C/c1ccccc1)\C[N@H+]1CC[C@H](c2nc3ccccc3[nH]2)CC1,3D_Pharmacophores_Models/AHR/AHR_7_actives.sdf,3,74274dad76201258adbd76c7058b705170c4b857,pharmacophore_training_per_model_actives_NOT_12_dye_active_hits,https://github.com/ramirezlab/Drug-design-targeting-TMC1/blob/74274dad76201258adbd76c7058b705170c4b857/3D_Pharmacophores_Models/AHR/AHR_7_actives.sdf
E6_berbamine,PUAVTDKYTXNVBU-OIDHKYIRSA-P,10,COc1cc2c3cc1Oc1c(OC)c(OC)cc4c1[C@@H](Cc1ccc(OC(=O)c5ccc([N+](=O)[O-])cc5)c(c1)Oc1ccc(cc1)C[C@@H]3[N@H+](C)CC2)[N@@H+](C)CC4,3D_Pharmacophores_Models/AHR/AHR_7_actives.sdf,4,74274dad76201258adbd76c7058b705170c4b857,pharmacophore_training_per_model_actives_NOT_12_dye_active_hits,https://github.com/ramirezlab/Drug-design-targeting-TMC1/blob/74274dad76201258adbd76c7058b705170c4b857/3D_Pharmacophores_Models/AHR/AHR_7_actives.sdf
Hexamethyleneamiloride,RQQJJXVETXFINY-UHFFFAOYSA-O,2,NC(N)=[NH+]C(=O)c1nc(Cl)c(N2CCCCCC2)nc1N,3D_Pharmacophores_Models/AHR/AHR_7_actives.sdf,5,74274dad76201258adbd76c7058b705170c4b857,pharmacophore_training_per_model_actives_NOT_12_dye_active_hits,https://github.com/ramirezlab/Drug-design-targeting-TMC1/blob/74274dad76201258adbd76c7058b705170c4b857/3D_Pharmacophores_Models/AHR/AHR_7_actives.sdf
Phenoxybenzamine,QZVCTJOXCFMACW-INIZCTEOSA-O,10,C[C@@H](COc1ccccc1)[N@H+](CCCl)Cc1ccccc1,3D_Pharmacophores_Models/AHR/AHR_7_actives.sdf,6,74274dad76201258adbd76c7058b705170c4b857,pharmacophore_training_per_model_actives_NOT_12_dye_active_hits,https://github.com/ramirezlab/Drug-design-targeting-TMC1/blob/74274dad76201258adbd76c7058b705170c4b857/3D_Pharmacophores_Models/AHR/AHR_7_actives.sdf
Carvedilol_derivate_13,ZIIMCNZAFNETMV-UHFFFAOYSA-O,10,COc1ccccc1OCC[NH2+]CCCOc1cccc2[nH]c3ccccc3c12,3D_Pharmacophores_Models/AHR/AHR_7_actives.sdf,7,74274dad76201258adbd76c7058b705170c4b857,pharmacophore_training_per_model_actives_NOT_12_dye_active_hits,https://github.com/ramirezlab/Drug-design-targeting-TMC1/blob/74274dad76201258adbd76c7058b705170c4b857/3D_Pharmacophores_Models/AHR/AHR_7_actives.sdf
UoS-962,FACJHMYFSONKTJ-SFHVURJKSA-O,8,O[C@H](COCc1ccc(Cl)cc1)C[NH+]1CCN(c2ccccn2)CC1,3D_Pharmacophores_Models/APR-1/APR-1_9_actives.sdf,3,74274dad76201258adbd76c7058b705170c4b857,pharmacophore_training_per_model_actives_NOT_12_dye_active_hits,https://github.com/ramirezlab/Drug-design-targeting-TMC1/blob/74274dad76201258adbd76c7058b705170c4b857/3D_Pharmacophores_Models/APR-1/APR-1_9_actives.sdf
Amsacrine,XCPGHVQEEXUHNC-UHFFFAOYSA-O,7,COc1cc(NS(C)(=O)=O)ccc1Nc1c2ccccc2[nH+]c2ccccc12,3D_Pharmacophores_Models/APR-1/APR-1_9_actives.sdf,6,74274dad76201258adbd76c7058b705170c4b857,pharmacophore_training_per_model_actives_NOT_12_dye_active_hits,https://github.com/ramirezlab/Drug-design-targeting-TMC1/blob/74274dad76201258adbd76c7058b705170c4b857/3D_Pharmacophores_Models/APR-1/APR-1_9_actives.sdf
ORC_13661,DAHGONXBHYVOPI-NEPJUHHUSA-O,6,C[N@H+]1[C@@H]2CC[C@H]1c1c(sc(NC(=O)Nc3ccc(Cl)cc3)c1C(N)=O)C2,3D_Pharmacophores_Models/APR-1/APR-1_9_actives.sdf,9,74274dad76201258adbd76c7058b705170c4b857,pharmacophore_training_per_model_actives_NOT_12_dye_active_hits,https://github.com/ramirezlab/Drug-design-targeting-TMC1/blob/74274dad76201258adbd76c7058b705170c4b857/3D_Pharmacophores_Models/APR-1/APR-1_9_actives.sdf
Proto_1,QBLKUVUKIZEWAL-UHFFFAOYSA-O,4,CC[N@@H+]1CCc2c(sc(NC(=O)Nc3ccc(Cl)cc3)c2C(N)=O)C1,3D_Pharmacophores_Models/ARR-2/ARR-2_9_actives.sdf,4,74274dad76201258adbd76c7058b705170c4b857,pharmacophore_training_per_model_actives_NOT_12_dye_active_hits,https://github.com/ramirezlab/Drug-design-targeting-TMC1/blob/74274dad76201258adbd76c7058b705170c4b857/3D_Pharmacophores_Models/ARR-2/ARR-2_9_actives.sdf
FM1_43,OKZXHSSXTVFTDR-UHFFFAOYSA-N,1,CCCCN(CCCC)c1ccc(/C=C/c2cc[n+](CCC[N+](CC)(CC)CC)cc2)cc1,3D_Pharmacophores_Models/HRR/HRR_9_actives.sdf,9,74274dad76201258adbd76c7058b705170c4b857,pharmacophore_training_per_model_actives_NOT_12_dye_active_hits,https://github.com/ramirezlab/Drug-design-targeting-TMC1/blob/74274dad76201258adbd76c7058b705170c4b857/3D_Pharmacophores_Models/HRR/HRR_9_actives.sdf
