line_id,artifact_id,artifact_kind,path,sha256,bytes,created_at_cst,data_status,review_status,notes
04,actual_parent_product_comparison,csv,external_source/actual_parent_product_comparison.csv,758f4c230f4e75c28788b96a4356d273f13c09d80baa5149d291305b26ea96be,3850,2026-09-29T05:30:02+08:00,actual_file,generated_or_readback,04-line artifact; see HANDOFF.md for interpretation
04,actual_parent_product_comparison,pdf,external_source/actual_parent_product_comparison.pdf,0bb711cb1dc489df6f5aea2b5716d93f74523415957fc01cf65abb396e28f687,23928,2026-09-29T05:30:02+08:00,actual_file,author_checked,04-line artifact; see HANDOFF.md for interpretation
04,actual_parent_product_comparison,png,external_source/actual_parent_product_comparison.png,619a88b3239e49c3581a13ede3ce58ac2ce2ec9a7f517afdfb5bed88d6a0d747,188959,2026-09-29T05:30:02+08:00,actual_file,author_checked,04-line artifact; see HANDOFF.md for interpretation
04,actual_parent_product_comparison,svg,external_source/actual_parent_product_comparison.svg,182caadf6ecb6a6820c8fcd9c07e4fc33dc43c1c218d5f31721f32dcc6ce808e,83513,2026-09-29T05:30:02+08:00,actual_file,author_checked,04-line artifact; see HANDOFF.md for interpretation
04,actual_parent_product_comparison_manifest,json,external_source/actual_parent_product_comparison_manifest.json,3b6b45e44a6421144857262ce3980feb450fb4d9e67afd338bc59ebc516eec2b,1220,2026-09-29T05:30:02+08:00,actual_file,generated_or_readback,04-line artifact; see HANDOFF.md for interpretation
04,analyze_library_neighbors,py,external_source/analyze_library_neighbors.py,88faee5d840d86d776dd6ca3796ce3cbe5bdb0015d4e8a2f47548fef3a64035a,1693,2026-09-29T05:30:02+08:00,actual_file,generated_or_readback,04-line artifact; see HANDOFF.md for interpretation
04,analyze_parent_product,py,external_source/analyze_parent_product.py,7093353db3ea6ab6044e9f11d02a2995f35d1718c7945be330b82a7c5c11b921,7538,2026-09-29T05:30:02+08:00,actual_file,generated_or_readback,04-line artifact; see HANDOFF.md for interpretation
04,analyze_pilot,py,external_source/analyze_pilot.py,cadfc92f4fd749fdb75babed8acb52fbf7bfa7af1d2bfac5ca5854859308cdee,1737,2026-09-29T05:30:02+08:00,actual_file,generated_or_readback,04-line artifact; see HANDOFF.md for interpretation
04,build_delivery_interfaces,py,external_source/build_delivery_interfaces.py,36f37577bf64190caa1b4cfb7acb785bb68587670a922747921b1a1bab924bfd,12764,2026-09-29T05:30:02+08:00,actual_file,generated_or_readback,04-line artifact; see HANDOFF.md for interpretation
04,build_twt_sensitivity,py,external_source/build_twt_sensitivity.py,3c8823ac7e3a8c628e3fd53535c91105b948223956bcedc597087a90ad599fd1,3215,2026-09-29T05:30:02+08:00,actual_file,generated_or_readback,04-line artifact; see HANDOFF.md for interpretation
04,check_public_identity,py,external_source/check_public_identity.py,bd80d3a1a2427e6c7859bca62e73ba02d232621fdd2c643cb8bf7dec07ccbf62,2871,2026-09-29T05:30:02+08:00,actual_file,generated_or_readback,04-line artifact; see HANDOFF.md for interpretation
04,compare_generator_pilots,py,external_source/compare_generator_pilots.py,3ad08d28a7c40cf122807f7d025814aaf09257b7a8929448d743e81638afaa04,4358,2026-09-29T05:30:02+08:00,actual_file,generated_or_readback,04-line artifact; see HANDOFF.md for interpretation
04,design_constraints_all,csv,external_source/design_constraints_all.csv,2a46fc4c47441b6773cc95c72311d4ff1b7e6ea1399b79657d83bdf853629f9b,7929,2026-09-29T05:30:02+08:00,actual_file,generated_or_readback,04-line artifact; see HANDOFF.md for interpretation
04,designs,csv,external_source/designs.csv,38e41ea3b80ac888305aaecf21b7a8ae6640843b4852c29160bd758480037ed3,187495,2026-09-29T05:30:02+08:00,actual_file,generated_or_readback,04-line artifact; see HANDOFF.md for interpretation
04,draw_JMW_LDAG_2D,py,external_source/draw_JMW_LDAG_2D.py,9583a0d332054e9e841d743b7f91edd1c4341829d950e8ad977cc29d176df68a,2153,2026-09-29T05:30:02+08:00,actual_file,generated_or_readback,04-line artifact; see HANDOFF.md for interpretation
04,exploratory12_proxy_guided_all_predictions,csv,external_source/exploratory12_proxy_guided_all_predictions.csv,49f39d22df2ffc5c578799324a5b60bd33336e1ba36fae22e1132f2c67a13d96,154254,2026-09-29T05:30:02+08:00,actual_file,generated_or_readback,04-line artifact; see HANDOFF.md for interpretation
04,exploratory12_proxy_guided_fixed_list,csv,external_source/exploratory12_proxy_guided_fixed_list.csv,702540fa55016cc36906853c42f84c4ba0e316a7fae0ca80101c20597a7292c1,9919,2026-09-29T05:30:02+08:00,actual_file,generated_or_readback,04-line artifact; see HANDOFF.md for interpretation
04,exploratory12_proxy_guided_freeze,json,external_source/exploratory12_proxy_guided_freeze.json,a8d4850a1a049396ed653e2b704776c71248950bf19b5af424955fad73b90295,4027,2026-09-29T05:30:02+08:00,actual_file,generated_or_readback,04-line artifact; see HANDOFF.md for interpretation
04,exploratory16_actual_outcomes,csv,external_source/exploratory16_actual_outcomes.csv,cc8392c75387112cac3f6144fffa64b8852e7296726b2a1fb3081b491071d147,8485,2026-09-29T05:30:02+08:00,actual_file,generated_or_readback,04-line artifact; see HANDOFF.md for interpretation
04,exploratory16_actual_outcomes_manifest,json,external_source/exploratory16_actual_outcomes_manifest.json,cd831850b44dc1c9de0143f7a8b68b5fd7ca759a29c67dcb20d4bbfabb0abff3,1872,2026-09-29T05:30:02+08:00,actual_file,generated_or_readback,04-line artifact; see HANDOFF.md for interpretation
04,exploratory16_docking_fixed_list,csv,external_source/exploratory16_docking_fixed_list.csv,c97d139dae375e925ab6d672c0fc6226cac72d0d027cd6443e82e533e4bcc176,13179,2026-09-29T05:30:02+08:00,actual_file,generated_or_readback,04-line artifact; see HANDOFF.md for interpretation
04,exploratory16_predicted_vs_actual,pdf,external_source/exploratory16_predicted_vs_actual.pdf,174431c0784e98b3fd33c400b4b68c09fa7a74e26636ac635b92753163e95f9e,39695,2026-09-29T05:30:02+08:00,actual_file,author_checked,04-line artifact; see HANDOFF.md for interpretation
04,exploratory16_predicted_vs_actual,png,external_source/exploratory16_predicted_vs_actual.png,dc25fafc5255f13e65e92ba29247853f75dac961d4793d25163c3cf76fd60d20,210167,2026-09-29T05:30:02+08:00,actual_file,author_checked,04-line artifact; see HANDOFF.md for interpretation
04,exploratory16_predicted_vs_actual,svg,external_source/exploratory16_predicted_vs_actual.svg,3a210b99af8eb79039c539c97eb05d952d3f30196d5b4d7ea72aa4e6a44a8152,31144,2026-09-29T05:30:02+08:00,actual_file,author_checked,04-line artifact; see HANDOFF.md for interpretation
04,exploratory16_predicted_vs_actual_manifest,json,external_source/exploratory16_predicted_vs_actual_manifest.json,683f8c0dc53bc8379bba314d503d18cdfaff3bd882ce9ea5ca0e5696fda59f12,1137,2026-09-29T05:30:02+08:00,actual_file,generated_or_readback,04-line artifact; see HANDOFF.md for interpretation
04,exploratory4_matched_control_fixed_list,csv,external_source/exploratory4_matched_control_fixed_list.csv,51dd891864d3ee2e91113234c4f1303c560500a40543ed915c0506c99f25ab55,3771,2026-09-29T05:30:02+08:00,actual_file,generated_or_readback,04-line artifact; see HANDOFF.md for interpretation
04,final_generated40_actual_outcomes,csv,external_source/final_generated40_actual_outcomes.csv,adb45ead6c538530d537355f870f186414617e681d7face9f549e3d6dcdd34ed,13103,2026-09-29T05:30:02+08:00,actual_file,generated_or_readback,04-line artifact; see HANDOFF.md for interpretation
04,final_generated40_actual_outcomes_manifest,json,external_source/final_generated40_actual_outcomes_manifest.json,41357a1c9ff1d32fa91e55ee8d97e778b438b86676b4f8e7f655cedb44167374,1397,2026-09-29T05:30:02+08:00,actual_file,generated_or_readback,04-line artifact; see HANDOFF.md for interpretation
04,final_generated40_funnel,pdf,external_source/final_generated40_funnel.pdf,e036cf9b5632141b450ce51c62b6ef2f00eae0de992cbe44304118fffa38c670,21387,2026-09-29T05:30:02+08:00,actual_file,author_checked,04-line artifact; see HANDOFF.md for interpretation
04,final_generated40_funnel,png,external_source/final_generated40_funnel.png,f0e2f340a47fca9411e989c12b8284bfbbbdc868ad0002ebc3420e03a5843425,125330,2026-09-29T05:30:02+08:00,actual_file,author_checked,04-line artifact; see HANDOFF.md for interpretation
04,final_generated40_funnel,svg,external_source/final_generated40_funnel.svg,870a895d5a4fc6920654a8fcc31ea444d12e5bbea726225f2424861646b8191e,60901,2026-09-29T05:30:02+08:00,actual_file,author_checked,04-line artifact; see HANDOFF.md for interpretation
04,final_generated40_funnel_data,csv,external_source/final_generated40_funnel_data.csv,07b14f99c862afc6217251cf878a8374875e5dd6134b55e8c1717ff30a26d19c,796,2026-09-29T05:30:02+08:00,actual_file,generated_or_readback,04-line artifact; see HANDOFF.md for interpretation
04,final_selfies_17645_base_all_eligible,csv,external_source/final_selfies_17645_base_all_eligible.csv,43969cefd66f814d1387f395a5b631b8f8c97268bc0d247730d752e6e4250ac2,127356,2026-09-29T05:30:02+08:00,actual_file,generated_or_readback,04-line artifact; see HANDOFF.md for interpretation
04,final_selfies_17645_base_fixed_list,csv,external_source/final_selfies_17645_base_fixed_list.csv,216154bbf19119220da773ca75b9c2b0cbb1b2b8b2891099fcdeaff1cde56192,83992,2026-09-29T05:30:02+08:00,actual_file,generated_or_readback,04-line artifact; see HANDOFF.md for interpretation
04,final_selfies_17645_manifest,json,external_source/final_selfies_17645_manifest.json,597e5539677ef06bb2d21b3ddf683710ae1db021af5a62b9f2e18388e68365a9,5121,2026-09-29T05:30:02+08:00,actual_file,generated_or_readback,04-line artifact; see HANDOFF.md for interpretation
04,fixed_docking_list,csv,external_source/fixed_docking_list.csv,257a5e4727008066b638fdbf576ff359acafd2f61f685724516b49578a49d5aa,5680,2026-09-29T05:30:02+08:00,actual_file,generated_or_readback,04-line artifact; see HANDOFF.md for interpretation
04,generator_pilot_identity_safe_funnel,csv,external_source/generator_pilot_identity_safe_funnel.csv,a8cdd739ddbba0b952ae530d6d9a728fd725a0ae20614d2683c90a44273c9873,359,2026-09-29T05:30:02+08:00,actual_file,generated_or_readback,04-line artifact; see HANDOFF.md for interpretation
04,generator_pilot_same_budget_comparison,csv,external_source/generator_pilot_same_budget_comparison.csv,c02b8f876157822c39d8c10d7e24b03823d33c2013c45dba5f22bb3cc4ef27a0,935,2026-09-29T05:30:02+08:00,actual_file,generated_or_readback,04-line artifact; see HANDOFF.md for interpretation
04,generator_pilot_same_budget_comparison,pdf,external_source/generator_pilot_same_budget_comparison.pdf,ca422a817949828cb765dad58543cc8672a6497c06cef45beed669321e3551c3,23609,2026-09-29T05:30:02+08:00,actual_file,author_checked,04-line artifact; see HANDOFF.md for interpretation
04,generator_pilot_same_budget_comparison,png,external_source/generator_pilot_same_budget_comparison.png,0346cd37129f0692412e52fcdceb616e0cf842b1b4afb36e2e2696c3a52b30a8,153740,2026-09-29T05:30:02+08:00,actual_file,author_checked,04-line artifact; see HANDOFF.md for interpretation
04,generator_pilot_same_budget_comparison,svg,external_source/generator_pilot_same_budget_comparison.svg,d4fb503268122959b9b3bf057a67ac980d200d4c30897cb4434648f974112208,80489,2026-09-29T05:30:02+08:00,actual_file,author_checked,04-line artifact; see HANDOFF.md for interpretation
04,generator_pilot_same_budget_comparison_v0_pre_identity_gate,csv,external_source/generator_pilot_same_budget_comparison_v0_pre_identity_gate.csv,609a2046e2931bdd075934e120eedeedaaa96115338943d105d0c970b5272bc9,880,2026-09-29T05:30:02+08:00,actual_file,generated_or_readback,04-line artifact; see HANDOFF.md for interpretation
04,generator_pilot_same_budget_comparison_v0_pre_identity_gate,pdf,external_source/generator_pilot_same_budget_comparison_v0_pre_identity_gate.pdf,5ad61d4f1b38de5a278ddc765196d2ed3bf324eabc581e55cc1d183d962e3b2d,21659,2026-09-29T05:30:02+08:00,actual_file,author_checked,04-line artifact; see HANDOFF.md for interpretation
04,generator_pilot_same_budget_comparison_v0_pre_identity_gate,png,external_source/generator_pilot_same_budget_comparison_v0_pre_identity_gate.png,b61f2e74c46926a1bd3e3c7dc54ac3e5422a8d3d2bd0d16293ffbf71839035bc,143390,2026-09-29T05:30:02+08:00,actual_file,author_checked,04-line artifact; see HANDOFF.md for interpretation
04,generator_pilot_same_budget_comparison_v0_pre_identity_gate,svg,external_source/generator_pilot_same_budget_comparison_v0_pre_identity_gate.svg,a0c403ab5f550fe12448c489c33aa6b3bd2e568507b1bc419a4b6afa64b329a8,76984,2026-09-29T05:30:02+08:00,actual_file,author_checked,04-line artifact; see HANDOFF.md for interpretation
04,GRU先导阈值校准记录,md,external_source/GRU先导阈值校准记录.md,f17692d91355a3456f29087d6f3c26fd732ab8575d9fbbbcff249693ac0b8328,1714,2026-09-29T05:30:02+08:00,actual_file,generated_or_readback,04-line artifact; see HANDOFF.md for interpretation
04,HANDOFF,md,external_source/HANDOFF.md,1756beb205592b7a523872f5fc91443b3f43cec17e3112d251be252be9570c3a,8005,2026-09-29T05:30:02+08:00,actual_file,generated_or_readback,04-line artifact; see HANDOFF.md for interpretation
04,JMW_LDAG_exact_structures_2D,png,external_source/JMW_LDAG_exact_structures_2D.png,47d7c1b4af078984645cafde8769051e7c2f79b3047c3ca44841a094a9bd3e63,59189,2026-09-29T05:30:02+08:00,actual_file,author_checked,04-line artifact; see HANDOFF.md for interpretation
04,JMW_LDAG_exact_structures_2D,svg,external_source/JMW_LDAG_exact_structures_2D.svg,9cb9f07ff0e207a8189515a6d207b566b3ad721e261f08ebcf5e87e38f9a1c84,84497,2026-09-29T05:30:02+08:00,actual_file,author_checked,04-line artifact; see HANDOFF.md for interpretation
04,JMW_LDAG_exact_structures_2D_manifest,json,external_source/JMW_LDAG_exact_structures_2D_manifest.json,7245a77b4717a0d71328a348db928ea00c4422b8b9eabd1a635dd8ac2b6911ed,1020,2026-09-29T05:30:02+08:00,actual_file,generated_or_readback,04-line artifact; see HANDOFF.md for interpretation
04,JMW_Lumacaftor_condition_pairs,pdf,external_source/JMW_Lumacaftor_condition_pairs.pdf,dea429730795474aa3f407fe42434b435523b417b37e70cfffd8bf504f59c269,29618,2026-09-29T05:30:02+08:00,actual_file,author_checked,04-line artifact; see HANDOFF.md for interpretation
04,JMW_Lumacaftor_condition_pairs,png,external_source/JMW_Lumacaftor_condition_pairs.png,cea1f53ebfd2df74d4180c8adbd8865d4951b95a941f47003568a7da74c901a5,82392,2026-09-29T05:30:02+08:00,actual_file,author_checked,04-line artifact; see HANDOFF.md for interpretation
04,JMW_Lumacaftor_condition_pairs,svg,external_source/JMW_Lumacaftor_condition_pairs.svg,a958457c395f12186bad033e2299deadcec39ead400f921f73540d4f4147c365,12692,2026-09-29T05:30:02+08:00,actual_file,author_checked,04-line artifact; see HANDOFF.md for interpretation
04,JMW_Lumacaftor_condition_pairs_manifest,json,external_source/JMW_Lumacaftor_condition_pairs_manifest.json,faaa02c205cd3f136222637c1d30fadf077b8cc2fa125eea60345733e279e52d,1338,2026-09-29T05:30:02+08:00,actual_file,generated_or_readback,04-line artifact; see HANDOFF.md for interpretation
04,JMW_Lumacaftor_four_condition_pairs,csv,external_source/JMW_Lumacaftor_four_condition_pairs.csv,fb08c84a87dc13f658301ff3e2390cf3898f26dbd747d552b79ff244b7b68d0c,725,2026-09-29T05:30:02+08:00,actual_file,generated_or_readback,04-line artifact; see HANDOFF.md for interpretation
04,JMW_Lumacaftor_three_receptor_seed27,csv,external_source/JMW_Lumacaftor_three_receptor_seed27.csv,87a2d1255844966b4cda5d862ab99c17375fa4444dc5d46502230859c984e54a,1606,2026-09-29T05:30:02+08:00,actual_file,generated_or_readback,04-line artifact; see HANDOFF.md for interpretation
04,JMW_Lumacaftor_three_receptor_seed27_manifest,json,external_source/JMW_Lumacaftor_three_receptor_seed27_manifest.json,ae2d7f17e2f1ee6b395189d077744984cd718aa9381d0cc8781fa39e3fd88583,1579,2026-09-29T05:30:02+08:00,actual_file,generated_or_readback,04-line artifact; see HANDOFF.md for interpretation
04,LDAG_five_condition_confirmation,csv,external_source/LDAG_five_condition_confirmation.csv,759898a1ec390e895a569e4c36049a93234e3b4eb6ec3af1e09c9f638328263e,1560,2026-09-29T05:30:02+08:00,actual_file,generated_or_readback,04-line artifact; see HANDOFF.md for interpretation
04,LDAG_five_condition_confirmation_manifest,json,external_source/LDAG_five_condition_confirmation_manifest.json,a38834f005db209b76d8bda3c210fb6ac18bf7cccb47222a42e9d8ea1499d00d,2919,2026-09-29T05:30:02+08:00,actual_file,generated_or_readback,04-line artifact; see HANDOFF.md for interpretation
04,METHODS,md,external_source/METHODS.md,e017edb4f3ae1ba71307a7593952b16da737115971129c38b7562a671d32b29d,16403,2026-09-29T05:30:02+08:00,actual_file,generated_or_readback,04-line artifact; see HANDOFF.md for interpretation
04,parent_product_comparison_data,csv,external_source/parent_product_comparison_data.csv,779914df8099b42e2d4418ca56533dd72daede46e86f1378c1631530d727760e,1585,2026-09-29T05:30:02+08:00,actual_file,generated_or_readback,04-line artifact; see HANDOFF.md for interpretation
04,pilot_5067_e10_all_eligible,csv,external_source/pilot_5067_e10_all_eligible.csv,9aa47d4e130eef725d765ad6d18153d7b91ccff3e39bb1dd05d0c3c51d707f7f,3237,2026-09-29T05:30:02+08:00,actual_file,generated_or_readback,04-line artifact; see HANDOFF.md for interpretation
04,pilot_5067_e10_fixed_list,csv,external_source/pilot_5067_e10_fixed_list.csv,9aa47d4e130eef725d765ad6d18153d7b91ccff3e39bb1dd05d0c3c51d707f7f,3237,2026-09-29T05:30:02+08:00,actual_file,generated_or_readback,04-line artifact; see HANDOFF.md for interpretation
04,pilot_5067_e10_manifest,json,external_source/pilot_5067_e10_manifest.json,1841f661a82c8bc47112e812bb6012ebd7031a96f8e2c7ea8ce57fb32aba98c7,3456,2026-09-29T05:30:02+08:00,actual_file,generated_or_readback,04-line artifact; see HANDOFF.md for interpretation
04,pilot_5067_neighbor_availability,json,external_source/pilot_5067_neighbor_availability.json,69ba9acdd6ad6bc8830bca78bd70aabf613515a978e90aad1943f3a32600211c,447,2026-09-29T05:30:02+08:00,actual_file,generated_or_readback,04-line artifact; see HANDOFF.md for interpretation
04,pilot_5067_similarity_yield,json,external_source/pilot_5067_similarity_yield.json,ea23cb465cfc88ead806b156264bd0f1298daf3798cc4a8857b909e44ccf32de,324,2026-09-29T05:30:02+08:00,actual_file,generated_or_readback,04-line artifact; see HANDOFF.md for interpretation
04,pilot_971_e10_all_eligible,csv,external_source/pilot_971_e10_all_eligible.csv,35ad819b1e050f2c7dc1ac94342d257ee297c95fc61f4f829a022de302d214e0,327,2026-09-29T05:30:02+08:00,actual_file,generated_or_readback,04-line artifact; see HANDOFF.md for interpretation
04,pilot_971_e10_fixed_list,csv,external_source/pilot_971_e10_fixed_list.csv,35ad819b1e050f2c7dc1ac94342d257ee297c95fc61f4f829a022de302d214e0,327,2026-09-29T05:30:02+08:00,actual_file,generated_or_readback,04-line artifact; see HANDOFF.md for interpretation
04,pilot_971_e10_manifest,json,external_source/pilot_971_e10_manifest.json,7d01fbd99d0ca0555282c4a34fb15ae2ba6259292d5cb4f16e2d79afdc12bd36,3385,2026-09-29T05:30:02+08:00,actual_file,generated_or_readback,04-line artifact; see HANDOFF.md for interpretation
04,pilot_identity_gate_decision,json,external_source/pilot_identity_gate_decision.json,e0759af6ff2e93555ff6c92b16eec0c38f7505af0248fe547196b90df01ab75d,1545,2026-09-29T05:30:02+08:00,actual_file,generated_or_readback,04-line artifact; see HANDOFF.md for interpretation
04,pilot_selfies_5067_base_all_eligible,csv,external_source/pilot_selfies_5067_base_all_eligible.csv,b26bba2b44c57bd321384f7cd22ba5b158ee7536112d32b2e6aaaf2e45bb4d72,248040,2026-09-29T05:30:02+08:00,actual_file,generated_or_readback,04-line artifact; see HANDOFF.md for interpretation
04,pilot_selfies_5067_base_fixed_list,csv,external_source/pilot_selfies_5067_base_fixed_list.csv,2fb293f2651eb7195163b54832ab1f3a561c9a1f92a1ed1422ff5aaa2243f1a5,43950,2026-09-29T05:30:02+08:00,actual_file,generated_or_readback,04-line artifact; see HANDOFF.md for interpretation
04,pilot_selfies_5067_base_fixed_list_v0_superseded,csv,external_source/pilot_selfies_5067_base_fixed_list_v0_superseded.csv,73ea08d5ac66a3a11591437e58ed9dbb3f751228ac4cb2c1f55bd641858f9e95,87570,2026-09-29T05:30:02+08:00,actual_file,generated_or_readback,04-line artifact; see HANDOFF.md for interpretation
04,pilot_selfies_5067_focused_all_eligible,csv,external_source/pilot_selfies_5067_focused_all_eligible.csv,648b8d9590b9d6e7e9356689ac6e87e6454906accf3cdf0fbdc3d9c4908ab28e,239854,2026-09-29T05:30:02+08:00,actual_file,generated_or_readback,04-line artifact; see HANDOFF.md for interpretation
04,pilot_selfies_5067_focused_fixed_list,csv,external_source/pilot_selfies_5067_focused_fixed_list.csv,610277d66761e5f1dd2560ef2b01c96ae20a2fae9c7ebb90927b0a6806f2d6ea,25096,2026-09-29T05:30:02+08:00,actual_file,generated_or_readback,04-line artifact; see HANDOFF.md for interpretation
04,pilot_selfies_5067_focused_fixed_list_v0_superseded,csv,external_source/pilot_selfies_5067_focused_fixed_list_v0_superseded.csv,a2c75601fbee27eb7292e52adee4b7d85d28bcedc7bfc117ea18e11f1ac47c18,94083,2026-09-29T05:30:02+08:00,actual_file,generated_or_readback,04-line artifact; see HANDOFF.md for interpretation
04,pilot_selfies_5067_manifest,json,external_source/pilot_selfies_5067_manifest.json,150155899b32a03d1e33564c18a8ac0a67bad6b7e9f401ca2cb7a73c130b4c72,5588,2026-09-29T05:30:02+08:00,actual_file,generated_or_readback,04-line artifact; see HANDOFF.md for interpretation
04,plot_exploratory16,py,external_source/plot_exploratory16.py,366ddb76305de849a01378b87e638739e8de0265df0961a8ac6110446e3b5b7d,4709,2026-09-29T05:30:02+08:00,actual_file,generated_or_readback,04-line artifact; see HANDOFF.md for interpretation
04,plot_final_design_funnel,py,external_source/plot_final_design_funnel.py,5e1888c7dded63dae28ac008fd9e0b6ac0c52a5375e53ce274b4e1c4c690a8ff,1947,2026-09-29T05:30:02+08:00,actual_file,generated_or_readback,04-line artifact; see HANDOFF.md for interpretation
04,plot_JMW_condition_pairs,py,external_source/plot_JMW_condition_pairs.py,d69c328d3b5713c39f9cbf863164d67bad83162e5972bad0ba6f2237bcf89f56,4143,2026-09-29T05:30:02+08:00,actual_file,generated_or_readback,04-line artifact; see HANDOFF.md for interpretation
04,preferred_candidates,sdf,external_source/preferred_candidates.sdf,40211b5cef84c415b26442c6996b714beac409948751e13e80f45448665bbbae,47649,2026-09-29T05:30:02+08:00,actual_file,generated_or_readback,04-line artifact; see HANDOFF.md for interpretation
04,public_identity_lookup_fixed,csv,external_source/public_identity_lookup_fixed.csv,72c4971971c9d9fa895af96dcbf6da3112b575862a3eb96a79acee2a39a32cf6,3321,2026-09-29T05:30:02+08:00,actual_file,generated_or_readback,04-line artifact; see HANDOFF.md for interpretation
04,revalidate_pilot_identity,py,external_source/revalidate_pilot_identity.py,de0ce89fb18f6c184a0fc8cb8ea765872bcde0db769411e8523e83fc55a51918,4726,2026-09-29T05:30:02+08:00,actual_file,generated_or_readback,04-line artifact; see HANDOFF.md for interpretation
04,run_design,py,external_source/run_design.py,ffb44b72188cdc3dd919bc83d99da4755f80c80dd2e13a1faa66b823a73b4dce,15037,2026-09-29T05:30:02+08:00,actual_file,generated_or_readback,04-line artifact; see HANDOFF.md for interpretation
04,run_manifest,json,external_source/run_manifest.json,b54860fed8ebf2d0f31181c8d3a35770060c9b2d859cd9b7e4c7c82ecc036e33,1199,2026-09-29T05:30:02+08:00,actual_file,generated_or_readback,04-line artifact; see HANDOFF.md for interpretation
04,sdf_generation_log,csv,external_source/sdf_generation_log.csv,bb8c0a8cccd9ac6c2cf601189355dadd5311704435df54cf3f87babd7816b1ea,362,2026-09-29T05:30:02+08:00,actual_file,generated_or_readback,04-line artifact; see HANDOFF.md for interpretation
04,select_exploratory12,py,external_source/select_exploratory12.py,81087794f08f885c952a9e31d07d1a617d150cd8ab3deb4e646026c3fc1ba0e4,12472,2026-09-29T05:30:02+08:00,actual_file,generated_or_readback,04-line artifact; see HANDOFF.md for interpretation
04,selection_decisions,csv,external_source/selection_decisions.csv,f28d59b35763ea35f875a4f0de45a66778fce5e229ae160b93cc6f4ae0fd3b3a,1229,2026-09-29T05:30:02+08:00,actual_file,generated_or_readback,04-line artifact; see HANDOFF.md for interpretation
04,STATUS,md,external_source/STATUS.md,b22018878ba4e1679004e64c46964f65d682be398cd8ebe73e4f34a6df56b145,2202,2026-09-29T05:30:02+08:00,actual_file,generated_or_readback,04-line artifact; see HANDOFF.md for interpretation
04,summarize_exploratory16,py,external_source/summarize_exploratory16.py,2ae1194710ccd3039a77bf01cb7db71f753c5abf9d900b52689c391fdefc67ae,5853,2026-09-29T05:30:02+08:00,actual_file,generated_or_readback,04-line artifact; see HANDOFF.md for interpretation
04,summarize_final_design,py,external_source/summarize_final_design.py,d4ecbe6c02256c3919a83d5aa9c17f27cee04ec5d42e0f22ebfd065650abc04a,6038,2026-09-29T05:30:02+08:00,actual_file,generated_or_readback,04-line artifact; see HANDOFF.md for interpretation
04,summarize_JMW_cross_receptor,py,external_source/summarize_JMW_cross_receptor.py,c72ebf4996f0a051790abb3458161166e1bd691f9bd90f6f37f23f30e2c30a5c,3439,2026-09-29T05:30:02+08:00,actual_file,generated_or_readback,04-line artifact; see HANDOFF.md for interpretation
04,summarize_LDAG_confirmation,py,external_source/summarize_LDAG_confirmation.py,67eaab2308e7cfe31e5c02f2da9ab624ddf09ae65bdfdde6530d17324f0b57cc,4173,2026-09-29T05:30:02+08:00,actual_file,generated_or_readback,04-line artifact; see HANDOFF.md for interpretation
04,train_selfies_gru,py,external_source/train_selfies_gru.py,b0b3e0ea97e9f4a4d298d4f3ee326deb46d652c6a1e303c020c75e9e33f102f7,18858,2026-09-29T05:30:02+08:00,actual_file,generated_or_readback,04-line artifact; see HANDOFF.md for interpretation
04,train_smiles_gru,py,external_source/train_smiles_gru.py,90fec66b8ad5e8c8533046f4ef00526736bf1a1cc87a42a792110c91d8beb574,17946,2026-09-29T05:30:02+08:00,actual_file,generated_or_readback,04-line artifact; see HANDOFF.md for interpretation
04,transformation_log,csv,external_source/transformation_log.csv,fbc0adb855fa6b1c9500be491a8dbf57094d2c7ce00cf7f61b54720a1e895d08,3238,2026-09-29T05:30:02+08:00,actual_file,generated_or_readback,04-line artifact; see HANDOFF.md for interpretation
04,TWT_three_seed_parent_product_sensitivity,csv,external_source/TWT_three_seed_parent_product_sensitivity.csv,75ff2aba76189050bcc64f10d9935ba5ec2f302d9fc035316e577a27d870348a,1017,2026-09-29T05:30:02+08:00,actual_file,generated_or_readback,04-line artifact; see HANDOFF.md for interpretation
04,TWT_three_seed_parent_product_sensitivity_manifest,json,external_source/TWT_three_seed_parent_product_sensitivity_manifest.json,d62feac28c47e829c2ab79f52630b464e8a1892f019eef8d41ad67776de46d7c,463,2026-09-29T05:30:02+08:00,actual_file,generated_or_readback,04-line artifact; see HANDOFF.md for interpretation
04,最终生成协议冻结,md,external_source/最终生成协议冻结.md,90eb9e43da0bb5fdd41efb860fd4d5ed34ccc3eb71e47b08df6b3002d01ac522,2419,2026-09-29T05:30:02+08:00,actual_file,generated_or_readback,04-line artifact; see HANDOFF.md for interpretation
04,final_selfies_17645_base_model_state,pt,external_source/base_model_state.pt,58a3de0c2a038ca602f2af14d6f23404b58ceb73ae06949d6b1442f9a9fb136c,210023,2026-09-29T05:30:02+08:00,scratch_evidence,hash_recorded,C-drive model weight/vocabulary/raw sample evidence
04,final_selfies_17645_base_raw_generated.csv,gz,external_source/base_raw_generated.csv.gz,12bc38a228ddc6859ed94d3529e75782fc92d980538202bf39a6aef3a40dd8f0,1480667,2026-09-29T05:30:02+08:00,scratch_evidence,hash_recorded,C-drive model weight/vocabulary/raw sample evidence
04,final_selfies_17645_vocab,json,external_source/vocab.json,97a3216a5faa3e18850664a2cbc6015bb33bd2b8d985aa20f7a74999101aa4c3,629,2026-09-29T05:30:02+08:00,scratch_evidence,hash_recorded,C-drive model weight/vocabulary/raw sample evidence
04,pilot_5067_e10_model_state,pt,external_source/model_state.pt,ada6d3773895490ba909ab740faa23cbf14598afaf09037a5e57f425ae615412,191408,2026-09-29T05:30:02+08:00,scratch_evidence,hash_recorded,C-drive model weight/vocabulary/raw sample evidence
04,pilot_5067_e10_raw_generated.csv,gz,external_source/raw_generated.csv.gz,707118cd7e584d653df52ee3a8fe76e151050e872d206d31712fdda94e8f3427,192519,2026-09-29T05:30:02+08:00,scratch_evidence,hash_recorded,C-drive model weight/vocabulary/raw sample evidence
04,pilot_5067_e10_vocab,json,external_source/vocab.json,ce24307496f02dc415c16e6388ec44cbf50b1d1750657357cf241bc05122455a,176,2026-09-29T05:30:02+08:00,scratch_evidence,hash_recorded,C-drive model weight/vocabulary/raw sample evidence
04,pilot_971_model_state,pt,external_source/model_state.pt,3de51fffe24d4f21e7bae7cb300da29c8bda1bdc469e42a283ef7253fef83f85,190832,2026-09-29T05:30:02+08:00,scratch_evidence,hash_recorded,C-drive model weight/vocabulary/raw sample evidence
04,pilot_971_raw_generated.csv,gz,external_source/raw_generated.csv.gz,8c5f4c45b13661a8b26c3ec9cefc557a1138c8065ad903fd68978413b10cef0d,44849,2026-09-29T05:30:02+08:00,scratch_evidence,hash_recorded,C-drive model weight/vocabulary/raw sample evidence
04,pilot_971_vocab,json,external_source/vocab.json,28aae51abe01235da441fb4e26e9617e27cb0ef62e0c5cc36590e5cff0d3c967,171,2026-09-29T05:30:02+08:00,scratch_evidence,hash_recorded,C-drive model weight/vocabulary/raw sample evidence
04,pilot_971_e10_model_state,pt,external_source/model_state.pt,c51ec538badaa72e81e5e3678eee590195e54987d595dd2214658310cad82d17,190832,2026-09-29T05:30:02+08:00,scratch_evidence,hash_recorded,C-drive model weight/vocabulary/raw sample evidence
04,pilot_971_e10_raw_generated.csv,gz,external_source/raw_generated.csv.gz,2dbd6be1339c8ad6aed6c8af06bdda458e48f361029c1e7f5500a2b36e44b751,100566,2026-09-29T05:30:02+08:00,scratch_evidence,hash_recorded,C-drive model weight/vocabulary/raw sample evidence
04,pilot_971_e10_vocab,json,external_source/vocab.json,28aae51abe01235da441fb4e26e9617e27cb0ef62e0c5cc36590e5cff0d3c967,171,2026-09-29T05:30:02+08:00,scratch_evidence,hash_recorded,C-drive model weight/vocabulary/raw sample evidence
04,pilot_selfies_5067_base_model_state,pt,external_source/base_model_state.pt,18c98b2d42568a8e065c406fe2b3e26757077337bad374c8c93f748f00955721,206503,2026-09-29T05:30:02+08:00,scratch_evidence,hash_recorded,C-drive model weight/vocabulary/raw sample evidence
04,pilot_selfies_5067_base_raw_generated.csv,gz,external_source/base_raw_generated.csv.gz,d65aa6ad6023e299a9c6dab6414efa5191e85b0bd52a496410f9877419cfb690,662546,2026-09-29T05:30:02+08:00,scratch_evidence,hash_recorded,C-drive model weight/vocabulary/raw sample evidence
04,pilot_selfies_5067_focused_model_state,pt,external_source/focused_model_state.pt,9317255b73ba07bd62e696e03f7ab436944877142ef669cb14c13ac1bf81aa6d,206600,2026-09-29T05:30:02+08:00,scratch_evidence,hash_recorded,C-drive model weight/vocabulary/raw sample evidence
04,pilot_selfies_5067_focused_raw_generated.csv,gz,external_source/focused_raw_generated.csv.gz,87abe88fa697daa7a6e495841c81a63391b88191e04011f91feb0a84a99d3220,817808,2026-09-29T05:30:02+08:00,scratch_evidence,hash_recorded,C-drive model weight/vocabulary/raw sample evidence
04,pilot_selfies_5067_vocab,json,external_source/vocab.json,c3d96a3bb99c2b926174cd499ffc5a234949f59566de58d6974d19d0fdabbad9,565,2026-09-29T05:30:02+08:00,scratch_evidence,hash_recorded,C-drive model weight/vocabulary/raw sample evidence
