compound_id,parent_id,nearest_first_round_candidate_id,source_smiles,standardized_isomeric_smiles,inchikey,method,model_version,training_library_hash,novelty_to_training_set,novelty_to_input_library,scaffold,nearest_first_round_ecfp4_tanimoto,mw,clogp,tpsa_A2,hbd,hba,rotatable_bonds,sa_score,qed,pains_alerts,brenk_alerts,sample_index,sampled_selfies,selection_rank
GEN_JNVGIKJYIBEXIZ,,LIB_CHEMBL1200412,CCCN(CC1)CC(=O)CCN1C(=O)CCC2=CC=CC=C2,CCCN1CCN(C(=O)CCc2ccccc2)CCC(=O)C1,JNVGIKJYIBEXIZ-UHFFFAOYSA-N,locally_trained_SELFIES_GRU_sampling,selfies_gru_base_v1,439f74756bc786709f318a4379037c4df186bc4d40957bdbe245910ba48e8229,exact_InChIKey_not_found,exact_InChIKey_not_found,O=C1CCN(C(=O)CCc2ccccc2)CCNC1,0.2564,302.418,2.133,40.62,0,3,5,2.012,0.8365,,,15478,[C][C][C][N][Branch1][Ring1][C][C][C][C][=Branch1][C][=O][C][C][N][Ring1][#Branch1][C][=Branch1][C][=O][C][C][C][=C][C][=C][C][=C][Ring1][=Branch1],1
GEN_JTYXEVUCYDQTOM,,LIB_CHEMBL1200412,CO[C@H1](CC1=CC=CC=C1)C(=O)NC2CCCC2,CO[C@H](Cc1ccccc1)C(=O)NC1CCCC1,JTYXEVUCYDQTOM-CQSZACIVSA-N,locally_trained_SELFIES_GRU_sampling,selfies_gru_base_v1,439f74756bc786709f318a4379037c4df186bc4d40957bdbe245910ba48e8229,exact_InChIKey_not_found,exact_InChIKey_not_found,O=C(CCc1ccccc1)NC1CCCC1,0.2432,247.338,2.303,38.33,1,2,5,2.323,0.8667,,,18384,[C][O][C@H1][Branch1][#Branch2][C][C][=C][C][=C][C][=C][Ring1][=Branch1][C][=Branch1][C][=O][N][C][C][C][C][C][Ring1][Branch1],2
GEN_MMCCQKPUPNCRDA,,LIB_CHEMBL1200412,CCOC(=O)CCNC(=O)CCCC1=CC=CC=C1,CCOC(=O)CCNC(=O)CCCc1ccccc1,MMCCQKPUPNCRDA-UHFFFAOYSA-N,locally_trained_SELFIES_GRU_sampling,selfies_gru_base_v1,439f74756bc786709f318a4379037c4df186bc4d40957bdbe245910ba48e8229,exact_InChIKey_not_found,exact_InChIKey_not_found,c1ccccc1,0.2432,263.337,2.079,55.4,1,3,8,1.625,0.7305,,,10767,[C][C][O][C][=Branch1][C][=O][C][C][N][C][=Branch1][C][=O][C][C][C][C][=C][C][=C][C][=C][Ring1][=Branch1],3
GEN_VDVJGIYXDVPQLP,,LIB_CHEMBL2103870,O=C(O)C1=CC=C2C(=C1)OCO2,O=C(O)c1ccc2c(c1)OCO2,VDVJGIYXDVPQLP-UHFFFAOYSA-N,locally_trained_SELFIES_GRU_sampling,selfies_gru_base_v1,439f74756bc786709f318a4379037c4df186bc4d40957bdbe245910ba48e8229,exact_InChIKey_not_found,exact_InChIKey_not_found,c1ccc2c(c1)OCO2,0.2424,166.132,1.113,55.76,1,3,1,1.694,0.6785,,,1144,[O][=C][Branch1][C][O][C][=C][C][=C][C][=Branch1][Ring2][=C][Ring1][=Branch1][O][C][O][Ring1][=Branch1][C][N][C][C][C][O][C][=C][C][=C][C][=C][Ring1][=Branch1],4
GEN_FYVAJEGGEZWKSP,,LIB_CHEMBL1200412,CC(C)CN(CCC(=O)N)CCC1=CC=CC=C1,CC(C)CN(CCC(N)=O)CCc1ccccc1,FYVAJEGGEZWKSP-UHFFFAOYSA-N,locally_trained_SELFIES_GRU_sampling,selfies_gru_base_v1,439f74756bc786709f318a4379037c4df186bc4d40957bdbe245910ba48e8229,exact_InChIKey_not_found,exact_InChIKey_not_found,c1ccccc1,0.2329,248.37,2.062,46.33,1,2,8,1.926,0.7652,,,6858,[C][C][Branch1][C][C][C][N][Branch1][Branch2][C][C][C][=Branch1][C][=O][N][Branch1][C][C][C][=C][C][=C][C][=C][Ring1][=Branch1],5
GEN_MZINFKXFDUJXKN,,LIB_CHEMBL461101,O=C(O)C1=NC=C(C(=O)O)C=C1C2=CC=CC=C2,O=C(O)c1cnc(C(=O)O)c(-c2ccccc2)c1,MZINFKXFDUJXKN-UHFFFAOYSA-N,locally_trained_SELFIES_GRU_sampling,selfies_gru_base_v1,439f74756bc786709f318a4379037c4df186bc4d40957bdbe245910ba48e8229,exact_InChIKey_not_found,exact_InChIKey_not_found,c1ccc(-c2cccnc2)cc1,0.2319,243.218,2.145,87.49,2,3,3,1.891,0.8618,,,18060,[O][=C][Branch1][C][O][C][=N][C][=C][Branch1][=Branch1][C][=Branch1][C][=O][O][C][=C][Ring1][=Branch2][C][=C][C][=C][C][=C][Ring1][=Branch1],6
GEN_WYHFLCHJZGPPCO,,LIB_CHEMBL2103870,CNC1=NC=C(SC)C(NC2CC2)=C1CC3=CC=C(C(=O)O)C=C3,CNc1ncc(SC)c(NC2CC2)c1Cc1ccc(C(=O)O)cc1,WYHFLCHJZGPPCO-UHFFFAOYSA-N,locally_trained_SELFIES_GRU_sampling,selfies_gru_base_v1,439f74756bc786709f318a4379037c4df186bc4d40957bdbe245910ba48e8229,exact_InChIKey_not_found,exact_InChIKey_not_found,c1ccc(Cc2cnccc2NC2CC2)cc1,0.2209,343.452,3.709,74.25,3,5,7,2.628,0.6657,,,8833,[C][N][C][=N][C][=C][Branch1][Ring1][S][C][C][Branch1][#Branch1][N][C][C][C][Ring1][Ring1][=C][Ring1][N][C][C][=C][C][=C][Branch1][=Branch1][C][=Branch1][C][=O][O][C][=C][Ring1][=Branch2],7
GEN_SPRDLCSVCBQUDH,,LIB_CHEMBL1200412,CCC(=O)C1=CC2=CC=CC=C2N1C(=O)CCC3=CC=CC=C3,CCC(=O)c1cc2ccccc2n1C(=O)CCc1ccccc1,SPRDLCSVCBQUDH-UHFFFAOYSA-N,locally_trained_SELFIES_GRU_sampling,selfies_gru_base_v1,439f74756bc786709f318a4379037c4df186bc4d40957bdbe245910ba48e8229,exact_InChIKey_not_found,exact_InChIKey_not_found,O=C(CCc1ccccc1)n1ccc2ccccc21,0.2208,305.377,4.507,39.07,0,2,5,2.159,0.6507,,,13560,[C][C][C][=Branch1][C][=O][C][=C][C][=C][C][=C][C][=C][Ring1][=Branch1][N][Ring1][=Branch2][C][=Branch1][C][=O][C][C][C][=C][C][=C][C][=C][Ring1][=Branch1],8
GEN_ZRDOTZWABYZBQU,,LIB_CHEMBL461101,NC(=O)C1=CC=CC=C1C2=CC=CC(=C2)CN3C(=O)CCC3,NC(=O)c1ccccc1-c1cccc(CN2CCCC2=O)c1,ZRDOTZWABYZBQU-UHFFFAOYSA-N,locally_trained_SELFIES_GRU_sampling,selfies_gru_base_v1,439f74756bc786709f318a4379037c4df186bc4d40957bdbe245910ba48e8229,exact_InChIKey_not_found,exact_InChIKey_not_found,O=C1CCCN1Cc1cccc(-c2ccccc2)c1,0.2195,294.354,2.575,63.4,1,2,4,1.914,0.9416,,,10668,[N][C][=Branch1][C][=O][C][=C][C][=C][C][=C][Ring1][=Branch1][C][=C][C][=C][C][=Branch1][Ring2][=C][Ring1][=Branch1][C][N][C][=Branch1][C][=O][C][C][C][Ring1][=Branch1],9
GEN_MTPGTXDGLCYVKP,,LIB_CHEMBL1200412,CC(C)OC1=CC=CC(=C1)CNC(=O)CC2CCNCC2,CC(C)Oc1cccc(CNC(=O)CC2CCNCC2)c1,MTPGTXDGLCYVKP-UHFFFAOYSA-N,locally_trained_SELFIES_GRU_sampling,selfies_gru_base_v1,439f74756bc786709f318a4379037c4df186bc4d40957bdbe245910ba48e8229,exact_InChIKey_not_found,exact_InChIKey_not_found,O=C(CC1CCNCC1)NCc1ccccc1,0.2195,290.407,2.48,50.36,2,3,6,2.087,0.846,,,935,[C][C][Branch1][C][C][O][C][=C][C][=C][C][=Branch1][Ring2][=C][Ring1][=Branch1][C][N][C][=Branch1][C][=O][C][C][C][C][N][C][C][Ring1][=Branch1],10
GEN_ATYFVIDTIDBZAX,,LIB_CHEMBL461101,CCC(=O)C1=CC=CC2=C1C3=CC=CC(=C3)C2=O,CCC(=O)c1cccc2c1-c1cccc(c1)C2=O,ATYFVIDTIDBZAX-UHFFFAOYSA-N,locally_trained_SELFIES_GRU_sampling,selfies_gru_base_v1,439f74756bc786709f318a4379037c4df186bc4d40957bdbe245910ba48e8229,exact_InChIKey_not_found,exact_InChIKey_not_found,O=C1c2cccc(c2)-c2ccccc21,0.2192,236.27,3.491,34.14,0,2,2,2.83,0.6381,,,19782,[C][C][C][=Branch1][C][=O][C][=C][C][=C][C][=C][Ring1][=Branch1][C][=C][C][=C][C][=Branch1][Ring2][=C][Ring1][=Branch1][C][Ring1][=Branch2][=O][C][=C][C][=C][C][Branch1][N][C][=C][C][=C][C][Branch1][C][Cl][=C][Ring1][#Branch1][N][=C][Ring1][N],11
GEN_OUJUDPKSJSQXEU,,LIB_CHEMBL254316,CC(C)(C)CCNC(=O)CNC1=NC=C(C2=CC=C(F)C=C2)CC1=O,CC(C)(C)CCNC(=O)CNC1=NC=C(c2ccc(F)cc2)CC1=O,OUJUDPKSJSQXEU-UHFFFAOYSA-N,locally_trained_SELFIES_GRU_sampling,selfies_gru_base_v1,439f74756bc786709f318a4379037c4df186bc4d40957bdbe245910ba48e8229,exact_InChIKey_not_found,exact_InChIKey_not_found,O=C1C=NC=C(c2ccccc2)C1,0.2184,345.418,2.68,70.56,2,4,5,2.798,0.8619,,,9713,[C][C][Branch1][C][C][Branch1][C][C][C][C][N][C][=Branch1][C][=O][C][N][C][=N][C][=C][Branch1][N][C][=C][C][=C][Branch1][C][F][C][=C][Ring1][#Branch1][C][C][Ring1][=N][=O],12
GEN_HZARFVOAMOYAON,,LIB_CHEMBL1983268,CNC1=NC=C(C2=CC=CC=C2)C=C1C(=O)N3CCOCC3,CNc1ncc(-c2ccccc2)cc1C(=O)N1CCOCC1,HZARFVOAMOYAON-UHFFFAOYSA-N,locally_trained_SELFIES_GRU_sampling,selfies_gru_base_v1,439f74756bc786709f318a4379037c4df186bc4d40957bdbe245910ba48e8229,exact_InChIKey_not_found,exact_InChIKey_not_found,O=C(c1cncc(-c2ccccc2)c1)N1CCOCC1,0.2174,297.358,2.263,54.46,1,4,3,2.047,0.944,,,8893,[C][N][C][=N][C][=C][Branch1][=Branch2][C][=C][C][=C][C][=C][Ring1][=Branch1][C][=C][Ring1][N][C][=Branch1][C][=O][N][C][C][O][C][C][Ring1][=Branch1],13
GEN_QSRGNDAUMGYQED,,LIB_CHEMBL1200412,CCOC(=O)C1=CC=CC=C1C(=O)NCCC2=CC=CC=C2,CCOC(=O)c1ccccc1C(=O)NCCc1ccccc1,QSRGNDAUMGYQED-UHFFFAOYSA-N,locally_trained_SELFIES_GRU_sampling,selfies_gru_base_v1,439f74756bc786709f318a4379037c4df186bc4d40957bdbe245910ba48e8229,exact_InChIKey_not_found,exact_InChIKey_not_found,O=C(NCCc1ccccc1)c1ccccc1,0.2133,297.354,2.836,55.4,1,3,6,1.566,0.8342,,,19489,[C][C][O][C][=Branch1][C][=O][C][=C][C][=C][C][=C][Ring1][=Branch1][C][=Branch1][C][=O][N][C][C][C][=C][C][=C][C][=C][Ring1][=Branch1],14
GEN_VHDPLYDOMNNXTA,,LIB_CHEMBL1200412,O=C(NCC1=CC=CC=C1)CCC2=CC=C(O)C(Cl)=C2,O=C(CCc1ccc(O)c(Cl)c1)NCc1ccccc1,VHDPLYDOMNNXTA-UHFFFAOYSA-N,locally_trained_SELFIES_GRU_sampling,selfies_gru_base_v1,439f74756bc786709f318a4379037c4df186bc4d40957bdbe245910ba48e8229,exact_InChIKey_not_found,exact_InChIKey_not_found,O=C(CCc1ccccc1)NCc1ccccc1,0.2105,289.762,3.295,49.33,2,2,5,1.666,0.8872,,,947,[O][=C][Branch1][O][N][C][C][=C][C][=C][C][=C][Ring1][=Branch1][C][C][C][=C][C][=C][Branch1][C][O][C][Branch1][C][Cl][=C][Ring1][Branch2],15
GEN_HVBTZLITHBFZSY,,LIB_CHEMBL2103870,CNC(=O)C1=CC=CC(C2=CC=CC=C2)=N1,CNC(=O)c1cccc(-c2ccccc2)n1,HVBTZLITHBFZSY-UHFFFAOYSA-N,locally_trained_SELFIES_GRU_sampling,selfies_gru_base_v1,439f74756bc786709f318a4379037c4df186bc4d40957bdbe245910ba48e8229,exact_InChIKey_not_found,exact_InChIKey_not_found,c1ccc(-c2ccccn2)cc1,0.2083,212.252,2.108,41.99,1,2,2,1.66,0.8279,,,3573,[C][N][C][=Branch1][C][=O][C][=C][C][=C][C][Branch1][=Branch2][C][=C][C][=C][C][=C][Ring1][=Branch1][=N][Ring1][N],16
GEN_XZOLNSVKEZCDEB,,LIB_CHEMBL461101,O=C(NC1=CC=C(S(N)(=O)=O)C=C1C2=CC=CC=C2)C3=CC=CC=C3,NS(=O)(=O)c1ccc(NC(=O)c2ccccc2)c(-c2ccccc2)c1,XZOLNSVKEZCDEB-UHFFFAOYSA-N,locally_trained_SELFIES_GRU_sampling,selfies_gru_base_v1,439f74756bc786709f318a4379037c4df186bc4d40957bdbe245910ba48e8229,exact_InChIKey_not_found,exact_InChIKey_not_found,O=C(Nc1ccccc1-c1ccccc1)c1ccccc1,0.2078,352.415,3.253,89.26,2,3,4,1.717,0.7551,,,6963,[O][=C][Branch2][Ring1][N][N][C][=C][C][=C][Branch1][=Branch2][S][Branch1][C][N][=Branch1][C][=O][=O][C][=C][Ring1][#Branch2][C][=C][C][=C][C][=C][Ring1][=Branch1][C][=C][C][=C][C][=C][Ring1][=Branch1],17
GEN_DZAWWYSIECDRMJ,,LIB_CHEMBL2103870,C1OC=C2C=C(/C=C/C(=O)NC3=CC=C(C(=O)O)C=C3CC2)N1,O=C1/C=C/C2=CC(=COCN2)CCc2cc(C(=O)O)ccc2N1,DZAWWYSIECDRMJ-GQCTYLIASA-N,locally_trained_SELFIES_GRU_sampling,selfies_gru_base_v1,439f74756bc786709f318a4379037c4df186bc4d40957bdbe245910ba48e8229,exact_InChIKey_not_found,exact_InChIKey_not_found,O=C1C=CC2=CC(=COCN2)CCc2ccccc2N1,0.2069,312.325,2.171,87.66,3,4,1,4.727,0.7395,,,4329,[C][O][C][=C][C][=C][Branch2][Ring1][O][/C][=C][/C][=Branch1][C][=O][N][C][=C][C][=C][Branch1][=Branch1][C][=Branch1][C][=O][O][C][=C][Ring1][=Branch2][C][C][Ring2][Ring1][Ring1][=N][Ring2][Ring1][=Branch2],18
GEN_NAOSHZTVHQYXHW,,LIB_CHEMBL461101,CS(=O)(=O)NC1=CC=CC=C1C2=CC=CC=C2,CS(=O)(=O)Nc1ccccc1-c1ccccc1,NAOSHZTVHQYXHW-UHFFFAOYSA-N,locally_trained_SELFIES_GRU_sampling,selfies_gru_base_v1,439f74756bc786709f318a4379037c4df186bc4d40957bdbe245910ba48e8229,exact_InChIKey_not_found,exact_InChIKey_not_found,c1ccc(-c2ccccc2)cc1,0.2059,247.319,2.725,46.17,1,2,3,1.542,0.9061,,,19963,[C][S][=Branch1][C][=O][=Branch1][C][=O][N][C][=C][C][=C][C][=C][Ring1][=Branch1][C][=C][C][=C][C][=C][Ring1][=Branch1],19
GEN_ZUBSJIIGEHMRIE,,LIB_CHEMBL461101,O=C1C=CC2=CC(C(=O)O)=CC=C21,O=C(O)c1ccc2c(c1)C=CC2=O,ZUBSJIIGEHMRIE-UHFFFAOYSA-N,locally_trained_SELFIES_GRU_sampling,selfies_gru_base_v1,439f74756bc786709f318a4379037c4df186bc4d40957bdbe245910ba48e8229,exact_InChIKey_not_found,exact_InChIKey_not_found,O=C1C=Cc2ccccc21,0.2059,174.155,1.594,54.37,1,2,1,2.234,0.7029,,,5127,[O][=C][C][=C][C][=C][C][Branch1][=Branch1][C][=Branch1][C][=O][O][=C][C][=C][Ring1][=Branch2][Ring1][N][O],20
GEN_DALBQTQCOCTPIP,,LIB_CHEMBL254316,O=C1C=C(C2=CC=C(F)C=C2)N=C1NCC3=CC=CC=C3,O=C1C=C(c2ccc(F)cc2)N=C1NCc1ccccc1,DALBQTQCOCTPIP-UHFFFAOYSA-N,locally_trained_SELFIES_GRU_sampling,selfies_gru_base_v1,439f74756bc786709f318a4379037c4df186bc4d40957bdbe245910ba48e8229,exact_InChIKey_not_found,exact_InChIKey_not_found,O=C1C=C(c2ccccc2)N=C1NCc1ccccc1,0.2051,280.302,2.938,41.46,1,3,3,2.308,0.9388,,,5757,[O][=C][C][=C][Branch1][N][C][=C][C][=C][Branch1][C][F][C][=C][Ring1][#Branch1][N][=C][Ring1][N][N][C][C][=C][C][=C][C][=C][Ring1][=Branch1],21
GEN_NFHPXWSINRISJS,,LIB_CHEMBL461101,CC1=CC=C(C2=CC=CC=C2O1)C3=CN=C(C(=O)O)C=C3Br,CC1=CC=C(c2cnc(C(=O)O)cc2Br)c2ccccc2O1,NFHPXWSINRISJS-UHFFFAOYSA-N,locally_trained_SELFIES_GRU_sampling,selfies_gru_base_v1,439f74756bc786709f318a4379037c4df186bc4d40957bdbe245910ba48e8229,exact_InChIKey_not_found,exact_InChIKey_not_found,C1=COc2ccccc2C(c2cccnc2)=C1,0.2048,358.191,4.27,59.42,1,3,2,2.97,0.8711,,,14459,[C][C][=C][C][=C][Branch1][S][C][=C][C][=C][C][=C][Ring1][=Branch1][O][Ring1][O][C][C][=C][C][C][=C][N][=C][Branch1][=Branch1][C][=Branch1][C][=O][O][C][=C][Ring1][=Branch2][Br],22
GEN_HKVJNWJNHKICKO,,LIB_CHEMBL1983268,CCN(CC)CCNC(=O)NC1CCN(C2=CC=CC=C2)CC1,CCN(CC)CCNC(=O)NC1CCN(c2ccccc2)CC1,HKVJNWJNHKICKO-UHFFFAOYSA-N,locally_trained_SELFIES_GRU_sampling,selfies_gru_base_v1,439f74756bc786709f318a4379037c4df186bc4d40957bdbe245910ba48e8229,exact_InChIKey_not_found,exact_InChIKey_not_found,c1ccc(N2CCCCC2)cc1,0.2043,318.465,2.296,47.61,2,3,7,1.996,0.8108,,,8336,[C][C][N][Branch1][Ring1][C][C][C][C][N][C][=Branch1][C][=O][N][C][C][C][N][Branch1][=Branch2][C][=C][C][=C][C][=C][Ring1][=Branch1][C][C][Ring1][N],23
GEN_RRDZQWCTWPIRJB,,LIB_CHEMBL1983268,COC1=CC(F)=CC=C1NC(=O)C2=CC=CC(Cl)=C2OCC(=O)O,COc1cc(F)ccc1NC(=O)c1cccc(Cl)c1OCC(=O)O,RRDZQWCTWPIRJB-UHFFFAOYSA-N,locally_trained_SELFIES_GRU_sampling,selfies_gru_base_v1,439f74756bc786709f318a4379037c4df186bc4d40957bdbe245910ba48e8229,exact_InChIKey_not_found,exact_InChIKey_not_found,O=C(Nc1ccccc1)c1ccccc1,0.2041,353.733,3.203,84.86,2,4,6,1.964,0.8326,,,19336,[C][O][C][=C][C][Branch1][C][F][=C][C][=C][Ring1][#Branch1][N][C][=Branch1][C][=O][C][=C][C][=C][C][Branch1][C][Cl][=C][Ring1][#Branch1][O][C][C][=Branch1][C][=O][O],24
GEN_QZHJREJHEHULQM,,LIB_CHEMBL1200412,O=C(NCC1=CC=CC=C1)NC(=O)CC2=CC=CC=C2C,Cc1ccccc1CC(=O)NC(=O)NCc1ccccc1,QZHJREJHEHULQM-UHFFFAOYSA-N,locally_trained_SELFIES_GRU_sampling,selfies_gru_base_v1,439f74756bc786709f318a4379037c4df186bc4d40957bdbe245910ba48e8229,exact_InChIKey_not_found,exact_InChIKey_not_found,O=C(Cc1ccccc1)NC(=O)NCc1ccccc1,0.2027,282.343,2.564,58.2,2,2,4,1.651,0.9051,,,13410,[O][=C][Branch1][O][N][C][C][=C][C][=C][C][=C][Ring1][=Branch1][N][C][=Branch1][C][=O][C][C][=C][C][=C][C][=C][Ring1][=Branch1][C],25
GEN_IZOQOYKXROVVOY,,LIB_CHEMBL254316,CC(C)(C1=CC=CC=C1)NC(=O)C2=NC=CC=C2,CC(C)(NC(=O)c1ccccn1)c1ccccc1,IZOQOYKXROVVOY-UHFFFAOYSA-N,locally_trained_SELFIES_GRU_sampling,selfies_gru_base_v1,439f74756bc786709f318a4379037c4df186bc4d40957bdbe245910ba48e8229,exact_InChIKey_not_found,exact_InChIKey_not_found,O=C(NCc1ccccc1)c1ccccn1,0.2027,240.306,2.747,41.99,1,2,3,1.897,0.8959,,,5302,[C][C][Branch1][C][C][Branch1][=Branch2][C][=C][C][=C][C][=C][Ring1][=Branch1][N][C][=Branch1][C][=O][C][=N][C][=C][C][=C][Ring1][Branch2][Ring1][=Branch1],26
GEN_PEOCCFXRLGYKBM,,LIB_CHEMBL461101,O=C(O)C1=CC=CC=C1C2=CC=C3C(=C2)OCO3,O=C(O)c1ccccc1-c1ccc2c(c1)OCO2,PEOCCFXRLGYKBM-UHFFFAOYSA-N,locally_trained_SELFIES_GRU_sampling,selfies_gru_base_v1,439f74756bc786709f318a4379037c4df186bc4d40957bdbe245910ba48e8229,exact_InChIKey_not_found,exact_InChIKey_not_found,c1ccc(-c2ccc3c(c2)OCO3)cc1,0.2027,242.23,2.781,55.76,1,3,2,1.744,0.8793,,,8044,[O][=C][Branch1][C][O][C][=C][C][=C][C][=C][Ring1][=Branch1][C][=C][C][=C][C][=Branch1][Ring2][=C][Ring1][=Branch1][O][C][O][Ring1][=Branch1],27
GEN_IDANRNXCMRDCAB,,LIB_CHEMBL1200412,C1CNCCC1(C(=O)NCCN(CC2=CC=CC=C2)CC)C3=CC=CC=N3,CCN(CCNC(=O)C1(c2ccccn2)CCNCC1)Cc1ccccc1,IDANRNXCMRDCAB-UHFFFAOYSA-N,locally_trained_SELFIES_GRU_sampling,selfies_gru_base_v1,439f74756bc786709f318a4379037c4df186bc4d40957bdbe245910ba48e8229,exact_InChIKey_not_found,exact_InChIKey_not_found,O=C(NCCNCc1ccccc1)C1(c2ccccn2)CCNCC1,0.2022,366.509,2.341,57.26,2,4,8,2.533,0.7529,,,17659,[C][C][N][C][C][C][Branch2][Ring1][=Branch1][C][=Branch1][C][=O][N][C][C][N][Branch1][#Branch2][C][C][=C][C][=C][C][=C][Ring1][=Branch1][C][C][Ring1][P][C][=C][C][=C][C][=N][Ring1][=Branch1],28
GEN_RPOZSCMBKQWFDU,,LIB_CHEMBL2103870,CCCCC(=O)NC1=CC=C(C2=CC=CC=C2)N=C1N,CCCCC(=O)Nc1ccc(-c2ccccc2)nc1N,RPOZSCMBKQWFDU-UHFFFAOYSA-N,locally_trained_SELFIES_GRU_sampling,selfies_gru_base_v1,439f74756bc786709f318a4379037c4df186bc4d40957bdbe245910ba48e8229,exact_InChIKey_not_found,exact_InChIKey_not_found,c1ccc(-c2ccccn2)cc1,0.2,269.348,3.46,68.01,2,3,5,1.845,0.873,,,14503,[C][C][C][C][C][=Branch1][C][=O][N][C][=C][C][=C][Branch1][=Branch2][C][=C][C][=C][C][=C][Ring1][=Branch1][N][=C][Ring1][N][N],29
GEN_XICJBSFSOHJEKP,,LIB_CHEMBL1200412,O=C(NCCC1=CC=CC=C1)NCCN(C2)CCCCC2,O=C(NCCc1ccccc1)NCCN1CCCCCC1,XICJBSFSOHJEKP-UHFFFAOYSA-N,locally_trained_SELFIES_GRU_sampling,selfies_gru_base_v1,439f74756bc786709f318a4379037c4df186bc4d40957bdbe245910ba48e8229,exact_InChIKey_not_found,exact_InChIKey_not_found,O=C(NCCc1ccccc1)NCCN1CCCCCC1,0.2,289.423,2.404,44.37,2,2,6,1.73,0.8444,,,2462,[O][=C][Branch1][O][N][C][C][C][=C][C][=C][C][=C][Ring1][=Branch1][N][C][C][N][Branch1][C][C][C][C][C][C][C][Ring1][=Branch1],30
GEN_GMELVXXUXAFBRT,,LIB_CHEMBL461101,N1C=CC2=CC(C(=O)O)=CC=C2C3=CC=CC=C31,O=C(O)c1ccc2c(c1)C=CNc1ccccc1-2,GMELVXXUXAFBRT-UHFFFAOYSA-N,locally_trained_SELFIES_GRU_sampling,selfies_gru_base_v1,439f74756bc786709f318a4379037c4df186bc4d40957bdbe245910ba48e8229,exact_InChIKey_not_found,exact_InChIKey_not_found,C1=Cc2ccccc2-c2ccccc2N1,0.2,237.258,3.448,49.33,2,2,1,2.39,0.7982,,,8808,[N][C][=C][C][=C][C][Branch1][=Branch1][C][=Branch1][C][=O][O][=C][C][=C][Ring1][=Branch2][C][=C][C][=C][C][=C][Ring1][=Branch1][Ring2][Ring1][Ring1],31
GEN_JALAVYCDAKNGHB,,LIB_CHEMBL1200412,CC(=O)O[C@@H1]1O[C@H1](NC2=CC=CC=C2)CC1,CC(=O)O[C@H]1CC[C@@H](Nc2ccccc2)O1,JALAVYCDAKNGHB-NWDGAFQWSA-N,locally_trained_SELFIES_GRU_sampling,selfies_gru_base_v1,439f74756bc786709f318a4379037c4df186bc4d40957bdbe245910ba48e8229,exact_InChIKey_not_found,exact_InChIKey_not_found,c1ccc(NC2CCCO2)cc1,0.2,221.256,2.124,47.56,1,4,3,3.228,0.7941,,,3462,[C][C][=Branch1][C][=O][O][C@@H1][O][C@H1][Branch1][#Branch2][N][C][=C][C][=C][C][=C][Ring1][=Branch1][C][C][Ring1][N],32
GEN_KDBREFDKRAOXOT,,LIB_CHEMBL254316,CC(C)(C)CCNC(=O)C1=C2N=C3C=CC=CC3=C12,CC(C)(C)CCNC(=O)c1c2nc3ccccc3c1-2,KDBREFDKRAOXOT-UHFFFAOYSA-N,locally_trained_SELFIES_GRU_sampling,selfies_gru_base_v1,439f74756bc786709f318a4379037c4df186bc4d40957bdbe245910ba48e8229,exact_InChIKey_not_found,exact_InChIKey_not_found,c1ccc2c3cc-3nc2c1,0.2,254.333,3.381,41.99,1,2,3,2.283,0.7782,,,15777,[C][C][Branch1][C][C][Branch1][C][C][C][C][N][C][=Branch1][C][=O][C][=C][N][=C][C][=C][C][=C][C][Ring1][=Branch1][=C][Ring1][#Branch2][Ring1][=Branch2],33
GEN_JVKONUQCFSGTEX,,LIB_CHEMBL1200412,O=C(O)COC(=O)CCC1=CC=CC(C)=N1,Cc1cccc(CCC(=O)OCC(=O)O)n1,JVKONUQCFSGTEX-UHFFFAOYSA-N,locally_trained_SELFIES_GRU_sampling,selfies_gru_base_v1,439f74756bc786709f318a4379037c4df186bc4d40957bdbe245910ba48e8229,exact_InChIKey_not_found,exact_InChIKey_not_found,c1ccncc1,0.2,223.228,0.95,76.49,1,4,5,2.031,0.7519,,,19057,[O][=C][Branch1][C][O][C][O][C][=Branch1][C][=O][C][C][C][=C][C][=C][C][Branch1][C][C][=N][Ring1][#Branch1][=C][Branch1][=Branch1][C][Branch1][C][C][C][C][=Branch1][C][=O][O][C][=C][Ring1][#C][C],34
GEN_SHXIJVIRWXAUQJ,,LIB_CHEMBL44657,COC(=O)NC1=CC=C2C(=C1)OCO2,COC(=O)Nc1ccc2c(c1)OCO2,SHXIJVIRWXAUQJ-UHFFFAOYSA-N,locally_trained_SELFIES_GRU_sampling,selfies_gru_base_v1,439f74756bc786709f318a4379037c4df186bc4d40957bdbe245910ba48e8229,exact_InChIKey_not_found,exact_InChIKey_not_found,c1ccc2c(c1)OCO2,0.2,195.174,1.594,56.79,1,4,1,1.816,0.7389,,,1303,[C][O][C][=Branch1][C][=O][N][C][=C][C][=C][C][=Branch1][Ring2][=C][Ring1][=Branch1][O][C][O][Ring1][=Branch1],35
GEN_UDPUDCYIYCQPFU,,LIB_CHEMBL461101,O=C(N1C2=CC=CC=C2)CCN1C(=O)CC3=CC=CC=C3C4=CC=CC=C4,O=C(Cc1ccccc1-c1ccccc1)N1CCC(=O)N1c1ccccc1,UDPUDCYIYCQPFU-UHFFFAOYSA-N,locally_trained_SELFIES_GRU_sampling,selfies_gru_base_v1,439f74756bc786709f318a4379037c4df186bc4d40957bdbe245910ba48e8229,exact_InChIKey_not_found,exact_InChIKey_not_found,O=C(Cc1ccccc1-c1ccccc1)N1CCC(=O)N1c1ccccc1,0.2,356.425,4.077,40.62,0,2,4,2.246,0.7068,,,8359,[O][=C][Branch1][#Branch2][N][C][=C][C][=C][C][=C][Ring1][=Branch1][C][C][N][Ring1][#Branch2][C][=Branch1][C][=O][C][C][=C][C][=C][C][=C][Ring1][=Branch1][C][=C][C][=C][C][=C][Ring1][=Branch1],36
GEN_NXWYUKPWJGWDBO,,LIB_CHEMBL461101,O=C(O)C1=C2C=CC=C1OC3=CC=C(N4CCNCC4)C=C23,O=C(O)c1c2cccc1-c1cc(N3CCNCC3)ccc1O2,NXWYUKPWJGWDBO-UHFFFAOYSA-N,locally_trained_SELFIES_GRU_sampling,selfies_gru_base_v1,439f74756bc786709f318a4379037c4df186bc4d40957bdbe245910ba48e8229,exact_InChIKey_not_found,exact_InChIKey_not_found,c1cc2cc(c1)-c1cc(N3CCNCC3)ccc1O2,0.1975,296.326,2.567,61.8,2,4,2,3.121,0.7608,,,16597,[O][=C][Branch1][C][O][C][=C][C][=C][C][=C][Ring1][=Branch1][O][C][=C][C][=C][Branch1][=Branch2][N][C][C][N][C][C][Ring1][=Branch1][C][=C][Ring2][Ring1][C][Ring1][N],37
GEN_BQMVNRFBDASMNE,,LIB_CHEMBL461101,O=C(NC1=CC=CC=C1C)CN(C(=O)NC2=CC=CC=C2)C(=O)NC3=CC=CC=C3,Cc1ccccc1NC(=O)CN(C(=O)Nc1ccccc1)C(=O)Nc1ccccc1,BQMVNRFBDASMNE-UHFFFAOYSA-N,locally_trained_SELFIES_GRU_sampling,selfies_gru_base_v1,439f74756bc786709f318a4379037c4df186bc4d40957bdbe245910ba48e8229,exact_InChIKey_not_found,exact_InChIKey_not_found,O=C(CN(C(=O)Nc1ccccc1)C(=O)Nc1ccccc1)Nc1ccccc1,0.1974,402.454,4.7,90.54,3,3,5,2.034,0.5777,,,12327,[O][=C][Branch1][O][N][C][=C][C][=C][C][=C][Ring1][=Branch1][C][C][N][Branch1][=N][C][=Branch1][C][=O][N][C][=C][C][=C][C][=C][Ring1][=Branch1][C][=Branch1][C][=O][N][C][=C][C][=C][C][=C][Ring1][=Branch1],38
GEN_BTFPMVQDJPLLCI,,LIB_CHEMBL254316,O=C(NCC(=O)C1=CC2=CC=CC=C2N1C)C3=CC=C4C=CC=CC4=C3,Cn1c(C(=O)CNC(=O)c2ccc3ccccc3c2)cc2ccccc21,BTFPMVQDJPLLCI-UHFFFAOYSA-N,locally_trained_SELFIES_GRU_sampling,selfies_gru_base_v1,439f74756bc786709f318a4379037c4df186bc4d40957bdbe245910ba48e8229,exact_InChIKey_not_found,exact_InChIKey_not_found,O=C(NCC(=O)c1cc2ccccc2[nH]1)c1ccc2ccccc2c1,0.1951,342.398,3.944,51.1,1,2,4,2.07,0.5711,,,5913,[O][=C][Branch2][Ring1][Branch1][N][C][C][=Branch1][C][=O][C][=C][C][=C][C][=C][C][=C][Ring1][=Branch1][N][Ring1][=Branch2][C][C][=C][C][=C][C][=C][C][=C][C][Ring1][=Branch1][=C][Ring1][#Branch2],39
GEN_RMQWVIWBYCCGGN,,LIB_CHEMBL1200412,COC1=CC=CC=C1CC2=CC=CC=C2NCCC(=O)O,COc1ccccc1Cc1ccccc1NCCC(=O)O,RMQWVIWBYCCGGN-UHFFFAOYSA-N,locally_trained_SELFIES_GRU_sampling,selfies_gru_base_v1,439f74756bc786709f318a4379037c4df186bc4d40957bdbe245910ba48e8229,exact_InChIKey_not_found,exact_InChIKey_not_found,c1ccc(Cc2ccccc2)cc1,0.1948,285.343,3.173,58.56,2,3,7,1.824,0.8201,,,5580,[C][O][C][=C][C][=C][C][=C][Ring1][=Branch1][C][C][=C][C][=C][C][=C][Ring1][=Branch1][N][Ring1][=Branch2][C][Branch1][#Branch1][C][C][=Branch1][C][=O][O],40
GEN_LFTLKDJOFAYHAG,,LIB_CHEMBL461101,O=C1C2=CC=CC=C2OCCN(C(=O)C3=CC=CC=C3)O1,O=C1ON(C(=O)c2ccccc2)CCOc2ccccc21,LFTLKDJOFAYHAG-UHFFFAOYSA-N,locally_trained_SELFIES_GRU_sampling,selfies_gru_base_v1,439f74756bc786709f318a4379037c4df186bc4d40957bdbe245910ba48e8229,exact_InChIKey_not_found,exact_InChIKey_not_found,O=C1ON(C(=O)c2ccccc2)CCOc2ccccc21,0.1948,283.283,2.293,55.84,0,4,1,2.357,0.8055,,,6547,[O][=C][C][=C][C][=C][C][=C][Ring1][=Branch1][O][C][C][N][Branch1][=N][C][=Branch1][C][=O][C][=C][C][=C][C][=C][Ring1][=Branch1][O][Ring2][Ring1][Ring2],41
GEN_MUUJIDJGBHCKEI,,LIB_CHEMBL1200412,O=S(=O)(NC(=O)OCC1=CC=CC=C1)C2=CC=CC=C2,O=C(NS(=O)(=O)c1ccccc1)OCc1ccccc1,MUUJIDJGBHCKEI-UHFFFAOYSA-N,locally_trained_SELFIES_GRU_sampling,selfies_gru_base_v1,439f74756bc786709f318a4379037c4df186bc4d40957bdbe245910ba48e8229,exact_InChIKey_not_found,exact_InChIKey_not_found,O=C(NS(=O)(=O)c1ccccc1)OCc1ccccc1,0.1944,291.328,2.302,72.47,1,4,4,1.649,0.9378,,,1930,[O][=S][=Branch1][C][=O][Branch1][S][N][C][=Branch1][C][=O][O][C][C][=C][C][=C][C][=C][Ring1][=Branch1][C][=C][C][=C][C][=C][Ring1][=Branch1],42
GEN_KBIFTEWSHHVYNO,,LIB_CHEMBL1200412,CCCNC(=O)CCC1=CC=CC(=C1)[C@@H1]2OCCCO2,CCCNC(=O)CCc1cccc(C2OCCCO2)c1,KBIFTEWSHHVYNO-UHFFFAOYSA-N,locally_trained_SELFIES_GRU_sampling,selfies_gru_base_v1,439f74756bc786709f318a4379037c4df186bc4d40957bdbe245910ba48e8229,exact_InChIKey_not_found,exact_InChIKey_not_found,c1ccc(C2OCCCO2)cc1,0.1928,277.364,2.581,47.56,1,3,6,2.152,0.8691,,,16212,[C][C][C][N][C][=Branch1][C][=O][C][C][C][=C][C][=C][C][=Branch1][Ring2][=C][Ring1][=Branch1][C@@H1][O][C][C][C][O][Ring1][=Branch1][S][Ring1][N],43
GEN_MFCIDPNIZBSAID,,LIB_CHEMBL461101,C1NCCN(C(=O)NC2=CC=CC=C2C3=CC=CC=C3)C4=CC=CC=C41,O=C(Nc1ccccc1-c1ccccc1)N1CCNCc2ccccc21,MFCIDPNIZBSAID-UHFFFAOYSA-N,locally_trained_SELFIES_GRU_sampling,selfies_gru_base_v1,439f74756bc786709f318a4379037c4df186bc4d40957bdbe245910ba48e8229,exact_InChIKey_not_found,exact_InChIKey_not_found,O=C(Nc1ccccc1-c1ccccc1)N1CCNCc2ccccc21,0.1928,343.43,4.495,44.37,2,2,2,2.03,0.7197,,,2146,[C][N][C][C][N][Branch2][Ring1][=Branch1][C][=Branch1][C][=O][N][C][=C][C][=C][C][=C][Ring1][=Branch1][C][=C][C][=C][C][=C][Ring1][=Branch1][C][=C][C][=C][C][=C][Ring1][=Branch1][Ring2][Ring1][N],44
GEN_DCMAISXLRRJMOY,,LIB_CHEMBL1983268,CCCNC(C1=C2C=C(N)C=N1)=NC3=CC=C(N4CCOCC4)C=C3S2,CCCNC1=Nc2ccc(N3CCOCC3)cc2Sc2cc(N)cnc21,DCMAISXLRRJMOY-UHFFFAOYSA-N,locally_trained_SELFIES_GRU_sampling,selfies_gru_base_v1,439f74756bc786709f318a4379037c4df186bc4d40957bdbe245910ba48e8229,exact_InChIKey_not_found,exact_InChIKey_not_found,C1=Nc2ccc(N3CCOCC3)cc2Sc2cccnc21,0.1923,369.494,3.043,75.77,2,7,3,3.008,0.8661,,,10903,[C][C][C][N][C][Branch1][N][C][=C][C][=C][Branch1][C][N][C][=N][Ring1][#Branch1][=N][C][=C][C][=C][Branch1][=Branch2][N][C][C][O][C][C][Ring1][=Branch1][C][=C][Ring1][N][S][Ring2][Ring1][Ring2],45
GEN_VWLKKJMEROSMAE,,LIB_CHEMBL1983268,COC1=CC=C(C=C1O)CCOC(=O)C2=CN(C)C=C(C2)OC3CCCC3,COc1ccc(CCOC(=O)C2=CN(C)C=C(OC3CCCC3)C2)cc1O,VWLKKJMEROSMAE-UHFFFAOYSA-N,locally_trained_SELFIES_GRU_sampling,selfies_gru_base_v1,439f74756bc786709f318a4379037c4df186bc4d40957bdbe245910ba48e8229,exact_InChIKey_not_found,exact_InChIKey_not_found,O=C(OCCc1ccccc1)C1=CNC=C(OC2CCCC2)C1,0.1923,373.449,3.507,68.23,1,6,7,2.976,0.738,,,16734,[C][O][C][=C][C][=C][Branch1][=Branch1][C][=C][Ring1][=Branch1][O][C][C][O][C][=Branch1][C][=O][C][=C][N][Branch1][C][C][C][=C][Branch1][Ring2][C][Ring1][#Branch1][=O][C][C][C][C][C][Ring1][Branch1],46
GEN_MNXZYWFULQKYIV,,LIB_CHEMBL1200412,O=C(O)C1=CC(CC2=CC=CC=C2)=N1,O=C(O)C1=CC(Cc2ccccc2)=N1,MNXZYWFULQKYIV-UHFFFAOYSA-N,locally_trained_SELFIES_GRU_sampling,selfies_gru_base_v1,439f74756bc786709f318a4379037c4df186bc4d40957bdbe245910ba48e8229,exact_InChIKey_not_found,exact_InChIKey_not_found,C1=CC(Cc2ccccc2)=N1,0.1912,187.198,1.652,49.66,1,2,3,2.469,0.7817,,,14574,[O][=C][Branch1][C][O][C][=C][C][Branch1][#Branch2][C][C][=C][C][=C][C][=C][Ring1][=Branch1][=N][Ring1][O],47
GEN_GMQGYABWNSWKGK,,LIB_CHEMBL254316,CNCCC1=CN=C(NCC2=CC=C(F)C=C2)N=CN1CC3=CC=CC=C3,CNCCC1=CN=C(NCc2ccc(F)cc2)N=CN1Cc1ccccc1,GMQGYABWNSWKGK-UHFFFAOYSA-N,locally_trained_SELFIES_GRU_sampling,selfies_gru_base_v1,439f74756bc786709f318a4379037c4df186bc4d40957bdbe245910ba48e8229,exact_InChIKey_not_found,exact_InChIKey_not_found,C1=CN(Cc2ccccc2)C=NC(NCc2ccccc2)=N1,0.191,365.456,3.266,52.02,2,5,7,2.97,0.7918,,,3568,[C][N][C][C][C][=C][N][=C][Branch1][=N][N][C][C][=C][C][=C][Branch1][C][F][C][=C][Ring1][#Branch1][N][=C][N][Ring1][S][C][C][=C][C][=C][C][=C][Ring1][=Branch1],48
GEN_FJAATUDLBLEIEO,,LIB_CHEMBL1200412,CCC=1OC(=O)CC[C@@H1](C23CC2)C=1C4=CC=C(O)C=C43,CCC1=C2c3ccc(O)cc3C3(CC3)[C@@H]2CCC(=O)O1,FJAATUDLBLEIEO-GFCCVEGCSA-N,locally_trained_SELFIES_GRU_sampling,selfies_gru_base_v1,439f74756bc786709f318a4379037c4df186bc4d40957bdbe245910ba48e8229,exact_InChIKey_not_found,exact_InChIKey_not_found,O=C1CCC2C(=CO1)c1ccccc1C21CC1,0.1905,270.328,3.512,46.53,1,3,1,4.148,0.7942,,,13306,[C][C][C][O][C][=Branch1][C][=O][C][C][C@@H1][Branch1][=Branch1][C][C][C][Ring1][Ring1][C][=Ring1][O][C][=C][C][=C][Branch1][C][O][C][=C][Ring1][#Branch1][Ring1][O],49
GEN_BUCHZKMRZVFZSH,,LIB_CHEMBL254316,O=C(NC1=CC=CC=N1)C2=CC=C(F)C=C2,O=C(Nc1ccccn1)c1ccc(F)cc1,BUCHZKMRZVFZSH-UHFFFAOYSA-N,locally_trained_SELFIES_GRU_sampling,selfies_gru_base_v1,439f74756bc786709f318a4379037c4df186bc4d40957bdbe245910ba48e8229,exact_InChIKey_not_found,exact_InChIKey_not_found,O=C(Nc1ccccn1)c1ccccc1,0.1892,216.215,2.473,41.99,1,2,2,1.487,0.8374,,,3273,[O][=C][Branch1][#Branch2][N][C][=C][C][=C][C][=N][Ring1][=Branch1][C][=C][C][=C][Branch1][C][F][C][=C][Ring1][#Branch1],50
GEN_GHVWTUQHLDVEPW,,LIB_CHEMBL1200412,O=C(NCC1=CC=CC=C1)CNC2=C3C=CC(=C2)CCCN3C4CCCCC4,O=C(CNc1cc2ccc1N(C1CCCCC1)CCC2)NCc1ccccc1,GHVWTUQHLDVEPW-UHFFFAOYSA-N,locally_trained_SELFIES_GRU_sampling,selfies_gru_base_v1,439f74756bc786709f318a4379037c4df186bc4d40957bdbe245910ba48e8229,exact_InChIKey_not_found,exact_InChIKey_not_found,O=C(CNc1cc2ccc1N(C1CCCCC1)CCC2)NCc1ccccc1,0.1889,377.532,4.5,44.37,2,3,6,3.015,0.779,,,14119,[O][=C][Branch1][O][N][C][C][=C][C][=C][C][=C][Ring1][=Branch1][C][N][C][=C][C][=C][C][=Branch1][Ring2][=C][Ring1][=Branch1][C][C][C][N][Ring1][=Branch2][C][C][C][C][C][C][Ring1][=Branch1],51
GEN_FQJDRNUHEFLYBG,,LIB_CHEMBL461101,O=C1C=CC=C(O)C(C2=CC=CC=C2)=N1,O=c1cccc(O)c(-c2ccccc2)n1,FQJDRNUHEFLYBG-UHFFFAOYSA-N,locally_trained_SELFIES_GRU_sampling,selfies_gru_base_v1,439f74756bc786709f318a4379037c4df186bc4d40957bdbe245910ba48e8229,exact_InChIKey_not_found,exact_InChIKey_not_found,O=c1ccccc(-c2ccccc2)n1,0.1884,199.209,1.814,50.19,1,3,1,2.006,0.7616,,,8271,[O][=C][C][=C][C][=C][Branch1][C][O][C][Branch1][=Branch2][C][=C][C][=C][C][=C][Ring1][=Branch1][=N][Ring1][=C][=C][C][Branch1][=Branch2][N][C][C][S][C][=C][C][=C][C][=C][Ring1][=Branch1][Cl],52
GEN_RHJPMNJSKWBEMI,,LIB_CHEMBL1200412,COC1=C2C=CC(OC)=C2N(CC3=CC=CC=C3)NC=CSC1=O,COc1ccc2c(OC)c(=O)scc[nH]n(Cc3ccccc3)c1-2,RHJPMNJSKWBEMI-UHFFFAOYSA-N,locally_trained_SELFIES_GRU_sampling,selfies_gru_base_v1,439f74756bc786709f318a4379037c4df186bc4d40957bdbe245910ba48e8229,exact_InChIKey_not_found,exact_InChIKey_not_found,O=c1cc2cccc-2n(Cc2ccccc2)[nH]ccs1,0.1882,342.42,3.533,56.25,1,4,4,3.318,0.789,,,17507,[C][O][C][=C][C][=C][C][Branch1][Ring1][O][C][=C][Ring1][#Branch1][N][Branch1][#Branch2][C][C][=C][C][=C][C][=C][Ring1][=Branch1][N][C][=C][S][C][Ring2][Ring1][Branch1][=O][N],53
GEN_JDFOAIFEKBMYBL,,LIB_CHEMBL1200412,O=C(NC1=CC(Cl)=CC2=C1OCC3=CC=CC=C3)CC2,O=C1CCc2cc(Cl)cc(c2OCc2ccccc2)N1,JDFOAIFEKBMYBL-UHFFFAOYSA-N,locally_trained_SELFIES_GRU_sampling,selfies_gru_base_v1,439f74756bc786709f318a4379037c4df186bc4d40957bdbe245910ba48e8229,exact_InChIKey_not_found,exact_InChIKey_not_found,O=C1CCc2cccc(c2OCc2ccccc2)N1,0.1875,287.746,3.804,38.33,1,2,3,2.858,0.9322,,,6826,[O][=C][Branch2][Ring1][Ring1][N][C][=C][C][Branch1][C][Cl][=C][C][=C][Ring1][#Branch1][O][C][Branch1][=Branch2][C][=C][C][=C][C][=C][Ring1][=Branch1][C][C][Ring1][N],54
GEN_IMHLYSNSJZSAQK,,LIB_CHEMBL461101,COC1=CC=CC=C1NC(=O)C2=CC(Cl)=CC=C2C(=O)O,COc1ccccc1NC(=O)c1cc(Cl)ccc1C(=O)O,IMHLYSNSJZSAQK-UHFFFAOYSA-N,locally_trained_SELFIES_GRU_sampling,selfies_gru_base_v1,439f74756bc786709f318a4379037c4df186bc4d40957bdbe245910ba48e8229,exact_InChIKey_not_found,exact_InChIKey_not_found,O=C(Nc1ccccc1)c1ccccc1,0.1875,305.717,3.299,75.63,2,3,4,1.64,0.9085,,,11908,[C][O][C][=C][C][=C][C][=C][Ring1][=Branch1][N][C][=Branch1][C][=O][C][=C][C][Branch1][C][Cl][=C][C][=C][Ring1][#Branch1][C][=Branch1][C][=O][O],55
GEN_OXJRUYBPUFQUPV,,LIB_CHEMBL1200412,CNC1=NC=C(S1)CC(=O)OCC2=CC=CC=C2,CNc1ncc(CC(=O)OCc2ccccc2)s1,OXJRUYBPUFQUPV-UHFFFAOYSA-N,locally_trained_SELFIES_GRU_sampling,selfies_gru_base_v1,439f74756bc786709f318a4379037c4df186bc4d40957bdbe245910ba48e8229,exact_InChIKey_not_found,exact_InChIKey_not_found,O=C(Cc1cncs1)OCc1ccccc1,0.1875,262.334,2.471,51.22,1,5,5,2.13,0.841,,,2994,[C][N][C][=N][C][=C][Branch1][Ring2][S][Ring1][Branch1][C][C][=Branch1][C][=O][O][C][C][=C][C][=C][C][=C][Ring1][=Branch1],56
GEN_MYNCONOPILGIQE,,LIB_CHEMBL1200412,O=C(NC1=CC=CC=C1)CCNC2CCCCC2,O=C(CCNC1CCCCC1)Nc1ccccc1,MYNCONOPILGIQE-UHFFFAOYSA-N,locally_trained_SELFIES_GRU_sampling,selfies_gru_base_v1,439f74756bc786709f318a4379037c4df186bc4d40957bdbe245910ba48e8229,exact_InChIKey_not_found,exact_InChIKey_not_found,O=C(CCNC1CCCCC1)Nc1ccccc1,0.1867,246.354,2.938,41.13,2,2,5,1.633,0.8384,,,19074,[O][=C][Branch1][#Branch2][N][C][=C][C][=C][C][=C][Ring1][=Branch1][C][C][N][Ring1][O][C][C][C][C][C][C][Ring1][=Branch1],57
GEN_AAMFMNFQTIEUFM,,LIB_CHEMBL3894860,C1C2=CC=C(NC3=NC(C)=C(C#N)C=N3)C=C2C=C1,Cc1nc(Nc2ccc3c(c2)C=CC3)ncc1C#N,AAMFMNFQTIEUFM-UHFFFAOYSA-N,locally_trained_SELFIES_GRU_sampling,selfies_gru_base_v1,439f74756bc786709f318a4379037c4df186bc4d40957bdbe245910ba48e8229,exact_InChIKey_not_found,exact_InChIKey_not_found,C1=Cc2cc(Nc3ncccn3)ccc2C1,0.186,248.289,2.97,61.6,1,4,2,2.748,0.8871,,,6130,[C][C][=C][C][=C][Branch2][Ring1][=Branch1][N][C][=N][C][Branch1][C][C][=C][Branch1][Ring1][C][#N][C][=N][Ring1][=Branch2][C][=N][NH1][C][=Ring1][Branch1][C][=C][Ring1][S][C][=C][Ring2][Ring1][Branch1],58
GEN_GGRJAVYVMNMYGO,,LIB_CHEMBL2103870,O=C(NC1=CN=CC=C1N)CC2=CC=C(C3=CC=CC=C3)C=C2,Nc1ccncc1NC(=O)Cc1ccc(-c2ccccc2)cc1,GGRJAVYVMNMYGO-UHFFFAOYSA-N,locally_trained_SELFIES_GRU_sampling,selfies_gru_base_v1,439f74756bc786709f318a4379037c4df186bc4d40957bdbe245910ba48e8229,exact_InChIKey_not_found,exact_InChIKey_not_found,O=C(Cc1ccc(-c2ccccc2)cc1)Nc1cccnc1,0.1852,303.365,3.512,68.01,2,3,4,1.831,0.7747,,,10860,[O][=C][Branch1][O][N][C][=C][N][=C][C][=C][Ring1][=Branch1][N][C][C][=C][C][=C][Branch1][=Branch2][C][=C][C][=C][C][=C][Ring1][=Branch1][C][=C][Ring1][N],59
GEN_KUFLYKMQJKKJSS,,LIB_CHEMBL1200412,COC1=CC=CC(=C1)CC2CN(C(=O)NC3=CC=C(Cl)C=C3CF)C2,COc1cccc(CC2CN(C(=O)Nc3ccc(Cl)cc3CF)C2)c1,KUFLYKMQJKKJSS-UHFFFAOYSA-N,locally_trained_SELFIES_GRU_sampling,selfies_gru_base_v1,439f74756bc786709f318a4379037c4df186bc4d40957bdbe245910ba48e8229,exact_InChIKey_not_found,exact_InChIKey_not_found,O=C(Nc1ccccc1)N1CC(Cc2ccccc2)C1,0.1848,362.832,4.525,41.57,1,2,5,2.267,0.8489,,,6775,[C][O][C][=C][C][=C][C][=Branch1][Ring2][=C][Ring1][=Branch1][C][C][C][N][Branch2][Ring1][Ring2][C][=Branch1][C][=O][N][C][=C][C][=C][Branch1][C][Cl][C][=C][Ring1][#Branch1][C][Branch1][C][F][=C][Ring1][S],60
GEN_NTOFWZKUIXZGIW,,LIB_CHEMBL1200412,O=C(NC1=CC=C(Cl)C=N1)[NH1]CC2=CC=CC=C2,O=C(NCc1ccccc1)Nc1ccc(Cl)cn1,NTOFWZKUIXZGIW-UHFFFAOYSA-N,locally_trained_SELFIES_GRU_sampling,selfies_gru_base_v1,439f74756bc786709f318a4379037c4df186bc4d40957bdbe245910ba48e8229,exact_InChIKey_not_found,exact_InChIKey_not_found,O=C(NCc1ccccc1)Nc1ccccn1,0.1842,261.712,3.057,54.02,2,2,3,1.671,0.8922,,,1627,[O][=C][Branch1][=N][N][C][=C][C][=C][Branch1][C][Cl][C][=N][Ring1][#Branch1][NH1][C][=Ring1][=Branch2][C][=C][C][=C][C][=C][Ring1][=Branch1],61
GEN_YXYHNKZBUVWMEO,,LIB_CHEMBL461101,O=C(O)C1=CC2=CC(C(=O)O)=CC=C1N2C3=CC=CC=C3,O=C(O)C1=CC=c2c(C(=O)O)cc(n2-c2ccccc2)=C1,YXYHNKZBUVWMEO-UHFFFAOYSA-N,locally_trained_SELFIES_GRU_sampling,selfies_gru_base_v1,439f74756bc786709f318a4379037c4df186bc4d40957bdbe245910ba48e8229,exact_InChIKey_not_found,exact_InChIKey_not_found,C1=CC=c2ccc(n2-c2ccccc2)=C1,0.1842,281.267,0.761,79.53,2,2,3,3.776,0.8703,,,7652,[O][=C][Branch1][C][O][C][=C][C][=C][C][Branch1][=Branch1][C][=Branch1][C][=O][O][=C][C][=C][Ring1][O][N][Ring1][#Branch2][C][=C][C][=C][C][=C][Ring1][=Branch1],62
GEN_IBAJVOHYIPCWML,,LIB_CHEMBL4204794,CC1=NC=C(C=C1OC)COC2=CC=C(F)C=C2,COc1cc(COc2ccc(F)cc2)cnc1C,IBAJVOHYIPCWML-UHFFFAOYSA-N,locally_trained_SELFIES_GRU_sampling,selfies_gru_base_v1,439f74756bc786709f318a4379037c4df186bc4d40957bdbe245910ba48e8229,exact_InChIKey_not_found,exact_InChIKey_not_found,c1ccc(OCc2cccnc2)cc1,0.1842,247.269,3.117,31.35,0,3,4,1.836,0.8314,,,10577,[C][C][=N][C][=C][Branch1][#Branch1][C][=C][Ring1][=Branch1][O][C][C][O][C][=C][C][=C][Branch1][C][F][C][=C][Ring1][#Branch1],63
GEN_MXEVTEPPWHDMMK,,LIB_CHEMBL1200412,COC1=CC=C/C=C/C(=O)C2=CC=CC=C2NC3=CC=CC=C3C=C1,COc1cccccc(=O)c2ccccc2[nH]c2ccccc2cc1,MXEVTEPPWHDMMK-UHFFFAOYSA-N,locally_trained_SELFIES_GRU_sampling,selfies_gru_base_v1,439f74756bc786709f318a4379037c4df186bc4d40957bdbe245910ba48e8229,exact_InChIKey_not_found,exact_InChIKey_not_found,O=c1ccccccccc2ccccc2[nH]c2ccccc12,0.1842,329.399,4.939,42.09,1,2,1,2.186,0.687,,,8042,[C][O][C][=C][C][=C][Branch2][Ring1][O][/C][=C][/C][=Branch1][C][=O][C][=C][C][=C][C][=C][Ring1][=Branch1][N][C][=C][C][=C][C][=C][Ring1][=Branch1][C][=C][Ring2][Ring1][#Branch1],64
GEN_BLAPYXZIXWVQLK,,LIB_CHEMBL1200412,O=C(O)CCC/C1=C/CO/N[C@@](C)=C1CC(=O)NC2=CC=CC=C2,CC1=C(CC(=O)Nc2ccccc2)C(CCCC(=O)O)=CCON1,BLAPYXZIXWVQLK-UHFFFAOYSA-N,locally_trained_SELFIES_GRU_sampling,selfies_gru_base_v1,439f74756bc786709f318a4379037c4df186bc4d40957bdbe245910ba48e8229,exact_InChIKey_not_found,exact_InChIKey_not_found,O=C(CC1=CNOCC=C1)Nc1ccccc1,0.1839,330.384,3.005,87.66,3,4,7,2.808,0.7152,,,4679,[O][=C][Branch1][C][O][C][C][C][/C][=C][/C][O][/N][C@@][Branch1][C][C][=C][Ring1][Branch2][C][C][=Branch1][C][=O][N][C][=C][C][=C][C][=C][Ring1][=Branch1],65
GEN_SVVKERIBQALCSO,,LIB_CHEMBL461101,CC1(C)C=CC=C(C(F)(F)F)C=C1NC2=CC=C(C(=O)O)C=C2,CC1(C)C=CC=C(C(F)(F)F)C=C1Nc1ccc(C(=O)O)cc1,SVVKERIBQALCSO-UHFFFAOYSA-N,locally_trained_SELFIES_GRU_sampling,selfies_gru_base_v1,439f74756bc786709f318a4379037c4df186bc4d40957bdbe245910ba48e8229,exact_InChIKey_not_found,exact_InChIKey_not_found,C1=CC=C(Nc2ccccc2)CC=C1,0.1829,323.314,4.765,49.33,2,2,3,3.021,0.8425,,,18765,[C][C][Branch1][C][C][C][=C][C][=C][Branch1][=Branch2][C][Branch1][C][F][Branch1][C][F][F][C][=C][Ring1][N][N][C][=C][C][=C][Branch1][=Branch1][C][=Branch1][C][=O][O][C][=C][Ring1][=Branch2],66
GEN_VYHJCHUSHOZMJE,,LIB_CHEMBL254316,N1C[NH1]C=CC(CC2=CC=CC=C2)=C1C(=O)NCC3=CC=CC=C3,O=C(NCc1ccccc1)C1=C(Cc2ccccc2)C=CNCN1,VYHJCHUSHOZMJE-UHFFFAOYSA-N,locally_trained_SELFIES_GRU_sampling,selfies_gru_base_v1,439f74756bc786709f318a4379037c4df186bc4d40957bdbe245910ba48e8229,exact_InChIKey_not_found,exact_InChIKey_not_found,O=C(NCc1ccccc1)C1=C(Cc2ccccc2)C=CNCN1,0.1829,319.408,2.464,53.16,3,3,5,2.665,0.7934,,,2192,[N][C][NH1][C][=C][C][Branch1][#Branch2][C][C][=C][C][=C][C][=C][Ring1][=Branch1][=C][Ring2][Ring1][Ring1][C][=Branch1][C][=O][N][C][C][=C][C][=C][C][=C][Ring1][=Branch1],67
GEN_UGQNNRFUFSYWSZ,,LIB_CHEMBL2103870,CCOC(=O)C1=C2C=C(NC3=CC=C(Cl)C=C3)N=C21,CCOC(=O)c1c2cc(Nc3ccc(Cl)cc3)nc1-2,UGQNNRFUFSYWSZ-UHFFFAOYSA-N,locally_trained_SELFIES_GRU_sampling,selfies_gru_base_v1,439f74756bc786709f318a4379037c4df186bc4d40957bdbe245910ba48e8229,exact_InChIKey_not_found,exact_InChIKey_not_found,c1ccc(Nc2cc3cc-3n2)cc1,0.1829,274.707,3.636,51.22,1,4,4,2.196,0.7382,,,5595,[C][C][O][C][=Branch1][C][=O][C][=C][C][=C][Branch1][=N][N][C][=C][C][=C][Branch1][C][Cl][C][=C][Ring1][#Branch1][N][=C][Ring1][=N][Ring1][=C],68
GEN_XFMUAKMLTWMNRA,,LIB_CHEMBL1983268,O=C(CC1=CC=C(Cl)C=C1)NC2=NN(C3=CC=CC=C3)CC2,O=C(Cc1ccc(Cl)cc1)NC1=NN(c2ccccc2)CC1,XFMUAKMLTWMNRA-UHFFFAOYSA-N,locally_trained_SELFIES_GRU_sampling,selfies_gru_base_v1,439f74756bc786709f318a4379037c4df186bc4d40957bdbe245910ba48e8229,exact_InChIKey_not_found,exact_InChIKey_not_found,O=C(Cc1ccccc1)NC1=NN(c2ccccc2)CC1,0.1828,313.788,3.223,44.7,1,3,3,2.201,0.9453,,,7727,[O][=C][Branch1][=N][C][C][=C][C][=C][Branch1][C][Cl][C][=C][Ring1][#Branch1][N][C][=N][N][Branch1][=Branch2][C][=C][C][=C][C][=C][Ring1][=Branch1][C][C][Ring1][O],69
GEN_GLNZTUQGRFHQGF,,LIB_CHEMBL1200412,CC1=CC=NC=C1N(CC2=CC=CC=C2)C(=O)NCC3CCCCC3,Cc1ccncc1N(Cc1ccccc1)C(=O)NCC1CCCCC1,GLNZTUQGRFHQGF-UHFFFAOYSA-N,locally_trained_SELFIES_GRU_sampling,selfies_gru_base_v1,439f74756bc786709f318a4379037c4df186bc4d40957bdbe245910ba48e8229,exact_InChIKey_not_found,exact_InChIKey_not_found,O=C(NCC1CCCCC1)N(Cc1ccccc1)c1cccnc1,0.1818,337.467,4.687,45.23,1,2,5,2.266,0.8603,,,9696,[C][C][=C][C][=N][C][=C][Ring1][=Branch1][N][Branch1][#Branch2][C][C][=C][C][=C][C][=C][Ring1][=Branch1][C][=Branch1][C][=O][N][Ring1][N][C][C][C][C][C][C][C][Ring1][=Branch1],70
GEN_YRCHUTAPJVFENZ,,LIB_CHEMBL1983268,O=C(NC1=CC=CN=C1)N2CCOCC2,O=C(Nc1cccnc1)N1CCOCC1,YRCHUTAPJVFENZ-UHFFFAOYSA-N,locally_trained_SELFIES_GRU_sampling,selfies_gru_base_v1,439f74756bc786709f318a4379037c4df186bc4d40957bdbe245910ba48e8229,exact_InChIKey_not_found,exact_InChIKey_not_found,O=C(Nc1cccnc1)N1CCOCC1,0.1818,207.233,0.946,54.46,1,3,1,1.873,0.7454,,,14261,[O][=C][Branch1][#Branch2][N][C][=C][C][=C][N][=C][Ring1][=Branch1][N][C][C][O][C][C][Ring1][=Branch1],71
GEN_QHTHMOZHDFKGPP,,LIB_CHEMBL254316,O=C(NCC1=CC=NC=C1)CCC2=CC=CCC=C2,O=C(CCC1=CC=CCC=C1)NCc1ccncc1,QHTHMOZHDFKGPP-UHFFFAOYSA-N,locally_trained_SELFIES_GRU_sampling,selfies_gru_base_v1,439f74756bc786709f318a4379037c4df186bc4d40957bdbe245910ba48e8229,exact_InChIKey_not_found,exact_InChIKey_not_found,O=C(CCC1=CC=CCC=C1)NCc1ccncc1,0.1807,254.333,2.921,41.99,1,2,5,2.713,0.8775,,,16877,[O][=C][Branch1][O][N][C][C][=C][C][=N][C][=C][Ring1][=Branch1][C][C][Ring1][N][C][=C][C][=C][C][Branch1][Branch1][C][=C][Ring1][#Branch1],72
GEN_FWLSRXHMIRPQHV,,LIB_CHEMBL461101,CNC1=NC(=O)C=CC(C2=CC=CC=C2)=C1C3=CC(N)=NC=C3,CNc1nc(=O)ccc(-c2ccccc2)c1-c1ccnc(N)c1,FWLSRXHMIRPQHV-UHFFFAOYSA-N,locally_trained_SELFIES_GRU_sampling,selfies_gru_base_v1,439f74756bc786709f318a4379037c4df186bc4d40957bdbe245910ba48e8229,exact_InChIKey_not_found,exact_InChIKey_not_found,O=c1ccc(-c2ccccc2)c(-c2ccncc2)cn1,0.1807,304.353,2.795,80.9,2,5,3,2.444,0.7774,,,6173,[C][N][C][=N][C][=Branch1][C][=O][C][=C][C][Branch1][=Branch2][C][=C][C][=C][C][=C][Ring1][=Branch1][=C][Ring1][=C][C][=C][C][Branch1][C][N][=N][C][=C][Ring1][#Branch1],73
GEN_IKYCIKBIXLZPQJ,,LIB_CHEMBL1983268,C1OC2=CC=CC=C2OCCN(C(=O)NC3=CC=CC=C3CC)N(CC)CC1=O,CCc1ccccc1NC(=O)N1CCOc2ccccc2OCC(=O)CN1CC,IKYCIKBIXLZPQJ-UHFFFAOYSA-N,locally_trained_SELFIES_GRU_sampling,selfies_gru_base_v1,439f74756bc786709f318a4379037c4df186bc4d40957bdbe245910ba48e8229,exact_InChIKey_not_found,exact_InChIKey_not_found,O=C1CNN(C(=O)Nc2ccccc2)CCOc2ccccc2OC1,0.18,397.475,3.36,71.11,1,5,3,3.207,0.86,,,18744,[C][O][C][=C][C][=C][C][=C][Ring1][=Branch1][O][C][C][N][Branch1][S][C][=Branch1][C][=O][N][C][=C][C][=C][C][=C][Ring1][=Branch1][C][C][N][Branch1][Ring1][C][C][C][C][Ring2][Ring1][=C][=O],74
GEN_BBVFQXGKCZUSJJ,,LIB_CHEMBL2103870,COC1=CC=C(C(=O)NCC2=CC=C(C3=CC=NC=C3)C=C2C)C1,COC1=CC=C(C(=O)NCc2ccc(-c3ccncc3)cc2C)C1,BBVFQXGKCZUSJJ-UHFFFAOYSA-N,locally_trained_SELFIES_GRU_sampling,selfies_gru_base_v1,439f74756bc786709f318a4379037c4df186bc4d40957bdbe245910ba48e8229,exact_InChIKey_not_found,exact_InChIKey_not_found,O=C(NCc1ccc(-c2ccncc2)cc1)C1=CC=CC1,0.1798,320.392,3.534,51.22,1,3,5,2.6,0.9166,,,5897,[C][O][C][=C][C][=C][Branch2][Ring1][#Branch2][C][=Branch1][C][=O][N][C][C][=C][C][=C][Branch1][=Branch2][C][=C][C][=N][C][=C][Ring1][=Branch1][C][=C][Ring1][N][C][=C][Ring2][Ring1][=Branch1],75
GEN_OYNOJWBMIKOIOK,,LIB_CHEMBL2103870,C1NC(=O)C(C=NC(C2=CC=CC=C2)=NOC=3C4)=CC=CN=C4C=3CC1,O=C1NCCCc2c3ncccc1cnc(-c1ccccc1)noc2C3,OYNOJWBMIKOIOK-UHFFFAOYSA-N,locally_trained_SELFIES_GRU_sampling,selfies_gru_base_v1,439f74756bc786709f318a4379037c4df186bc4d40957bdbe245910ba48e8229,exact_InChIKey_not_found,exact_InChIKey_not_found,O=C1NCCCc2c3ncccc1cnc(-c1ccccc1)noc2C3,0.1798,346.39,2.961,80.91,1,5,1,4.17,0.7325,,,18870,[C][N][C][=Branch1][C][=O][C][Branch2][Ring1][C][C][=N][C][Branch1][=Branch2][C][=C][C][=C][C][=C][Ring1][=Branch1][=N][O][=C][C][=C][C][=C][N][=C][Ring1][=Branch1][C][=Ring1][Branch2][C][C][Ring2][Ring1][N],76
GEN_UNSFDILJGGLTKA,,LIB_CHEMBL461101,CN(C)CCNC(=O)C1=CC=CC=C1N2C=CC3=CC(C(=O)O)=CC=C32,CN(C)CCNC(=O)c1ccccc1-n1ccc2cc(C(=O)O)ccc21,UNSFDILJGGLTKA-UHFFFAOYSA-N,locally_trained_SELFIES_GRU_sampling,selfies_gru_base_v1,439f74756bc786709f318a4379037c4df186bc4d40957bdbe245910ba48e8229,exact_InChIKey_not_found,exact_InChIKey_not_found,c1ccc(-n2ccc3ccccc32)cc1,0.1798,351.406,2.62,74.57,2,3,6,2.186,0.7159,,,676,[C][N][Branch1][C][C][C][C][N][C][=Branch1][C][=O][C][=C][C][=C][C][=C][Ring1][=Branch1][N][C][=C][C][=C][C][Branch1][=Branch1][C][=Branch1][C][=O][O][=C][C][=C][Ring1][=Branch2][Ring1][N],77
GEN_URSLQQRHKNZPRT,,LIB_CHEMBL461101,O=C(NCCC1=CC=CC=C1C2=CC=CC(O)=C2C)C,CC(=O)NCCc1ccccc1-c1cccc(O)c1C,URSLQQRHKNZPRT-UHFFFAOYSA-N,locally_trained_SELFIES_GRU_sampling,selfies_gru_base_v1,439f74756bc786709f318a4379037c4df186bc4d40957bdbe245910ba48e8229,exact_InChIKey_not_found,exact_InChIKey_not_found,c1ccc(-c2ccccc2)cc1,0.1795,269.344,3.046,49.33,2,2,4,1.978,0.8959,,,17856,[O][=C][Branch2][Ring1][Branch2][N][C][C][C][=C][C][=C][C][=C][Ring1][=Branch1][C][=C][C][=C][C][Branch1][C][O][=C][Ring1][#Branch1][C][C][Ring1][#C],78
GEN_NLDWLRHCZGHUHG,,LIB_CHEMBL1200412,CCN(CC)CC(=O)OC1=CC=C(C2=CC=CC=C2)C1=O,CCN(CC)CC(=O)OC1=CC=C(c2ccccc2)C1=O,NLDWLRHCZGHUHG-UHFFFAOYSA-N,locally_trained_SELFIES_GRU_sampling,selfies_gru_base_v1,439f74756bc786709f318a4379037c4df186bc4d40957bdbe245910ba48e8229,exact_InChIKey_not_found,exact_InChIKey_not_found,O=C1C=CC=C1c1ccccc1,0.1795,285.343,2.422,46.61,0,4,6,2.589,0.7531,,,10787,[C][C][N][Branch1][Ring1][C][C][C][C][=Branch1][C][=O][O][C][=C][C][=C][Branch1][=Branch2][C][=C][C][=C][C][=C][Ring1][=Branch1][C][Ring1][O][=O],79
GEN_KPJSELLBFDQNGN,,LIB_CHEMBL2103870,N1C=CC(C)=C(C(=O)NCC[C@]2(C)CCCCC2)C1=O,Cc1cc[nH]c(=O)c1C(=O)NCCC1(C)CCCCC1,KPJSELLBFDQNGN-UHFFFAOYSA-N,locally_trained_SELFIES_GRU_sampling,selfies_gru_base_v1,439f74756bc786709f318a4379037c4df186bc4d40957bdbe245910ba48e8229,exact_InChIKey_not_found,exact_InChIKey_not_found,O=C(NCCC1CCCCC1)c1ccc[nH]c1=O,0.1786,276.38,2.774,61.96,2,2,4,2.666,0.8879,,,5685,[N][C][=C][C][Branch1][C][C][=C][Branch2][Ring1][C][C][=Branch1][C][=O][N][C][C][C@][Branch1][C][C][C][C][C][C][C][Ring1][#Branch1][C][Ring2][Ring1][Branch1][=O],80
GEN_COWCZQVSAXVGNY,,LIB_CHEMBL36506,C1NCCCC(NC(=O)C2=CC=C3C(=C2)OCO3)=C1,O=C(NC1=CCNCCC1)c1ccc2c(c1)OCO2,COWCZQVSAXVGNY-UHFFFAOYSA-N,locally_trained_SELFIES_GRU_sampling,selfies_gru_base_v1,439f74756bc786709f318a4379037c4df186bc4d40957bdbe245910ba48e8229,exact_InChIKey_not_found,exact_InChIKey_not_found,O=C(NC1=CCNCCC1)c1ccc2c(c1)OCO2,0.1782,260.293,1.412,59.59,2,4,2,2.579,0.8438,,,17683,[C][N][C][C][C][C][Branch2][Ring1][O][N][C][=Branch1][C][=O][C][=C][C][=C][C][=Branch1][Ring2][=C][Ring1][=Branch1][O][C][O][Ring1][=Branch1][C][C][=C][C][=N][C][=C][Ring1][=Branch1][Ring2][Ring1][Ring2],81
GEN_VAPVUZZLAAWZPA,,LIB_CHEMBL461101,O=C(O)C1=CC=CC(Cl)=C1C2=CC=NC=C2,O=C(O)c1cccc(Cl)c1-c1ccncc1,VAPVUZZLAAWZPA-UHFFFAOYSA-N,locally_trained_SELFIES_GRU_sampling,selfies_gru_base_v1,439f74756bc786709f318a4379037c4df186bc4d40957bdbe245910ba48e8229,exact_InChIKey_not_found,exact_InChIKey_not_found,c1ccc(-c2ccncc2)cc1,0.1781,233.654,3.1,50.19,1,2,2,1.859,0.8672,,,1016,[O][=C][Branch1][C][O][C][=C][C][=C][C][Branch1][C][Cl][=C][Ring1][#Branch1][C][=C][C][=N][C][=C][Ring1][=Branch1][Ring1][S],82
GEN_VKHGWFHYWMHWQH,,LIB_CHEMBL461101,CC1=CC=CC=C1NC(=O)NC2=CC=CC=C2C(=O)N,Cc1ccccc1NC(=O)Nc1ccccc1C(N)=O,VKHGWFHYWMHWQH-UHFFFAOYSA-N,locally_trained_SELFIES_GRU_sampling,selfies_gru_base_v1,439f74756bc786709f318a4379037c4df186bc4d40957bdbe245910ba48e8229,exact_InChIKey_not_found,exact_InChIKey_not_found,O=C(Nc1ccccc1)Nc1ccccc1,0.1781,269.304,2.738,84.22,3,2,3,1.575,0.8,,,15546,[C][C][=C][C][=C][C][=C][Ring1][=Branch1][N][C][=Branch1][C][=O][N][C][=C][C][=C][C][=C][Ring1][=Branch1][C][=Branch1][C][=O][N],83
GEN_XRVMPVQEHHQEQD,,LIB_CHEMBL1200412,CCN(CC)CCNC(=O)C1=CC=CC=C1CC2=CC=CC=C2,CCN(CC)CCNC(=O)c1ccccc1Cc1ccccc1,XRVMPVQEHHQEQD-UHFFFAOYSA-N,locally_trained_SELFIES_GRU_sampling,selfies_gru_base_v1,439f74756bc786709f318a4379037c4df186bc4d40957bdbe245910ba48e8229,exact_InChIKey_not_found,exact_InChIKey_not_found,c1ccc(Cc2ccccc2)cc1,0.1772,310.441,3.349,32.34,1,2,8,1.813,0.8108,,,12983,[C][C][N][Branch1][Ring1][C][C][C][C][N][C][=Branch1][C][=O][C][=C][C][=C][C][=C][Ring1][=Branch1][C][C][=C][C][=C][C][=C][Ring1][=Branch1],84
GEN_RUNCYIHZQJZVMX,,LIB_CHEMBL1200412,OC1=CC=CC(=C1)CN(CC(=O)NC2=CC=CC=C2)C3CCCCC3,O=C(CN(Cc1cccc(O)c1)C1CCCCC1)Nc1ccccc1,RUNCYIHZQJZVMX-UHFFFAOYSA-N,locally_trained_SELFIES_GRU_sampling,selfies_gru_base_v1,439f74756bc786709f318a4379037c4df186bc4d40957bdbe245910ba48e8229,exact_InChIKey_not_found,exact_InChIKey_not_found,O=C(CN(Cc1ccccc1)C1CCCCC1)Nc1ccccc1,0.1765,338.451,4.166,52.57,2,3,6,1.953,0.8312,,,2671,[O][C][=C][C][=C][C][=Branch1][Ring2][=C][Ring1][=Branch1][C][N][Branch1][#C][C][C][=Branch1][C][=O][N][C][=C][C][=C][C][=C][Ring1][=Branch1][C][C][C][C][C][C][Ring1][=Branch1],85
GEN_JKNUETZBORUBGQ,,LIB_CHEMBL1200412,C1NC(O)=C(O)C=C1C(=O)OCC2=CC=CC(C(F)(F)F)=C2,O=C(OCc1cccc(C(F)(F)F)c1)C1=CC(O)=C(O)NC1,JKNUETZBORUBGQ-UHFFFAOYSA-N,locally_trained_SELFIES_GRU_sampling,selfies_gru_base_v1,439f74756bc786709f318a4379037c4df186bc4d40957bdbe245910ba48e8229,exact_InChIKey_not_found,exact_InChIKey_not_found,O=C(OCc1ccccc1)C1=CC=CNC1,0.1765,315.247,2.563,78.79,3,5,3,2.963,0.7472,,,2899,[C][N][C][Branch1][C][O][=C][Branch1][C][O][C][=C][Ring1][Branch2][C][=Branch1][C][=O][O][C][C][=C][C][=C][C][Branch1][=Branch2][C][Branch1][C][F][Branch1][C][F][F][=C][Ring1][#Branch2],86
GEN_JUXNCUDMLQKRJW,,LIB_CHEMBL1200412,C1C=C(C(=O)O)C2=CC=CC=C2C1=O,O=C(O)C1=CCC(=O)c2ccccc21,JUXNCUDMLQKRJW-UHFFFAOYSA-N,locally_trained_SELFIES_GRU_sampling,selfies_gru_base_v1,439f74756bc786709f318a4379037c4df186bc4d40957bdbe245910ba48e8229,exact_InChIKey_not_found,exact_InChIKey_not_found,O=C1CC=Cc2ccccc21,0.1765,188.182,1.741,54.37,1,2,1,2.43,0.7298,,,2165,[C][C][=C][Branch1][=Branch1][C][=Branch1][C][=O][O][C][=C][C][=C][C][=C][Ring1][=Branch1][C][Ring1][#C][=O],87
GEN_LVCJHKGGMOPVON,,LIB_CHEMBL2103870,N1C=NC=NC(NC(=O)C2=CC=CN=C2)=C1C3=CC=CC(Cl)=C3,O=C(NC1=C(c2cccc(Cl)c2)NC=NC=N1)c1cccnc1,LVCJHKGGMOPVON-UHFFFAOYSA-N,locally_trained_SELFIES_GRU_sampling,selfies_gru_base_v1,439f74756bc786709f318a4379037c4df186bc4d40957bdbe245910ba48e8229,exact_InChIKey_not_found,exact_InChIKey_not_found,O=C(NC1=C(c2ccccc2)NC=NC=N1)c1cccnc1,0.1758,325.759,2.451,78.74,2,5,3,2.902,0.9094,,,14929,[N][C][=N][C][=N][C][Branch1][=C][N][C][=Branch1][C][=O][C][=C][C][=C][N][=C][Ring1][=Branch1][=C][Ring2][Ring1][C][C][=C][C][=C][C][Branch1][C][Cl][=C][Ring1][#Branch1],88
GEN_VKRGQJQCURIQER,,LIB_CHEMBL461101,O=C(C1=CC=C(Cl)C=C1)C2=CC=CC=C2NC(=O)O,O=C(O)Nc1ccccc1C(=O)c1ccc(Cl)cc1,VKRGQJQCURIQER-UHFFFAOYSA-N,locally_trained_SELFIES_GRU_sampling,selfies_gru_base_v1,439f74756bc786709f318a4379037c4df186bc4d40957bdbe245910ba48e8229,exact_InChIKey_not_found,exact_InChIKey_not_found,O=C(c1ccccc1)c1ccccc1,0.1757,275.691,3.661,66.4,2,2,3,1.652,0.8402,,,4362,[O][=C][Branch1][N][C][=C][C][=C][Branch1][C][Cl][C][=C][Ring1][#Branch1][C][=C][C][=C][C][=C][Ring1][=Branch1][N][C][=Branch1][C][=O][O],89
GEN_NSWXKTBZGLBDRD,,LIB_CHEMBL254316,CC1=NC(=O)OC2=CC=C(O)C=C21,Cc1nc(=O)oc2ccc(O)cc12,NSWXKTBZGLBDRD-UHFFFAOYSA-N,locally_trained_SELFIES_GRU_sampling,selfies_gru_base_v1,439f74756bc786709f318a4379037c4df186bc4d40957bdbe245910ba48e8229,exact_InChIKey_not_found,exact_InChIKey_not_found,O=c1ncc2ccccc2o1,0.1757,177.159,1.202,63.33,1,4,0,2.497,0.6563,,,13463,[C][C][=N][C][=Branch1][C][=O][O][C][=C][C][=C][Branch1][C][O][C][=C][Ring1][#Branch1][Ring1][N][C][C][Branch2][Ring1][Ring1][C][=C][C][=C][Branch1][=Branch2][C][Branch1][C][F][Branch1][C][F][F][C][=C][Ring1][#Branch2][C][Ring1][P][Cl],90
GEN_MGZPKZPFCNWSEQ,,LIB_CHEMBL2103870,CC1=CC=CC=C1C(=O)NC2=NC=CN=C2C=C,C=Cc1nccnc1NC(=O)c1ccccc1C,MGZPKZPFCNWSEQ-UHFFFAOYSA-N,locally_trained_SELFIES_GRU_sampling,selfies_gru_base_v1,439f74756bc786709f318a4379037c4df186bc4d40957bdbe245910ba48e8229,exact_InChIKey_not_found,exact_InChIKey_not_found,O=C(Nc1cnccn1)c1ccccc1,0.175,239.278,2.68,54.88,1,3,3,2.273,0.8954,,,3777,[C][C][=C][C][=C][C][=C][Ring1][=Branch1][C][=Branch1][C][=O][N][C][=N][C][=C][N][=C][Ring1][=Branch1][C][=C][Ring1][N],91
GEN_NIZIUWZYVNEJLO,,LIB_CHEMBL2103870,O=C(O)C1=CC=C2C=C1OC=C2C3=C(Cl)C=C(C)C(OC)=C3,COc1cc(C2=COc3cc2ccc3C(=O)O)c(Cl)cc1C,NIZIUWZYVNEJLO-UHFFFAOYSA-N,locally_trained_SELFIES_GRU_sampling,selfies_gru_base_v1,439f74756bc786709f318a4379037c4df186bc4d40957bdbe245910ba48e8229,exact_InChIKey_not_found,exact_InChIKey_not_found,C1=C(c2ccccc2)c2cccc(c2)O1,0.1744,316.74,4.137,55.76,1,3,3,3.305,0.9244,,,17767,[O][=C][Branch1][C][O][C][=C][C][=C][C][=C][Ring1][=Branch1][O][C][=C][Ring1][=Branch1][C][=C][Branch1][C][Cl][C][=C][Branch1][C][C][C][Branch1][Ring1][O][C][=C][Ring1][#Branch2],92
GEN_NJXUIVCDYDTIRI,,LIB_CHEMBL461101,N#CC1=C2N(C=C(C3=CC=C(C(=O)O)C2=C3)CCOC4=CC=CC=C4)C1=O,N#CC1=C2c3cc(ccc3C(=O)O)C(CCOc3ccccc3)=CN2C1=O,NJXUIVCDYDTIRI-UHFFFAOYSA-N,locally_trained_SELFIES_GRU_sampling,selfies_gru_base_v1,439f74756bc786709f318a4379037c4df186bc4d40957bdbe245910ba48e8229,exact_InChIKey_not_found,exact_InChIKey_not_found,O=C1C=C2c3cccc(c3)C(CCOc3ccccc3)=CN12,0.1739,358.353,3.285,90.63,1,4,5,3.625,0.8856,,,10845,[N][#C][C][=C][N][Branch2][Ring1][S][C][=C][Branch1][P][C][=C][C][=C][Branch1][=Branch1][C][=Branch1][C][=O][O][C][Ring1][N][=C][Ring1][=Branch2][C][C][O][C][=C][C][=C][C][=C][Ring1][=Branch1][C][Ring2][Ring1][Branch2][=O],93
GEN_WXURYXYTWWBLHS,,LIB_CHEMBL1983268,N1S(=O)(=O)C=CC=C1NC(=O)C2=CC=CC=C2CC,CCc1ccccc1C(=O)NC1=CC=CS(=O)(=O)N1,WXURYXYTWWBLHS-UHFFFAOYSA-N,locally_trained_SELFIES_GRU_sampling,selfies_gru_base_v1,439f74756bc786709f318a4379037c4df186bc4d40957bdbe245910ba48e8229,exact_InChIKey_not_found,exact_InChIKey_not_found,O=C(NC1=CC=CS(=O)(=O)N1)c1ccccc1,0.1739,278.333,1.267,75.27,2,3,3,3.008,0.8739,,,2386,[N][S][=Branch1][C][=O][=Branch1][C][=O][C][=C][C][=C][Branch1][S][N][C][=Branch1][C][=O][C][=C][C][=C][C][=C][Ring1][=Branch1][C][C][Ring1][P][=C][Branch1][N][C][=C][C][=C][Branch1][C][Cl][C][=C][Ring1][#Branch1][Cl][N][Branch1][O][C][C][C][C][O][N][Ring1][S][C][=C][C][=C][C][=C][Ring1][=Branch1][Ring2][Ring1][=Branch2],94
GEN_RWDRFHGCYHQYSE,,LIB_CHEMBL1200412,C1CCN(C(=O)O)CC2=CC=CC3=CC=CC=C3N2N1CC4=CC=C(OC)C=C4,COc1ccc(CN2CCCN(C(=O)O)CC3=CC=Cc4ccccc4N32)cc1,RWDRFHGCYHQYSE-UHFFFAOYSA-N,locally_trained_SELFIES_GRU_sampling,selfies_gru_base_v1,439f74756bc786709f318a4379037c4df186bc4d40957bdbe245910ba48e8229,exact_InChIKey_not_found,exact_InChIKey_not_found,C1=Cc2ccccc2N2C(=C1)CNCCCN2Cc1ccccc1,0.1739,391.471,4.213,56.25,1,4,3,2.889,0.8493,,,2293,[C][C][C][N][Branch1][=Branch1][C][=Branch1][C][=O][O][C][C][=C][C][=C][C][=C][C][=C][C][=C][Ring1][=Branch1][N][Ring1][O][N][Ring2][Ring1][=Branch2][C][C][=C][C][=C][Branch1][Ring1][O][C][C][=C][Ring1][Branch2],95
GEN_IBCOSXNRCGPUKC,,LIB_CHEMBL1200412,CCNC1=CC=CC=C1N(CC2=CC=CC=C2)C(=O)O,CCNc1ccccc1N(Cc1ccccc1)C(=O)O,IBCOSXNRCGPUKC-UHFFFAOYSA-N,locally_trained_SELFIES_GRU_sampling,selfies_gru_base_v1,439f74756bc786709f318a4379037c4df186bc4d40957bdbe245910ba48e8229,exact_InChIKey_not_found,exact_InChIKey_not_found,c1ccc(CNc2ccccc2)cc1,0.1733,270.332,3.803,52.57,2,2,5,1.971,0.8684,,,7526,[C][C][N][C][=C][C][=C][C][=C][Ring1][=Branch1][N][Branch1][#Branch2][C][C][=C][C][=C][C][=C][Ring1][=Branch1][C][=Branch1][C][=O][O],96
GEN_XRSFCXOJUGPESO,,LIB_CHEMBL2103870,CC1=CC=C2C(C(=O)O)=C(C3=CC=NC=C3)C=C1C=N2,CC1=CC=C2N=CC1=CC(c1ccncc1)=C2C(=O)O,XRSFCXOJUGPESO-UHFFFAOYSA-N,locally_trained_SELFIES_GRU_sampling,selfies_gru_base_v1,439f74756bc786709f318a4379037c4df186bc4d40957bdbe245910ba48e8229,exact_InChIKey_not_found,exact_InChIKey_not_found,C1=CC2=CC(c3ccncc3)=CC(=C1)N=C2,0.1728,264.284,2.774,62.55,1,3,2,4.025,0.8929,,,17021,[C][C][=C][C][=C][C][Branch1][=Branch1][C][=Branch1][C][=O][O][=C][Branch1][=Branch2][C][=C][C][=N][C][=C][Ring1][=Branch1][C][=C][Ring1][P][C][=N][Ring1][S],97
GEN_VVZACUSGADPZTD,,LIB_CHEMBL461101,CCCOC(=O)CC1=CC=C2C=C1C(=O)N2CC,CCCOC(=O)Cc1ccc2cc1C(=O)N2CC,VVZACUSGADPZTD-UHFFFAOYSA-N,locally_trained_SELFIES_GRU_sampling,selfies_gru_base_v1,439f74756bc786709f318a4379037c4df186bc4d40957bdbe245910ba48e8229,exact_InChIKey_not_found,exact_InChIKey_not_found,O=C1Nc2cccc1c2,0.1728,247.294,2.162,46.61,0,3,5,3.104,0.749,,,13901,[C][C][C][O][C][=Branch1][C][=O][C][C][=C][C][=C][C][=C][Ring1][=Branch1][C][=Branch1][C][=O][N][Ring1][=Branch1][C][C],98
GEN_STCLCGKZONRRNM,,LIB_CHEMBL1200412,CN(CC1=CC=CN=C1)C(=O)NCCC2=CC=CC3=CC=CC=C23,CN(Cc1cccnc1)C(=O)NCCc1cccc2ccccc12,STCLCGKZONRRNM-UHFFFAOYSA-N,locally_trained_SELFIES_GRU_sampling,selfies_gru_base_v1,439f74756bc786709f318a4379037c4df186bc4d40957bdbe245910ba48e8229,exact_InChIKey_not_found,exact_InChIKey_not_found,O=C(NCCc1cccc2ccccc12)NCc1cccnc1,0.1724,319.408,3.619,45.23,1,2,5,1.967,0.7805,,,4981,[C][N][Branch1][#Branch2][C][C][=C][C][=C][N][=C][Ring1][=Branch1][C][=Branch1][C][=O][N][C][Branch1][P][C][C][=C][C][=C][C][=C][C][=C][C][=C][Ring1][#Branch2][Ring1][=Branch1],99
GEN_ZMAZKPMDMNNJPE,,LIB_CHEMBL1200412,CN(C)C(=O)CSC(N=1)=NC2=CC=CC=C2C=1CCC3=CC=C(Br)C=C3,CN(C)C(=O)CSc1nc(CCc2ccc(Br)cc2)c2ccccc2n1,ZMAZKPMDMNNJPE-UHFFFAOYSA-N,locally_trained_SELFIES_GRU_sampling,selfies_gru_base_v1,439f74756bc786709f318a4379037c4df186bc4d40957bdbe245910ba48e8229,exact_InChIKey_not_found,exact_InChIKey_not_found,c1ccc(CCc2ncnc3ccccc23)cc1,0.1724,430.371,4.358,46.09,0,4,6,2.305,0.4309,,,4737,[C][N][Branch1][C][C][C][=Branch1][C][=O][C][S][C][Branch1][C][N][=N][C][=C][C][=C][C][=C][Ring1][=Branch1][C][=Ring1][=Branch2][C][C][C][=C][C][=C][Branch1][C][Br][C][=C][Ring1][#Branch1],100
GEN_HSIRNEFFWFFRNH,,LIB_CHEMBL461101,CCOC(=O)CNCC=1N=CNC=1CCCC2=CC=C(CC=C2)C3=CC=CC=C3,CCOC(=O)CNCc1nc[nH]c1CCCC1=CC=C(c2ccccc2)CC=C1,HSIRNEFFWFFRNH-UHFFFAOYSA-N,locally_trained_SELFIES_GRU_sampling,selfies_gru_base_v1,439f74756bc786709f318a4379037c4df186bc4d40957bdbe245910ba48e8229,exact_InChIKey_not_found,exact_InChIKey_not_found,C1=CC(CCCc2cnc[nH]2)=CC=C(c2ccccc2)C1,0.1717,391.515,4.355,67.01,2,4,10,3.146,0.5909,,,11746,[C][C][O][C][=Branch1][C][=O][C][N][C][C][N][=C][N][C][=Ring1][Branch1][C][C][C][C][=C][C][=C][Branch1][Branch1][C][C][=C][Ring1][#Branch1][C][=C][C][=C][C][=C][Ring1][=Branch1],101
GEN_FALWINKOWITWAL,,LIB_CHEMBL461101,CC(C)(O)C1=CC(C)=CC(NC2=CC=CC=C2)=N1,Cc1cc(Nc2ccccc2)nc(C(C)(C)O)c1,FALWINKOWITWAL-UHFFFAOYSA-N,locally_trained_SELFIES_GRU_sampling,selfies_gru_base_v1,439f74756bc786709f318a4379037c4df186bc4d40957bdbe245910ba48e8229,exact_InChIKey_not_found,exact_InChIKey_not_found,c1ccc(Nc2ccccn2)cc1,0.1711,242.322,3.361,45.15,2,3,3,2.124,0.8671,,,5024,[C][C][Branch1][C][C][Branch1][C][O][C][=C][C][Branch1][C][C][=C][C][Branch1][#Branch2][N][C][=C][C][=C][C][=C][Ring1][=Branch1][=N][Ring1][=C][C][=C][C][=C][C][Branch1][C][O][=C][Ring1][#Branch1],102
GEN_OJYDXVKHMWVVTO,,LIB_CHEMBL1200412,O=C(NCCC1CCNCC1)C2=CC=CC=C2,O=C(NCCC1CCNCC1)c1ccccc1,OJYDXVKHMWVVTO-UHFFFAOYSA-N,locally_trained_SELFIES_GRU_sampling,selfies_gru_base_v1,439f74756bc786709f318a4379037c4df186bc4d40957bdbe245910ba48e8229,exact_InChIKey_not_found,exact_InChIKey_not_found,O=C(NCCC1CCNCC1)c1ccccc1,0.1711,232.327,1.806,41.13,2,2,4,1.812,0.8309,,,14669,[O][=C][Branch1][N][N][C][C][C][C][C][N][C][C][Ring1][=Branch1][C][=C][C][=C][C][=C][Ring1][=Branch1],103
GEN_LWGVRSWMUYXXLV,,LIB_CHEMBL2103870,CCCNC1=NC=C(C(N)=O)C=C1,CCCNc1ccc(C(N)=O)cn1,LWGVRSWMUYXXLV-UHFFFAOYSA-N,locally_trained_SELFIES_GRU_sampling,selfies_gru_base_v1,439f74756bc786709f318a4379037c4df186bc4d40957bdbe245910ba48e8229,exact_InChIKey_not_found,exact_InChIKey_not_found,c1ccncc1,0.1711,179.223,1.002,68.01,2,3,4,1.938,0.7242,,,18918,[C][C][C][N][C][=N][C][=C][Branch1][=Branch1][C][Branch1][C][N][=O][C][=C][Ring1][=Branch2],104
GEN_VIOKPGXBDQVQIV,,LIB_CHEMBL4204794,CCN(CC)CCOC1=CC=C(C2=CC=C(F)C=C2)N=CC1=O,CCN(CC)CCOc1ccc(-c2ccc(F)cc2)ncc1=O,VIOKPGXBDQVQIV-UHFFFAOYSA-N,locally_trained_SELFIES_GRU_sampling,selfies_gru_base_v1,439f74756bc786709f318a4379037c4df186bc4d40957bdbe245910ba48e8229,exact_InChIKey_not_found,exact_InChIKey_not_found,O=c1cccc(-c2ccccc2)nc1,0.1707,316.376,2.969,42.43,0,4,7,2.252,0.7874,,,7670,[C][C][N][Branch1][Ring1][C][C][C][C][O][C][=C][C][=C][Branch1][N][C][=C][C][=C][Branch1][C][F][C][=C][Ring1][#Branch1][N][=C][Ring1][=Branch2][C][Ring1][=C][=O],105
GEN_DSFCEQXKOBAZFX,,LIB_CHEMBL3989868,COC1=CC(NS(C)(=O)=O)=CC=C1N2C=NC=N2,COc1cc(NS(C)(=O)=O)ccc1-n1cncn1,DSFCEQXKOBAZFX-UHFFFAOYSA-N,locally_trained_SELFIES_GRU_sampling,selfies_gru_base_v1,439f74756bc786709f318a4379037c4df186bc4d40957bdbe245910ba48e8229,exact_InChIKey_not_found,exact_InChIKey_not_found,c1ccc(-n2cncn2)cc1,0.1705,268.298,0.647,86.11,1,5,4,2.194,0.8794,,,1504,[C][O][C][=C][C][Branch1][#Branch2][N][S][Branch1][C][C][=Branch1][C][=O][=O][=C][C][=C][Ring1][O][N][C][=N][C][=N][Ring1][Branch1][C][C][Ring1][=Branch1],106
GEN_JGQLLRPIDSCOSB,,LIB_CHEMBL1200412,CCOC(=O)CS(=O)(=O)N1CC2=CC=CC=C2N1C(=O)NC3=CC=CC=C3,CCOC(=O)CS(=O)(=O)N1Cc2ccccc2N1C(=O)Nc1ccccc1,JGQLLRPIDSCOSB-UHFFFAOYSA-N,locally_trained_SELFIES_GRU_sampling,selfies_gru_base_v1,439f74756bc786709f318a4379037c4df186bc4d40957bdbe245910ba48e8229,exact_InChIKey_not_found,exact_InChIKey_not_found,O=C(Nc1ccccc1)N1NCc2ccccc21,0.1705,389.433,2.349,96.02,1,5,5,2.662,0.7922,,,18560,[C][C][O][C][=Branch1][C][=O][C][S][=Branch1][C][=O][=Branch1][C][=O][N][C][C][=C][C][=C][C][=C][Ring1][=Branch1][N][Ring1][=Branch2][C][=Branch1][C][=O][N][C][=C][C][=C][C][=C][Ring1][=Branch1],107
GEN_ZMVSCZTYWRLBNQ,,LIB_CHEMBL254316,CC(=O)NCC1=CN(C=C2C=C(CC)N2C1)NC3=CC=C(C)N=C3,CCC1=CC2=CN(Nc3ccc(C)nc3)C=C(CNC(C)=O)CN21,ZMVSCZTYWRLBNQ-UHFFFAOYSA-N,locally_trained_SELFIES_GRU_sampling,selfies_gru_base_v1,439f74756bc786709f318a4379037c4df186bc4d40957bdbe245910ba48e8229,exact_InChIKey_not_found,exact_InChIKey_not_found,C1=CN(Nc2cccnc2)C=C2C=CN2C1,0.1702,325.416,2.503,60.5,2,5,5,3.734,0.8709,,,16182,[C][C][=Branch1][C][=O][N][C][C][=C][N][Branch1][#C][C][=C][C][=C][Branch1][Ring1][C][C][N][Ring1][=Branch1][C][Ring1][O][N][C][=C][C][=C][Branch1][C][C][N][=C][Ring1][#Branch1],108
GEN_RODXFWDTEKQELM,,LIB_CHEMBL2103870,C1NC(=O)C[C@H1]1CN(C)CCOC2=CC=C(F)C(C3=CC=CC=C3)=N2,CN(CCOc1ccc(F)c(-c2ccccc2)n1)C[C@H]1CNC(=O)C1,RODXFWDTEKQELM-CQSZACIVSA-N,locally_trained_SELFIES_GRU_sampling,selfies_gru_base_v1,439f74756bc786709f318a4379037c4df186bc4d40957bdbe245910ba48e8229,exact_InChIKey_not_found,exact_InChIKey_not_found,O=C1CC(CNCCOc2cccc(-c3ccccc3)n2)CN1,0.1702,343.402,2.334,54.46,1,4,7,2.981,0.8384,,,19712,[C][N][C][=Branch1][C][=O][C][C@H1][Ring1][=Branch1][C][N][Branch1][C][C][C][C][O][C][=C][C][=C][Branch1][C][F][C][Branch1][=Branch2][C][=C][C][=C][C][=C][Ring1][=Branch1][=N][Ring1][=N][C][C][Ring2][Ring1][Branch2],109
GEN_IFFGRCSVPZJHOP,,LIB_CHEMBL36506,C1OC(=O)C=CC=C1NC(=O)CC2=CN=CC=C2C(N)=O,NC(=O)c1ccncc1CC(=O)NC1=CC=CC(=O)OC1,IFFGRCSVPZJHOP-UHFFFAOYSA-N,locally_trained_SELFIES_GRU_sampling,selfies_gru_base_v1,439f74756bc786709f318a4379037c4df186bc4d40957bdbe245910ba48e8229,exact_InChIKey_not_found,exact_InChIKey_not_found,O=C(Cc1cccnc1)NC1=CC=CC(=O)OC1,0.1698,287.275,-0.164,111.38,2,5,4,2.961,0.7471,,,9229,[C][O][C][=Branch1][C][=O][C][=C][C][=C][Branch2][Ring1][#Branch2][N][C][=Branch1][C][=O][C][C][=C][N][=C][C][=C][Ring1][=Branch1][C][Branch1][C][N][=O][=C][C][=C][Ring2][Ring1][Ring2][Ring1][=N],110
GEN_WVRDHKUUWHAGSA,,LIB_CHEMBL1200412,O=C(O)C1=C2C=CC(=C1)C[C@@H1]3C[C@]2(C)O3,C[C@]12C[C@@H](Cc3ccc1c(C(=O)O)c3)O2,WVRDHKUUWHAGSA-PELKAZGASA-N,locally_trained_SELFIES_GRU_sampling,selfies_gru_base_v1,439f74756bc786709f318a4379037c4df186bc4d40957bdbe245910ba48e8229,exact_InChIKey_not_found,exact_InChIKey_not_found,c1cc2ccc1CC1CC2O1,0.1688,204.225,1.945,46.53,1,2,1,4.727,0.76,,,13364,[O][=C][Branch1][C][O][C][=C][C][=C][C][=Branch1][Ring2][=C][Ring1][=Branch1][C][C@@H1][C][C@][Ring1][=Branch2][Branch1][C][C][O][Ring1][Branch1],111
GEN_YACXEAXZVJMBIG,,LIB_CHEMBL254316,COC(=O)CN1C=NC(C(F)(F)F)=C1,COC(=O)Cn1cnc(C(F)(F)F)c1,YACXEAXZVJMBIG-UHFFFAOYSA-N,locally_trained_SELFIES_GRU_sampling,selfies_gru_base_v1,439f74756bc786709f318a4379037c4df186bc4d40957bdbe245910ba48e8229,exact_InChIKey_not_found,exact_InChIKey_not_found,c1c[nH]cn1,0.1688,208.139,1.075,44.12,0,3,2,2.642,0.6827,,,9004,[C][O][C][=Branch1][C][=O][C][N][C][=N][C][Branch1][=Branch2][C][Branch1][C][F][Branch1][C][F][F][=C][Ring1][=Branch2],112
GEN_SWUIFGGWWHHFEL,,LIB_CHEMBL461101,CC1=CC=CC(=C1)CN2[C@H1](C)C(=O)C3=CC=C(O)C=C32,Cc1cccc(CN2c3cc(O)ccc3C(=O)[C@H]2C)c1,SWUIFGGWWHHFEL-GFCCVEGCSA-N,locally_trained_SELFIES_GRU_sampling,selfies_gru_base_v1,439f74756bc786709f318a4379037c4df186bc4d40957bdbe245910ba48e8229,exact_InChIKey_not_found,exact_InChIKey_not_found,O=C1CN(Cc2ccccc2)c2ccccc21,0.1687,267.328,3.292,40.54,1,3,2,2.814,0.9073,,,13154,[C][C][=C][C][=C][C][=Branch1][Ring2][=C][Ring1][=Branch1][C][N][C@H1][Branch1][Ring2][C][Ring1][=Branch1][C][=Branch1][C][=O][C][=C][C][=C][Branch1][C][O][C][=C][Ring1][#Branch1][Ring1][N],113
GEN_IXEZEGQAHXJGFO,,LIB_CHEMBL254316,CC(C)C1=NC=CN(CC2=CC=CC(O)=C2)C1=O,CC(C)c1nccn(Cc2cccc(O)c2)c1=O,IXEZEGQAHXJGFO-UHFFFAOYSA-N,locally_trained_SELFIES_GRU_sampling,selfies_gru_base_v1,439f74756bc786709f318a4379037c4df186bc4d40957bdbe245910ba48e8229,exact_InChIKey_not_found,exact_InChIKey_not_found,O=c1cnccn1Cc1ccccc1,0.1687,244.294,2.121,55.12,1,3,3,2.307,0.8994,,,584,[C][C][Branch1][C][C][C][=N][C][=C][N][Branch1][=N][C][C][=C][C][=C][C][Branch1][C][O][=C][Ring1][#Branch1][C][Ring1][=C][=O][C][=C][Ring2][Ring1][C],114
GEN_UPKLBHDIXXLDDY,,LIB_CHEMBL1983268,N#CC1=CC=C(NC(=O)NC2=CC=C(F)C=C2F)N(C)CC1=C,C=C1CN(C)C(NC(=O)Nc2ccc(F)cc2F)=CC=C1C#N,UPKLBHDIXXLDDY-UHFFFAOYSA-N,locally_trained_SELFIES_GRU_sampling,selfies_gru_base_v1,439f74756bc786709f318a4379037c4df186bc4d40957bdbe245910ba48e8229,exact_InChIKey_not_found,exact_InChIKey_not_found,C=C1C=CC=C(NC(=O)Nc2ccccc2)NC1,0.1683,316.311,2.879,68.16,2,3,2,3.238,0.8813,,,4348,[N][#C][C][=C][C][=C][Branch2][Ring1][=Branch1][N][C][=Branch1][C][=O][N][C][=C][C][=C][Branch1][C][F][C][=C][Ring1][#Branch1][F][C][C][C][N][Branch1][C][C][C][C][Ring2][Ring1][Ring2][=C][Ring2][Ring1][=Branch1],115
GEN_GRZORPZRXVSXJH,,LIB_CHEMBL36506,NC(=O)C1=CC=CC(=C1)COC2=CC=CC=C2O,NC(=O)c1cccc(COc2ccccc2O)c1,GRZORPZRXVSXJH-UHFFFAOYSA-N,locally_trained_SELFIES_GRU_sampling,selfies_gru_base_v1,439f74756bc786709f318a4379037c4df186bc4d40957bdbe245910ba48e8229,exact_InChIKey_not_found,exact_InChIKey_not_found,c1ccc(COc2ccccc2)cc1,0.1667,243.262,2.07,72.55,2,3,4,1.679,0.8629,,,5283,[N][C][=Branch1][C][=O][C][=C][C][=C][C][=Branch1][Ring2][=C][Ring1][=Branch1][C][O][C][=C][C][=C][C][=C][Ring1][=Branch1][O],116
GEN_HRPBTHJJYMZDKX,,LIB_CHEMBL1200412,C1NCCCN(C)C(=O)N1CC2=CC=CC=C2,CN1CCCNCN(Cc2ccccc2)C1=O,HRPBTHJJYMZDKX-UHFFFAOYSA-N,locally_trained_SELFIES_GRU_sampling,selfies_gru_base_v1,439f74756bc786709f318a4379037c4df186bc4d40957bdbe245910ba48e8229,exact_InChIKey_not_found,exact_InChIKey_not_found,O=C1NCCCNCN1Cc1ccccc1,0.1667,233.315,1.491,35.58,1,2,2,2.332,0.8398,,,5928,[C][N][C][C][C][N][Branch1][C][C][C][=Branch1][C][=O][N][Branch1][#Branch2][C][C][=C][C][=C][C][=C][Ring1][=Branch1][Ring1][N][C][Branch1][#C][N][C][C][C][N][C][C][O][C][C][Ring1][=Branch1][C][C][Ring1][S],117
GEN_CULSGJFZWSLHOA,,LIB_CHEMBL3894860,C1C2=CC=CC=C2NC(=O)NCCCN(CC)C1=O,CCN1CCCNC(=O)Nc2ccccc2CC1=O,CULSGJFZWSLHOA-UHFFFAOYSA-N,locally_trained_SELFIES_GRU_sampling,selfies_gru_base_v1,439f74756bc786709f318a4379037c4df186bc4d40957bdbe245910ba48e8229,exact_InChIKey_not_found,exact_InChIKey_not_found,O=C1Cc2ccccc2NC(=O)NCCCN1,0.1667,261.325,1.603,61.44,2,2,1,2.923,0.8064,,,4728,[C][C][=C][C][=C][C][=C][Ring1][=Branch1][N][C][=Branch1][C][=O][N][C][C][C][N][Branch1][Ring1][C][C][C][Ring2][Ring1][C][=O],118
GEN_VQJOMIVMDAZLIK,,LIB_CHEMBL4204794,O=C(NC=CN=C1C2=CC=C(F)C=C2)N=CN=C1N,Nc1ncnc(=O)[nH]ccnc1-c1ccc(F)cc1,VQJOMIVMDAZLIK-UHFFFAOYSA-N,locally_trained_SELFIES_GRU_sampling,selfies_gru_base_v1,439f74756bc786709f318a4379037c4df186bc4d40957bdbe245910ba48e8229,exact_InChIKey_not_found,exact_InChIKey_not_found,O=c1ncncc(-c2ccccc2)ncc[nH]1,0.1667,259.244,1.073,97.55,2,5,1,2.85,0.7979,,,4934,[O][=C][Branch1][S][N][C][=C][N][=C][Branch1][N][C][=C][C][=C][Branch1][C][F][C][=C][Ring1][#Branch1][N][=C][N][=C][Ring1][N][N][Ring2][Ring1][Branch1],119
GEN_STEUQRVHQPHGQA,,LIB_CHEMBL461101,CC(C)(C)NC(=O)CSC1=CC=CC(=C1)CNC2=CC=CC=C2,CC(C)(C)NC(=O)CSc1cccc(CNc2ccccc2)c1,STEUQRVHQPHGQA-UHFFFAOYSA-N,locally_trained_SELFIES_GRU_sampling,selfies_gru_base_v1,439f74756bc786709f318a4379037c4df186bc4d40957bdbe245910ba48e8229,exact_InChIKey_not_found,exact_InChIKey_not_found,c1ccc(CNc2ccccc2)cc1,0.1667,328.481,4.306,41.13,2,3,6,1.934,0.7766,,,17373,[C][C][Branch1][C][C][Branch1][C][C][N][C][=Branch1][C][=O][C][S][C][=C][C][=C][C][=Branch1][Ring2][=C][Ring1][=Branch1][C][N][C][=C][C][=C][C][=C][Ring1][=Branch1],120
GEN_SWBATIJHHABMLA,,LIB_CHEMBL3894860,CC1=C2C=CC(=C1)COC(=O)NC3=CN=CC=C32,Cc1cc2ccc1-c1ccncc1NC(=O)OC2,SWBATIJHHABMLA-UHFFFAOYSA-N,locally_trained_SELFIES_GRU_sampling,selfies_gru_base_v1,439f74756bc786709f318a4379037c4df186bc4d40957bdbe245910ba48e8229,exact_InChIKey_not_found,exact_InChIKey_not_found,O=C1Nc2cnccc2-c2ccc(cc2)CO1,0.1667,240.262,3.119,51.22,1,3,0,3.85,0.7693,,,6718,[C][C][=C][C][=C][C][=Branch1][Ring2][=C][Ring1][=Branch1][C][O][C][=Branch1][C][=O][N][C][=C][N][=C][C][=C][Ring1][=Branch1][Ring1][S],121
GEN_XLURWPWFTDZIRJ,,LIB_CHEMBL1200412,COC1=CC=CC=C1NC(=O)OCC2=C[NH1]C3=CC=CC=C23,COc1ccccc1NC(=O)OCc1c[nH]c2ccccc12,XLURWPWFTDZIRJ-UHFFFAOYSA-N,locally_trained_SELFIES_GRU_sampling,selfies_gru_base_v1,439f74756bc786709f318a4379037c4df186bc4d40957bdbe245910ba48e8229,exact_InChIKey_not_found,exact_InChIKey_not_found,O=C(Nc1ccccc1)OCc1c[nH]c2ccccc12,0.1667,296.326,3.925,63.35,2,3,4,1.871,0.7665,,,1317,[C][O][C][=C][C][=C][C][=C][Ring1][=Branch1][N][C][=Branch1][C][=O][O][C][C][=C][NH1][C][=C][C][=C][C][=C][Ring1][=Branch2][Ring1][=Branch1],122
GEN_QXWLFLFIYPXFRD,,LIB_CHEMBL254316,O=C(NCC1=CC=NC=C1)CCC2=C[NH1]C3=CC=CC=C23,O=C(CCc1c[nH]c2ccccc12)NCc1ccncc1,QXWLFLFIYPXFRD-UHFFFAOYSA-N,locally_trained_SELFIES_GRU_sampling,selfies_gru_base_v1,439f74756bc786709f318a4379037c4df186bc4d40957bdbe245910ba48e8229,exact_InChIKey_not_found,exact_InChIKey_not_found,O=C(CCc1c[nH]c2ccccc12)NCc1ccncc1,0.1667,279.343,2.812,57.78,2,2,5,1.893,0.7542,,,7959,[O][=C][Branch1][O][N][C][C][=C][C][=N][C][=C][Ring1][=Branch1][C][C][C][=C][NH1][C][=C][C][=C][C][=C][Ring1][=Branch2][Ring1][=Branch1],123
GEN_DGKFQUQDCNGICE,,LIB_CHEMBL4204794,C1C=CC(C2=CC=C(F)C=C2)=NC(N)=N1,NC1=NCC=CC(c2ccc(F)cc2)=N1,DGKFQUQDCNGICE-UHFFFAOYSA-N,locally_trained_SELFIES_GRU_sampling,selfies_gru_base_v1,439f74756bc786709f318a4379037c4df186bc4d40957bdbe245910ba48e8229,exact_InChIKey_not_found,exact_InChIKey_not_found,C1=CC(c2ccccc2)=NC=NC1,0.1667,203.22,1.499,50.74,1,3,1,2.927,0.7384,,,3340,[C][C][=C][C][Branch1][N][C][=C][C][=C][Branch1][C][F][C][=C][Ring1][#Branch1][=N][C][Branch1][C][N][=N][Ring1][P],124
GEN_QGWSNJICUGOZGT,,LIB_CHEMBL4204794,C1COC(=O)CCN1CCN(CC2=CC=C(C)C=N2)/C=C/C3=CC=C(F)C=N3,Cc1ccc(CN(/C=C/c2ccc(F)cn2)CCN2CCOC(=O)CC2)nc1,QGWSNJICUGOZGT-SOFGYWHQSA-N,locally_trained_SELFIES_GRU_sampling,selfies_gru_base_v1,439f74756bc786709f318a4379037c4df186bc4d40957bdbe245910ba48e8229,exact_InChIKey_not_found,exact_InChIKey_not_found,O=C1CCN(CCN(C=Cc2ccccn2)Cc2ccccn2)CCO1,0.1649,384.455,2.646,58.56,0,6,7,3.058,0.6843,,,16193,[C][C][O][C][=Branch1][C][=O][C][C][N][Branch2][Ring1][P][C][C][N][Branch1][=N][C][C][=C][C][=C][Branch1][C][C][C][=N][Ring1][#Branch1][/C][=C][/C][=C][C][=C][Branch1][C][F][C][=N][Ring1][#Branch1][C][C][Ring1][=C][C][=C][C][Branch1][=Branch2][C][Branch1][C][F][Branch1][C][F][F][C][=C][Ring1][O],125
GEN_NBTAAIGRSOWXAW,,LIB_CHEMBL461101,COC1=CC=CC=C1NC2=CC=CC(Cl)=C2C(=O)N3CCCCC3,COc1ccccc1Nc1cccc(Cl)c1C(=O)N1CCCCC1,NBTAAIGRSOWXAW-UHFFFAOYSA-N,locally_trained_SELFIES_GRU_sampling,selfies_gru_base_v1,439f74756bc786709f318a4379037c4df186bc4d40957bdbe245910ba48e8229,exact_InChIKey_not_found,exact_InChIKey_not_found,O=C(c1ccccc1Nc1ccccc1)N1CCCCC1,0.1647,344.842,4.718,41.57,1,3,4,1.93,0.8722,,,10372,[C][O][C][=C][C][=C][C][=C][Ring1][=Branch1][N][C][=C][C][=C][C][Branch1][C][Cl][=C][Ring1][#Branch1][C][=Branch1][C][=O][N][C][C][C][C][C][Ring1][=Branch1],126
GEN_NMBVRKBCMBBAPD,,LIB_CHEMBL3894860,CS(=O)(=O)C1=C2C=CC(=C1)CCN(C)CC(=O)[NH1]C(=O)N2,CN1CCc2ccc(c(S(C)(=O)=O)c2)NC(=O)NC(=O)C1,NMBVRKBCMBBAPD-UHFFFAOYSA-N,locally_trained_SELFIES_GRU_sampling,selfies_gru_base_v1,439f74756bc786709f318a4379037c4df186bc4d40957bdbe245910ba48e8229,exact_InChIKey_not_found,exact_InChIKey_not_found,O=C1CNCCc2ccc(cc2)NC(=O)N1,0.1647,311.363,0.226,95.58,2,5,1,4.043,0.7737,,,15419,[C][S][=Branch1][C][=O][=Branch1][C][=O][C][=C][C][=C][C][=Branch1][Ring2][=C][Ring1][=Branch1][C][C][N][Branch1][C][C][C][C][=Branch1][C][=O][NH1][C][=Branch1][C][=O][N][Ring1][S],127
GEN_OURCUNVIOHQJOL,,LIB_CHEMBL2103870,O=C(O)C1=CC=C(C2=CC=C(F)C=C2)CC1,O=C(O)C1=CC=C(c2ccc(F)cc2)CC1,OURCUNVIOHQJOL-UHFFFAOYSA-N,locally_trained_SELFIES_GRU_sampling,selfies_gru_base_v1,439f74756bc786709f318a4379037c4df186bc4d40957bdbe245910ba48e8229,exact_InChIKey_not_found,exact_InChIKey_not_found,C1=CCCC(c2ccccc2)=C1,0.1644,218.227,3.014,37.3,1,1,2,2.376,0.828,,,119,[O][=C][Branch1][C][O][C][=C][C][=C][Branch1][N][C][=C][C][=C][Branch1][C][F][C][=C][Ring1][#Branch1][C][C][Ring1][=N],128
GEN_UOQUFRVFRVNBKC,,LIB_CHEMBL1983268,COC1=CC=C2C=C1OCCNCCN(CC3=CC=CC(F)=C3)N2,COc1ccc2cc1OCCNCCN(Cc1cccc(F)c1)N2,UOQUFRVFRVNBKC-UHFFFAOYSA-N,locally_trained_SELFIES_GRU_sampling,selfies_gru_base_v1,439f74756bc786709f318a4379037c4df186bc4d40957bdbe245910ba48e8229,exact_InChIKey_not_found,exact_InChIKey_not_found,c1ccc(CN2CCNCCOc3cccc(c3)N2)cc1,0.1635,331.391,2.645,45.76,2,5,3,3.921,0.9053,,,16317,[C][O][C][=C][C][=C][C][=C][Ring1][=Branch1][O][C][C][N][C][C][N][Branch1][=N][C][C][=C][C][=C][C][Branch1][C][F][=C][Ring1][#Branch1][=N][Ring2][Ring1][Ring1],129
GEN_SLHKTFBUGNEDKZ,,LIB_CHEMBL1983268,CCC1=C(C)N=CN1CCC2=CC=C(N3CCOCC3)N2,CCc1c(C)ncn1CCc1ccc(N2CCOCC2)[nH]1,SLHKTFBUGNEDKZ-UHFFFAOYSA-N,locally_trained_SELFIES_GRU_sampling,selfies_gru_base_v1,439f74756bc786709f318a4379037c4df186bc4d40957bdbe245910ba48e8229,exact_InChIKey_not_found,exact_InChIKey_not_found,c1cn(CCc2ccc(N3CCOCC3)[nH]2)cn1,0.1633,288.395,2.161,46.08,1,3,5,3.028,0.9169,,,9246,[C][C][C][=C][Branch1][C][C][N][=C][N][Ring1][=Branch1][C][C][C][=C][C][=C][Branch1][=Branch2][N][C][C][O][C][C][Ring1][=Branch1][=N][Ring1][O],130
GEN_BWKWRDMAIAKBAE,,LIB_CHEMBL1983268,N1S(=O)(=O)C=CC=C(NC2=CC=CC=C2CC3=CC=C(F)C=C3)C1,O=S1(=O)C=CC=C(Nc2ccccc2Cc2ccc(F)cc2)CN1,BWKWRDMAIAKBAE-UHFFFAOYSA-N,locally_trained_SELFIES_GRU_sampling,selfies_gru_base_v1,439f74756bc786709f318a4379037c4df186bc4d40957bdbe245910ba48e8229,exact_InChIKey_not_found,exact_InChIKey_not_found,O=S1(=O)C=CC=C(Nc2ccccc2Cc2ccccc2)CN1,0.1633,344.411,3.159,58.2,2,3,4,2.956,0.8957,,,7120,[N][S][=Branch1][C][=O][=Branch1][C][=O][C][=C][C][=C][Branch2][Ring1][=Branch1][N][C][=C][C][=C][C][=C][Ring1][=Branch1][C][Branch1][N][C][=C][C][=C][Branch1][C][F][C][=C][Ring1][#Branch1][=C][Ring2][Ring1][Branch2],131
GEN_ZCDZUDQBSYUWMM,,LIB_CHEMBL1983268,COC1=CC=C(Cl)C=C1C(=O)NC2CCCCC2,COc1ccc(Cl)cc1C(=O)NC1CCCCC1,ZCDZUDQBSYUWMM-UHFFFAOYSA-N,locally_trained_SELFIES_GRU_sampling,selfies_gru_base_v1,439f74756bc786709f318a4379037c4df186bc4d40957bdbe245910ba48e8229,exact_InChIKey_not_found,exact_InChIKey_not_found,O=C(NC1CCCCC1)c1ccccc1,0.163,267.756,3.411,38.33,1,2,3,1.668,0.9114,,,9436,[C][O][C][=C][C][=C][Branch1][C][Cl][C][=C][Ring1][#Branch1][C][=Branch1][C][=O][N][C][C][C][C][C][C][Ring1][=Branch1],132
GEN_GZLWKZOTGVUAPE,,LIB_CHEMBL1983268,O=C1[NH1]C2=CC=CC=C2N1CCCN3CCOCC3,O=c1[nH]c2ccccc2n1CCCN1CCOCC1,GZLWKZOTGVUAPE-UHFFFAOYSA-N,locally_trained_SELFIES_GRU_sampling,selfies_gru_base_v1,439f74756bc786709f318a4379037c4df186bc4d40957bdbe245910ba48e8229,exact_InChIKey_not_found,exact_InChIKey_not_found,O=c1[nH]c2ccccc2n1CCCN1CCOCC1,0.163,261.325,1.052,50.26,1,3,4,2.047,0.8948,,,11237,[O][=C][NH1][C][=C][C][=C][C][=C][Ring1][=Branch1][N][Ring1][=Branch2][C][C][C][N][C][C][O][C][C][Ring1][=Branch1],133
GEN_MVTPNNZMDIWPIN,,LIB_CHEMBL2103870,CCOC(=O)C1=C(C2)N=CN1CCCCC3=CC=C(Cl)C=C32,CCOC(=O)c1c2ncn1CCCCc1ccc(Cl)cc1C2,MVTPNNZMDIWPIN-UHFFFAOYSA-N,locally_trained_SELFIES_GRU_sampling,selfies_gru_base_v1,439f74756bc786709f318a4379037c4df186bc4d40957bdbe245910ba48e8229,exact_InChIKey_not_found,exact_InChIKey_not_found,c1ccc2c(c1)CCCCn1cnc(c1)C2,0.163,318.804,3.64,44.12,0,3,2,3.725,0.794,,,8751,[C][C][O][C][=Branch1][C][=O][C][=C][Branch1][C][C][N][=C][N][Ring1][=Branch1][C][C][C][C][C][=C][C][=C][Branch1][C][Cl][C][=C][Ring1][#Branch1][Ring1][#C][C][C][Ring2][Ring1][Ring2],134
GEN_BWTBPQRTWRJLBU,,LIB_CHEMBL1983268,C1NCCN(CC)CC[C@H1]1C(=O)N2CCOCC2,CCN1CCNC[C@H](C(=O)N2CCOCC2)CC1,BWTBPQRTWRJLBU-GFCCVEGCSA-N,locally_trained_SELFIES_GRU_sampling,selfies_gru_base_v1,439f74756bc786709f318a4379037c4df186bc4d40957bdbe245910ba48e8229,exact_InChIKey_not_found,exact_InChIKey_not_found,O=C(C1CCNCCNC1)N1CCOCC1,0.163,255.362,-0.223,44.81,1,4,2,2.625,0.7406,,,15441,[C][N][C][C][N][Branch1][Ring1][C][C][C][C][C@H1][Ring2][Ring1][C][C][=Branch1][C][=O][N][C][C][O][C][C][Ring1][=Branch1],135
GEN_KVGFIRNMYGXXAB,,LIB_CHEMBL254316,CC(=O)CSCN1C(=O)C=C2C=CC(C(F)(F)F)=CC2=N1,CC(=O)CSCn1nc2cc(C(F)(F)F)ccc2cc1=O,KVGFIRNMYGXXAB-UHFFFAOYSA-N,locally_trained_SELFIES_GRU_sampling,selfies_gru_base_v1,439f74756bc786709f318a4379037c4df186bc4d40957bdbe245910ba48e8229,exact_InChIKey_not_found,exact_InChIKey_not_found,O=c1cc2ccccc2n[nH]1,0.1628,316.304,2.695,51.96,0,4,4,2.849,0.8701,,,8403,[C][C][=Branch1][C][=O][C][S][C][N][C][=Branch1][C][=O][C][=C][C][=C][C][Branch1][=Branch2][C][Branch1][C][F][Branch1][C][F][F][=C][C][Ring1][#Branch2][=N][Ring1][#C],136
GEN_XLHIOHUETQFUSO,,LIB_CHEMBL461101,CC1=CC=C(OCC(=O)O)C=C1C(=O)NCCC2=CC=CC=C2C,Cc1ccccc1CCNC(=O)c1cc(OCC(=O)O)ccc1C,XLHIOHUETQFUSO-UHFFFAOYSA-N,locally_trained_SELFIES_GRU_sampling,selfies_gru_base_v1,439f74756bc786709f318a4379037c4df186bc4d40957bdbe245910ba48e8229,exact_InChIKey_not_found,exact_InChIKey_not_found,O=C(NCCc1ccccc1)c1ccccc1,0.1628,327.38,2.739,75.63,2,3,7,1.848,0.8197,,,5498,[C][C][=C][C][=C][Branch1][Branch2][O][C][C][=Branch1][C][=O][O][C][=C][Ring1][O][C][=Branch1][C][=O][N][C][C][C][=C][C][=C][C][=C][Ring1][=Branch1][C][Ring1][P],137
GEN_BPQRPGJCDSSMRO,,LIB_CHEMBL461101,C1NC(=O)C2=CC(C3=CC=CC=C3)=NC(CC)=C21,CCc1nc(-c2ccccc2)cc2c1CNC2=O,BPQRPGJCDSSMRO-UHFFFAOYSA-N,locally_trained_SELFIES_GRU_sampling,selfies_gru_base_v1,439f74756bc786709f318a4379037c4df186bc4d40957bdbe245910ba48e8229,exact_InChIKey_not_found,exact_InChIKey_not_found,O=C1NCc2cnc(-c3ccccc3)cc21,0.1625,238.29,2.554,41.99,1,2,2,2.298,0.8732,,,8750,[C][N][C][=Branch1][C][=O][C][=C][C][Branch1][=Branch2][C][=C][C][=C][C][=C][Ring1][=Branch1][=N][C][Branch1][Ring1][C][C][=C][Ring1][=C][Ring2][Ring1][Branch1],138
GEN_CUZDMVGGVBCNSB,,LIB_CHEMBL461101,O=C(NC1=CC=CC=C1)NC(=O)C2=C(Cl)C=CC=C2Cl,O=C(NC(=O)c1c(Cl)cccc1Cl)Nc1ccccc1,CUZDMVGGVBCNSB-UHFFFAOYSA-N,locally_trained_SELFIES_GRU_sampling,selfies_gru_base_v1,439f74756bc786709f318a4379037c4df186bc4d40957bdbe245910ba48e8229,exact_InChIKey_not_found,exact_InChIKey_not_found,O=C(NC(=O)c1ccccc1)Nc1ccccc1,0.1622,309.152,3.955,58.2,2,2,2,1.722,0.882,,,367,[O][=C][Branch1][#Branch2][N][C][=C][C][=C][C][=C][Ring1][=Branch1][N][C][=Branch1][C][=O][C][=C][Branch1][C][Cl][C][=C][C][=C][Ring1][#Branch1][Cl],139
GEN_YYCQUUTYXPMBLY,,LIB_CHEMBL461101,O1C=CC=C(C2=CC=CC=C2)C1=O,O=c1occcc1-c1ccccc1,YYCQUUTYXPMBLY-UHFFFAOYSA-N,locally_trained_SELFIES_GRU_sampling,selfies_gru_base_v1,439f74756bc786709f318a4379037c4df186bc4d40957bdbe245910ba48e8229,exact_InChIKey_not_found,exact_InChIKey_not_found,O=c1occcc1-c1ccccc1,0.1618,172.183,2.307,30.21,0,2,1,1.753,0.6603,,,2744,[O][C][=C][C][=C][Branch1][=Branch2][C][=C][C][=C][C][=C][Ring1][=Branch1][C][Ring1][N][=O],140
GEN_LDAGBLZIWYMUFJ,,LIB_CHEMBL2103870,N1=C(N)C=CC=CC(C2=CC=NC=N2)=CC=C1C(=O)NC3=CC=CC=C3,Nc1ccccc(-c2ccncn2)ccc(C(=O)Nc2ccccc2)n1,LDAGBLZIWYMUFJ-UHFFFAOYSA-N,locally_trained_SELFIES_GRU_sampling,selfies_gru_base_v1,439f74756bc786709f318a4379037c4df186bc4d40957bdbe245910ba48e8229,exact_InChIKey_not_found,exact_InChIKey_not_found,O=C(Nc1ccccc1)c1ccc(-c2ccncn2)cccccn1,0.1609,343.39,3.498,93.79,2,5,3,2.434,0.759,,,9686,[N][=C][Branch1][C][N][C][=C][C][=C][C][Branch1][=Branch2][C][=C][C][=N][C][=N][Ring1][=Branch1][=C][C][=C][Ring2][Ring1][Ring1][C][=Branch1][C][=O][N][C][=C][C][=C][C][=C][Ring1][=Branch1],141
GEN_YVTVBBQRVMJIMM,,LIB_CHEMBL1200412,O=C(NC(=O)OC1=CC=CC=C1)NCCN(CC2=CC=C(Cl)C=C2)C3=CC=CC=C3,O=C(NCCN(Cc1ccc(Cl)cc1)c1ccccc1)NC(=O)Oc1ccccc1,YVTVBBQRVMJIMM-UHFFFAOYSA-N,locally_trained_SELFIES_GRU_sampling,selfies_gru_base_v1,439f74756bc786709f318a4379037c4df186bc4d40957bdbe245910ba48e8229,exact_InChIKey_not_found,exact_InChIKey_not_found,O=C(NCCN(Cc1ccccc1)c1ccccc1)NC(=O)Oc1ccccc1,0.1609,423.9,4.845,70.67,2,4,7,2.125,0.5698,,,18424,[O][=C][Branch1][=C][N][C][=Branch1][C][=O][O][C][=C][C][=C][C][=C][Ring1][=Branch1][N][C][C][N][Branch1][=N][C][C][=C][C][=C][Branch1][C][Cl][C][=C][Ring1][#Branch1][C][=C][C][=C][C][=C][Ring1][=Branch1],142
GEN_RRKSKBGFLMEUSB,,LIB_CHEMBL1200412,O=C1[NH1]C=C2C=CC=CC2=C1C(=O)NC3CCCCC3,O=C(NC1CCCCC1)c1c(=O)[nH]cc2ccccc12,RRKSKBGFLMEUSB-UHFFFAOYSA-N,locally_trained_SELFIES_GRU_sampling,selfies_gru_base_v1,439f74756bc786709f318a4379037c4df186bc4d40957bdbe245910ba48e8229,exact_InChIKey_not_found,exact_InChIKey_not_found,O=C(NC1CCCCC1)c1c(=O)[nH]cc2ccccc12,0.1605,270.332,2.591,61.96,2,2,2,2.219,0.8807,,,2194,[O][=C][NH1][C][=C][C][=C][C][=C][C][Ring1][=Branch1][=C][Ring1][#Branch2][C][=Branch1][C][=O][N][C][C][C][C][C][C][Ring1][=Branch1],143
GEN_IYBATZDPQUOACV,,LIB_CHEMBL1200412,COC1=CC=CC=C1CN2CCCC[C@H1]2C#N,COc1ccccc1CN1CCCC[C@H]1C#N,IYBATZDPQUOACV-ZDUSSCGKSA-N,locally_trained_SELFIES_GRU_sampling,selfies_gru_base_v1,439f74756bc786709f318a4379037c4df186bc4d40957bdbe245910ba48e8229,exact_InChIKey_not_found,exact_InChIKey_not_found,c1ccc(CN2CCCCC2)cc1,0.1605,230.311,2.573,36.26,0,3,3,2.512,0.8004,,,10804,[C][O][C][=C][C][=C][C][=C][Ring1][=Branch1][C][N][C][C][C][C][C@H1][Ring1][=Branch1][C][#N][C][C][Ring1][Branch1][C][=Branch1][C][=O][C][=C][C][=C][C][=C][Ring1][=Branch1],144
GEN_PPKUWSHHVXXBNI,,LIB_CHEMBL254316,COC1=CC=CC=C1N2C(O)=NO2,COc1ccccc1-n1onc1O,PPKUWSHHVXXBNI-UHFFFAOYSA-N,locally_trained_SELFIES_GRU_sampling,selfies_gru_base_v1,439f74756bc786709f318a4379037c4df186bc4d40957bdbe245910ba48e8229,exact_InChIKey_not_found,exact_InChIKey_not_found,c1ccc(-n2cno2)cc1,0.16,180.163,1.179,60.42,1,4,2,2.865,0.7533,,,8612,[C][O][C][=C][C][=C][C][=C][Ring1][=Branch1][N][C][Branch1][C][O][=N][O][Branch2][Ring1][Branch1][C][=C][C][=C][Branch1][=Branch2][S][Branch1][C][N][=Branch1][C][=O][=O][C][=C][Ring1][#Branch2][C][=N][C][=C][C][=C][Ring1][=Branch1][C][=O][C][Ring1][=C],145
GEN_SJZQGVZACKZABI,,LIB_CHEMBL3894860,CN1CCC(=O)NC2=CC=CC=C21,CN1CCC(=O)Nc2ccccc21,SJZQGVZACKZABI-UHFFFAOYSA-N,locally_trained_SELFIES_GRU_sampling,selfies_gru_base_v1,439f74756bc786709f318a4379037c4df186bc4d40957bdbe245910ba48e8229,exact_InChIKey_not_found,exact_InChIKey_not_found,O=C1CCNc2ccccc2N1,0.16,176.219,1.465,32.34,1,2,0,2.031,0.6488,,,5680,[C][N][C][C][Branch2][Ring1][#C][C][=Branch1][C][=O][N][C][=C][C][=C][C][=C][Ring1][=Branch1][Ring1][N][C][=C][C][=C][C][=C][Ring1][=Branch1][Ring2][Ring1][#Branch1],146
GEN_CVVSBHSLAJLHSA,,LIB_CHEMBL1200412,CCCOC(=O)N1CCC(NCCNC(=O)C2=CC=CC=C2C1)=O,CCCOC(=O)N1CCC(=O)NCCNC(=O)c2ccccc2C1,CVVSBHSLAJLHSA-UHFFFAOYSA-N,locally_trained_SELFIES_GRU_sampling,selfies_gru_base_v1,439f74756bc786709f318a4379037c4df186bc4d40957bdbe245910ba48e8229,exact_InChIKey_not_found,exact_InChIKey_not_found,O=C1CCNCc2ccccc2C(=O)NCCN1,0.1591,333.388,1.285,87.74,2,4,2,2.88,0.8534,,,11266,[C][C][C][O][C][=Branch1][C][=O][N][C][C][C][Branch2][Ring1][Ring2][N][C][C][N][C][=Branch1][C][=O][C][=C][C][=C][C][=C][Ring1][=Branch1][C][Ring1][P][=O][C][Ring2][Ring1][#Branch1][Ring2][Ring1][#Branch2],147
GEN_HTJAQLKHWSVJMW,,LIB_CHEMBL254316,CCOC(=O)C1=CC=CC=C1S(=O)(=O)NCC2=CC=CN=C2,CCOC(=O)c1ccccc1S(=O)(=O)NCc1cccnc1,HTJAQLKHWSVJMW-UHFFFAOYSA-N,locally_trained_SELFIES_GRU_sampling,selfies_gru_base_v1,439f74756bc786709f318a4379037c4df186bc4d40957bdbe245910ba48e8229,exact_InChIKey_not_found,exact_InChIKey_not_found,O=S(=O)(NCc1cccnc1)c1ccccc1,0.1591,320.37,1.737,85.36,1,5,6,1.92,0.8194,,,185,[C][C][O][C][=Branch1][C][=O][C][=C][C][=C][C][=C][Ring1][=Branch1][S][=Branch1][C][=O][=Branch1][C][=O][N][C][C][=C][C][=C][N][=C][Ring1][=Branch1],148
GEN_PVWNBZYVRKDABC,,LIB_CHEMBL1983268,CCC(=O)N1CCC(C2=CC=NC=C2)CC1,CCC(=O)N1CCC(c2ccncc2)CC1,PVWNBZYVRKDABC-UHFFFAOYSA-N,locally_trained_SELFIES_GRU_sampling,selfies_gru_base_v1,439f74756bc786709f318a4379037c4df186bc4d40957bdbe245910ba48e8229,exact_InChIKey_not_found,exact_InChIKey_not_found,c1cc(C2CCNCC2)ccn1,0.1591,218.3,2.198,33.2,0,2,2,2.014,0.7621,,,619,[C][C][C][=Branch1][C][=O][N][C][C][C][Branch1][=Branch2][C][=C][C][=N][C][=C][Ring1][=Branch1][C][C][Ring1][N],149
GEN_JKHCANMZQKCDJF,,LIB_CHEMBL1200412,COC1=CC=CC2=NC=C(NC(=O)OC)CC=C12,COC(=O)NC1=CN=c2cccc(OC)c2=CC1,JKHCANMZQKCDJF-UHFFFAOYSA-N,locally_trained_SELFIES_GRU_sampling,selfies_gru_base_v1,439f74756bc786709f318a4379037c4df186bc4d40957bdbe245910ba48e8229,exact_InChIKey_not_found,exact_InChIKey_not_found,C1=CN=c2ccccc2=CC1,0.1585,246.266,0.696,59.92,1,4,2,3.225,0.8351,,,17079,[C][O][C][=C][C][=C][Branch2][Ring1][O][C][=N][C][=C][Branch1][Branch2][N][C][=Branch1][C][=O][O][C][=C][C][=C][Ring1][S][Ring1][N][C][=C][Ring2][Ring1][C],150
