path_internal_only,sha256,bytes,coordinate_scope,redistributed_in_public_package
internal/H_AF_domain/H_AF_domain_mode1_minus_rms0.25A.pdb,5eaac2a41ffd94f5a1814507d63d2300d94bca2504d6d0b2f21f5b56ede15340,45467,C-alpha only,False
internal/H_AF_domain/H_AF_domain_mode1_minus_rms0.5A.pdb,cf608340cb9f87e061ecdbbb1b48f04759c094976712e340383f94d6c152fdc1,45466,C-alpha only,False
internal/H_AF_domain/H_AF_domain_mode1_minus_rms1A.pdb,42a27e7466d22a0e8031f23dead6f854546cab03cb5a9fbef63bb930081ee667,45466,C-alpha only,False
internal/H_AF_domain/H_AF_domain_mode1_plus_rms0.25A.pdb,dcf04dcbbf3645f038bd26fc272d81f522008d27ff5489612b83c6cb2e39df8c,45467,C-alpha only,False
internal/H_AF_domain/H_AF_domain_mode1_plus_rms0.5A.pdb,399a4a0e5c94c3b846cced22bbe5f2a00fa69cac1c1da72bf6e6ef919ba851a8,45466,C-alpha only,False
internal/H_AF_domain/H_AF_domain_mode1_plus_rms1A.pdb,8664c48d82f6f582e9b9986c21ed1fbebca1c10bf1068fc55cc3724c6ae0b2bc,45466,C-alpha only,False
internal/H_AF_domain/H_AF_domain_mode2_minus_rms0.25A.pdb,2397576b896010005bd467d5e1f9ca0a02c06f23cfe8220b31261b0f14d23c3d,45467,C-alpha only,False
internal/H_AF_domain/H_AF_domain_mode2_minus_rms0.5A.pdb,57997c71dc118c6b721590a33c0beafc70d785a16161f2c9d80f600475ae736f,45466,C-alpha only,False
internal/H_AF_domain/H_AF_domain_mode2_minus_rms1A.pdb,f0875305016f7d9fc5cf54160bafb8a64fae19b0e60462cf0df95923cb86ccd1,45466,C-alpha only,False
internal/H_AF_domain/H_AF_domain_mode2_plus_rms0.25A.pdb,d4c50b6d8e851811f7c5c2cb18a0d7900280cbc1554e87cc1d72ac174c70f931,45467,C-alpha only,False
internal/H_AF_domain/H_AF_domain_mode2_plus_rms0.5A.pdb,34631d039fcb676fcd4a27b9ec3668ebd52126a42cb7654d49b210b9c06f56e5,45466,C-alpha only,False
internal/H_AF_domain/H_AF_domain_mode2_plus_rms1A.pdb,afb40b1bfd9e24071f0f237924f48956ea729a5374c41098f52a9b8f5684eb43,45466,C-alpha only,False
internal/H_AF_domain/static_domain_CA.pdb,33e1f370b0c2d29a1a611885c793ed0d3a68d0975b6ece134e95eda39d06a97a,45373,C-alpha only,False
internal/H_AF_full_chainA/static_domain_CA.pdb,61a588e81d82a189c568c6265802dd23a70ce99bc96a4fd2a06b980aa91c2b81,62439,C-alpha only,False
internal/M_PUB_ALL_domain/M_PUB_ALL_domain_mode1_minus_rms0.25A.pdb,036e4554cf982c2b98870c34657a7e51821865940de3a2f9d331f3aef35100ca,45713,C-alpha only,False
internal/M_PUB_ALL_domain/M_PUB_ALL_domain_mode1_minus_rms0.5A.pdb,aa820bf1dfc1904863c4cb82935639927f25462f59e39aa2af42e0f3fde62f5d,45712,C-alpha only,False
internal/M_PUB_ALL_domain/M_PUB_ALL_domain_mode1_minus_rms1A.pdb,b1e5aa731296dd06296c8ff3fe8f507d3a1e880e3e0ba890d2d052488824b361,45712,C-alpha only,False
internal/M_PUB_ALL_domain/M_PUB_ALL_domain_mode1_plus_rms0.25A.pdb,62552cecdc60e03923ab3d9ea057b3a8f74934b4c209170ffbd7e090a2a09833,45713,C-alpha only,False
internal/M_PUB_ALL_domain/M_PUB_ALL_domain_mode1_plus_rms0.5A.pdb,124284c5c927b35945ddc380f97a3fb5528b90e9286c06205f64685dbca122c1,45712,C-alpha only,False
internal/M_PUB_ALL_domain/M_PUB_ALL_domain_mode1_plus_rms1A.pdb,c2be4c66e129620ff7c85d8cdcd49a4a64b60346ad32c7e08d0f8d2c5faff78a,45712,C-alpha only,False
internal/M_PUB_ALL_domain/M_PUB_ALL_domain_mode2_minus_rms0.25A.pdb,cb4b7940ce3254f9152a999f2b6e29fad40562b4257ba276be51c8b1323da90c,45713,C-alpha only,False
internal/M_PUB_ALL_domain/M_PUB_ALL_domain_mode2_minus_rms0.5A.pdb,b298cf03a439d7d7f73520ae8a0411e7769bcf84aec673dba0cadce44f558061,45712,C-alpha only,False
internal/M_PUB_ALL_domain/M_PUB_ALL_domain_mode2_minus_rms1A.pdb,169a144a0fedd2e4ab34be0cbffd1819e6d1894c6cae2181b47b7949332916e8,45712,C-alpha only,False
internal/M_PUB_ALL_domain/M_PUB_ALL_domain_mode2_plus_rms0.25A.pdb,68ddc58e127f327c6f9f318c10353046f1ad0b55bde58516b35948bf26554339,45713,C-alpha only,False
internal/M_PUB_ALL_domain/M_PUB_ALL_domain_mode2_plus_rms0.5A.pdb,5be6f46b7a0175134433a84fc8724266cbe8eb4472e2b0a5492242737a832ccd,45712,C-alpha only,False
internal/M_PUB_ALL_domain/M_PUB_ALL_domain_mode2_plus_rms1A.pdb,6bc30a2a5143b4404b19c902c482f11b5c79bdf27b6dfc54841c5518b3b12a4d,45712,C-alpha only,False
internal/M_PUB_ALL_domain/static_domain_CA.pdb,f0b9a9c8053de93484945ada9f970a7499ab1649d63849556abb95f66eb3ef31,45619,C-alpha only,False
internal/M_PUB_ALL_full_chainA/static_domain_CA.pdb,d00f32d31a6f9941af1abbe00d66b4dbd6397778112c2cbb62a5c5ce8cc77762,54731,C-alpha only,False
