structure_id,cutoff_A,nonzero_mode_1based,eigenvalue_relative_units,inverse_eigenvalue_relative_units,relative_residual
H_AF_domain,15.0,1,0.015286198520390456,65.41848836164775,3.8158024085616914e-17
H_AF_domain,15.0,2,0.04668026396606254,21.42232958937463,4.1515126755104165e-17
H_AF_domain,15.0,3,0.07614190262011039,13.133372894413105,4.511385273354733e-17
H_AF_domain,15.0,4,0.08727758963525323,11.457694972777746,3.446906733709941e-17
H_AF_domain,15.0,5,0.10587220240741319,9.445349933798864,4.20149285452739e-17
H_AF_domain,15.0,6,0.14003851003164922,7.140892885635504,3.8461525356662144e-17
H_AF_domain,15.0,7,0.149480111524139,6.689853183836524,4.124000224480956e-17
H_AF_domain,15.0,8,0.1578431599415744,6.335402816125511,4.3189119324865705e-17
H_AF_domain,15.0,9,0.18487058997515698,5.40918920707929,4.216164445187954e-17
H_AF_domain,15.0,10,0.21845556847380956,4.577589882401598,3.726790187696237e-17
H_AF_domain,15.0,11,0.23468320787236183,4.261063282141065,5.351992371993575e-17
H_AF_domain,15.0,12,0.27951862569505137,3.577579123800422,5.0474932853083655e-17
H_AF_domain,15.0,13,0.3028777154660094,3.3016625157165964,4.188058883131484e-17
H_AF_domain,15.0,14,0.34305356147946287,2.9149967010614044,4.4474587664043494e-17
H_AF_domain,15.0,15,0.35906773364912753,2.7849898676141596,4.65158909556957e-17
H_AF_domain,15.0,16,0.4146436217335894,2.4117095924907415,4.257725732064599e-17
H_AF_domain,15.0,17,0.46963233513559016,2.1293252725268257,4.508401455414074e-17
H_AF_domain,15.0,18,0.4801894749821137,2.0825112837744904,4.42088189418113e-17
H_AF_domain,15.0,19,0.5116393240629498,1.9545018394187477,4.368512276477848e-17
H_AF_domain,15.0,20,0.5273030919363874,1.8964425115122172,4.9498489197897723e-17
H_AF_domain,13.0,1,0.008914463065812487,112.17725539018288,4.09442931631696e-17
H_AF_domain,13.0,2,0.021130787424361773,47.32431309431923,4.3756134443707407e-17
H_AF_domain,13.0,3,0.03298281869864732,30.318815657832534,4.467812036280806e-17
H_AF_domain,13.0,4,0.03712641678612307,26.934999026724686,4.3826674890751623e-17
H_AF_domain,13.0,5,0.04789927473411334,20.877142828382137,4.5836679029159154e-17
H_AF_domain,13.0,6,0.05503684771246504,18.16964527518742,3.917587261674577e-17
H_AF_domain,13.0,7,0.06955872535449548,14.376341643749967,5.231816713902097e-17
H_AF_domain,13.0,8,0.07622784556422012,13.118565697328075,4.17040171679875e-17
H_AF_domain,13.0,9,0.07954652029978224,12.57126014100126,5.258896894794259e-17
H_AF_domain,13.0,10,0.10083870530530951,9.91682704545143,4.845090180415019e-17
H_AF_domain,13.0,11,0.11451322964297908,8.732615463887678,3.9452559783323964e-17
H_AF_domain,13.0,12,0.13703065002845682,7.297637424855917,4.591471364104327e-17
H_AF_domain,13.0,13,0.148170707867749,6.748972279275053,4.923724170174844e-17
H_AF_domain,13.0,14,0.15931998598138464,6.276676424744618,4.5607685418286957e-17
H_AF_domain,13.0,15,0.18571956733301756,5.384462253279319,4.800441821189602e-17
H_AF_domain,13.0,16,0.19226194129159532,5.201237401859703,4.109702967434628e-17
H_AF_domain,13.0,17,0.2154919612953586,4.640544333945596,4.548234594662553e-17
H_AF_domain,13.0,18,0.24094294030546606,4.150360241857287,4.599850570925557e-17
H_AF_domain,13.0,19,0.2603671644542172,3.840730078603438,4.995753497387095e-17
H_AF_domain,13.0,20,0.2757235316347771,3.626821381805737,4.895513794377826e-17
H_AF_full_chainA,15.0,1,6.161213964591943e-06,162305.67640515792,5.554357679788417e-17
H_AF_full_chainA,15.0,2,1.860065117242005e-05,53761.55870729628,5.68760513944205e-17
H_AF_full_chainA,15.0,3,0.0001368096951841434,7309.423492640765,5.63177088730644e-17
H_AF_full_chainA,15.0,4,0.00021884791515969215,4569.38325992416,5.2126269704878916e-17
H_AF_full_chainA,15.0,5,0.00042807011468880236,2336.065905294459,4.837340451435928e-17
H_AF_full_chainA,15.0,6,0.0005547951123776362,1802.4672130120048,4.9633102068105484e-17
H_AF_full_chainA,15.0,7,0.0008134907207762241,1229.2703216648995,5.453025045310473e-17
H_AF_full_chainA,15.0,8,0.0011650538404261708,858.3294310537658,4.777250441463171e-17
H_AF_full_chainA,15.0,9,0.0019000487471807952,526.302286445942,4.658482565070679e-17
H_AF_full_chainA,15.0,10,0.002256036636492758,443.25521306897,5.489637681563983e-17
H_AF_full_chainA,15.0,11,0.0027713003812961075,360.8414326895559,4.789185556438979e-17
H_AF_full_chainA,15.0,12,0.002963135970672397,337.48029449120395,5.031072724078209e-17
H_AF_full_chainA,15.0,13,0.0036407732042003068,274.6669303230189,5.0313060569815607e-17
H_AF_full_chainA,15.0,14,0.004238636530531933,235.9249236863685,4.8297811448184665e-17
H_AF_full_chainA,15.0,15,0.005218580097473617,191.62300497871308,5.3155015885905047e-17
H_AF_full_chainA,15.0,16,0.0077802623523899545,128.5303701478419,4.8158167372845637e-17
H_AF_full_chainA,15.0,17,0.008779242771770942,113.9050401038495,5.583565824458149e-17
H_AF_full_chainA,15.0,18,0.011407668137525596,87.66033407918782,5.58521740157931e-17
H_AF_full_chainA,15.0,19,0.015221308818430394,65.69737280339332,4.934314701600704e-17
H_AF_full_chainA,15.0,20,0.015287265097701985,65.41392417864999,4.109188656157211e-17
M_PUB_ALL_domain,15.0,1,0.01134282573357576,88.16145319414652,4.677327180733433e-17
M_PUB_ALL_domain,15.0,2,0.01461341815156629,68.43025975362364,5.247765971512915e-17
M_PUB_ALL_domain,15.0,3,0.03585770247244461,27.888010972495103,5.15974185123012e-17
M_PUB_ALL_domain,15.0,4,0.04973836858721514,20.105203053584717,5.1775373501140424e-17
M_PUB_ALL_domain,15.0,5,0.07065831155280047,14.15261669892487,5.0903724607112325e-17
M_PUB_ALL_domain,15.0,6,0.07567737350094357,13.213989251193182,4.985656830511932e-17
M_PUB_ALL_domain,15.0,7,0.07868041417095376,12.709643315136073,4.6133381749729805e-17
M_PUB_ALL_domain,15.0,8,0.09144815176165287,10.935158127704577,4.3866834715534694e-17
M_PUB_ALL_domain,15.0,9,0.10616889525422268,9.418954559200113,5.154245797287301e-17
M_PUB_ALL_domain,15.0,10,0.11654198989855535,8.580598296549216,4.5051572771995586e-17
M_PUB_ALL_domain,15.0,11,0.12441320124001565,8.037732250541632,4.2761697031335487e-17
M_PUB_ALL_domain,15.0,12,0.13675583410310987,7.312302298167619,4.045209144887064e-17
M_PUB_ALL_domain,15.0,13,0.14635814370519076,6.832554545200438,4.562475876169424e-17
M_PUB_ALL_domain,15.0,14,0.1646319364841555,6.074155606474579,5.35785291769265e-17
M_PUB_ALL_domain,15.0,15,0.179973669758921,5.556368336210089,5.054259396358911e-17
M_PUB_ALL_domain,15.0,16,0.1924168399060562,5.1970503230810285,5.104077357479254e-17
M_PUB_ALL_domain,15.0,17,0.21510877144534507,4.648810893581253,4.3696582074814997e-17
M_PUB_ALL_domain,15.0,18,0.24534320985355396,4.075922869831624,4.003212769409026e-17
M_PUB_ALL_domain,15.0,19,0.2800586753205759,3.570680318527273,4.173322210271333e-17
M_PUB_ALL_domain,15.0,20,0.2840294950968003,3.520761108486952,4.90482559525028e-17
M_PUB_ALL_domain,13.0,1,0.006289161418536478,159.0037102645563,5.753365269969086e-17
M_PUB_ALL_domain,13.0,2,0.007321254179048449,136.58861931904283,4.0032900964110524e-17
M_PUB_ALL_domain,13.0,3,0.015570411325016683,64.22437912050012,4.687583934114678e-17
M_PUB_ALL_domain,13.0,4,0.02395782692281949,41.74001269904468,4.825205898999662e-17
M_PUB_ALL_domain,13.0,5,0.03307767195772641,30.231873672307106,4.801770454704391e-17
M_PUB_ALL_domain,13.0,6,0.03377346288326351,29.60904552359514,4.5560490063781986e-17
M_PUB_ALL_domain,13.0,7,0.03909235136622422,25.580451547460502,5.005915109492824e-17
M_PUB_ALL_domain,13.0,8,0.04651249087095726,21.499601102301046,4.501650287847995e-17
M_PUB_ALL_domain,13.0,9,0.04814965273695892,20.76858176865761,4.3562927930154674e-17
M_PUB_ALL_domain,13.0,10,0.05347021450182626,18.702000904930824,4.882197209081687e-17
M_PUB_ALL_domain,13.0,11,0.060947773099533795,16.407490366660326,4.677860197613719e-17
M_PUB_ALL_domain,13.0,12,0.06180669489976467,16.17947702302728,3.740691370940545e-17
M_PUB_ALL_domain,13.0,13,0.06970175896157822,14.346840236144272,4.4022325303308906e-17
M_PUB_ALL_domain,13.0,14,0.08260945282179434,12.1051522052471,5.446046960497132e-17
M_PUB_ALL_domain,13.0,15,0.08715909134360768,11.473272433023602,4.8042152131621637e-17
M_PUB_ALL_domain,13.0,16,0.0961295021478511,10.402633714486102,4.721602318292783e-17
M_PUB_ALL_domain,13.0,17,0.11447351485882686,8.735645107370368,4.4919328456478566e-17
M_PUB_ALL_domain,13.0,18,0.11735105467685814,8.521440244006618,4.021071981841717e-17
M_PUB_ALL_domain,13.0,19,0.14353124156233246,6.967124293742851,4.706244281002458e-17
M_PUB_ALL_domain,13.0,20,0.1438469173267974,6.9518347600606445,4.480239587130345e-17
M_PUB_ALL_full_chainA,15.0,1,3.8905836758020364e-05,25703.084249790667,5.909485732247646e-17
M_PUB_ALL_full_chainA,15.0,2,0.0001759300020417354,5684.078829049139,5.112486253349274e-17
M_PUB_ALL_full_chainA,15.0,3,0.0003538418737890199,2826.12114075638,4.4811699749890944e-17
M_PUB_ALL_full_chainA,15.0,4,0.0006862223879010317,1457.2535341767687,5.060352227981628e-17
M_PUB_ALL_full_chainA,15.0,5,0.0019897459250811256,502.57672971951337,4.310550633707602e-17
M_PUB_ALL_full_chainA,15.0,6,0.008692067840163244,115.04742236126164,4.726641910370586e-17
M_PUB_ALL_full_chainA,15.0,7,0.011096393569356414,90.11937020344887,4.4672762756347675e-17
M_PUB_ALL_full_chainA,15.0,8,0.012004924116457824,83.29915210618259,5.085040126080848e-17
M_PUB_ALL_full_chainA,15.0,9,0.015603467437708952,64.08831908626263,4.135576846797682e-17
M_PUB_ALL_full_chainA,15.0,10,0.019764437056262532,50.595926266624495,5.2610023482260586e-17
M_PUB_ALL_full_chainA,15.0,11,0.03769706924779372,26.527261136050424,5.1730948010590794e-17
M_PUB_ALL_full_chainA,15.0,12,0.04512285175876292,22.161719860841878,4.2504459582528416e-17
M_PUB_ALL_full_chainA,15.0,13,0.05458628866925247,18.319618797664898,4.1768123367592993e-17
M_PUB_ALL_full_chainA,15.0,14,0.07372035067993797,13.564775408374949,4.2248114922750577e-17
M_PUB_ALL_full_chainA,15.0,15,0.07560133662151333,13.227279366849675,5.030245215268127e-17
M_PUB_ALL_full_chainA,15.0,16,0.07900699706987604,12.657106801763032,4.388220301571844e-17
M_PUB_ALL_full_chainA,15.0,17,0.08528707108998418,11.725106598454131,4.345058180293564e-17
M_PUB_ALL_full_chainA,15.0,18,0.08987590948658614,11.126452079455715,3.6497747555906474e-17
M_PUB_ALL_full_chainA,15.0,19,0.09434016197549272,10.59993940078008,5.0726987555806474e-17
M_PUB_ALL_full_chainA,15.0,20,0.10204287003971677,9.799802765355222,4.1239584030290304e-17
