stage,item,specification,quantity_low,quantity_high,unit_price_low_CNY,unit_price_high_CNY,unit,basis,price_status,caveat,subtotal_low_CNY,subtotal_high_CNY
B1,候选试剂,3种×每种一瓶，拟5 mg；依实耗向上选最小包装,3,3,500,2500,瓶,内部占位估算，最终候选未定；非厂商报价,待询价,候选不足3种则按实际数量缩减；难合成/受限/进口特殊品另评,1500,7500
B1,药理参照,平台已验证MET药理参照（身份待核），拟5 mg,1,1,500,2000,瓶,P03只核规格，本人民币范围为内部估算,待询价,非TMC1特异；母体/盐MW分别核；不得以库存字样承诺可购买,500,2000
B1,身份辅助检测,3候选+1参照；LC-MS按项目确认方法,4,4,200,600,样,P02校外简单进样/组分定性锚点；非完整纯度验证报价,公共价格锚点,纯度或结构确证需要HPLC/NMR时另报价；避免重复已有合格COA,800,2400
B1,培养与一般耗材,适用于已有合格细胞路线的短期试剂/培养板/缓冲消耗,1,1,1500,4000,阶段,用量待平台SOP核对，内部预留,内部估算,不含从零建系、动物获取、专职人员工资,1500,4000
B1,损伤/干扰检测材料,C0038 500次 + C0018M 500次规格锚点,1,1,1040,1400,组合,P01网页展示352+688=1040；上沿预留实际价格变化,公共价格锚点+预留,两试剂均非TMC1功能证据；若干扰共享，改正交试剂并重估,1040,1400
B1,读板机时,无细胞干扰与损伤辅助读数,4,8,40,100,小时,P02两类读板收费锚点,公共价格锚点,并非每台均满足所需波长/模式,160,800
B1,成像机时,细胞状态/定位资料，是否必要由平台确认,4,8,300,400,小时,P04校外普通/活细胞共聚焦锚点,公共价格锚点,可省则不使用；不自动包括动物染料功能测定,1200,3200
B1,专业操作服务,配液/平台质控/操作支持,10,20,100,200,小时,服务费内部假设；没有公开TMC1代测报价,待询价,平台套餐已含人工时必须减去，不能重复计费,1000,4000
B1,物流与低温包装,合并寄送情景,1,1,300,800,阶段,目的地/温控/合并订单未知，内部估算,待询价,税费按正式报价是否含税另核,300,800
B2,功能膜片钳机时,已有合格体系内1–3候选探索及优先候选复测,40,80,150,300,小时,P04校外150；P05校外300官方设备收费锚点,公共价格锚点,没有证明平台可做TMC1机械刺激；机时不等于含全套专业服务,6000,24000
B2,电极拉制/耗材,含失败尝试，规划120–240根,120,240,20,20,根,P04校外拉制电极20/根,公共价格锚点,若材料自备并另计机时，按实际口径替换，勿重复,2400,4800
B2,专业操作服务,与上机时分别确认,40,80,100,200,小时,独立劳务服务内部估算，无公开TMC1报价,待询价,机时套餐含操作时删除该行；按平台认可的服务范围核价,4000,16000
B2,功能体系培养与耗材,既有构建/细胞的批次制备,1,1,2000,6000,阶段,按3批以上探索资源先留容量，最终随样本量重估,内部估算,批次数仅规划，不冒充功效分析后的n,2000,6000
B2,药品余量与补充质控,按复测用量补充,1,1,500,2000,阶段,按库存、稳定性、消耗式重新计算,待询价,有足够合格余量时为0,500,2000
B2,伴随损伤/干扰复核耗材,正式暴露时程匹配的辅助检测,1,1,500,1500,阶段,内部估算,内部估算,仅辅助排查,500,1500
B2,原始数据存储,增量空间,1,1,0,300,阶段,内部估算,内部估算,已有可用存储则0,0,300
B2,物流,必要时,1,1,200,600,阶段,内部估算,待询价,以实际寄送为准,200,600
B3,匹配构建与序列核查,拟补充2个构建，依现有功能体系设计,2,2,2000,6000,构建,定制/序列服务缺正式报价，内部范围,待询价,按长度、载体、序列核查方式询价；现成获准材料扣除,4000,12000
B3,匹配细胞/转染耗材,已建立背景中的依赖性/比较实验,1,1,3000,10000,阶段,内部估算,内部估算,不含新KO细胞系开发或动物模型,3000,10000
B3,机制比较膜片钳,优先候选背景/亚型/突变比较,50,100,150,300,小时,P04/P05设备机时锚点,公共价格锚点,背景基线不可比则不进行机械比值比较,7500,30000
B3,电极拉制/耗材,规划150–300根,150,300,20,20,根,P04校外收费锚点,公共价格锚点,保留成功/失败尝试分母,3000,6000
B3,专业操作服务,与设备服务独立核价,50,100,100,200,小时,内部劳务假设，待询价,待询价,含人工套餐不得重复计,5000,20000
B3,表达/定位质控材料,转染效率、表达与膜定位等必要质控,1,1,5000,15000,阶段,抗体/标签/平台方案未知，内部预留,待询价,根据已验证构建选择，不凭转录量认定功能,5000,15000
B3,表达成像机时,4–8小时,4,8,300,400,小时,P04校外成像锚点,公共价格锚点,已包含于套餐则删除,1200,3200
B3,物流,必要时,1,1,300,1000,阶段,内部估算,待询价,实际核销,300,1000
