split_seed,train_n,heldout_n,top10pct_n,budget_labels,method,hits,recall
20260929,577,358,36,96,Random,13,0.361111111
20260930,689,246,25,96,Random,10,0.4
20261001,683,252,27,96,Random,10,0.37037037
20261002,727,208,21,96,Random,11,0.523809524
20261003,740,195,20,96,Random,11,0.55
20260929,577,358,36,96,MW only,30,0.833333333
20260930,689,246,25,96,MW only,21,0.84
20261001,683,252,27,96,MW only,23,0.851851852
20261002,727,208,21,96,MW only,20,0.952380952
20261003,740,195,20,96,MW only,20,1.0
20260929,577,358,36,96,Ridge,33,0.916666667
20260930,689,246,25,96,Ridge,25,1.0
20261001,683,252,27,96,Ridge,26,0.962962963
20261002,727,208,21,96,Ridge,21,1.0
20261003,740,195,20,96,Ridge,20,1.0
20260929,577,358,36,96,ExtraTrees static,33,0.916666667
20260930,689,246,25,96,ExtraTrees static,25,1.0
20261001,683,252,27,96,ExtraTrees static,23,0.851851852
20261002,727,208,21,96,ExtraTrees static,20,0.952380952
20261003,740,195,20,96,ExtraTrees static,20,1.0
20260929,577,358,36,96,ExtraTrees active,36,1.0
20260930,689,246,25,96,ExtraTrees active,25,1.0
20261001,683,252,27,96,ExtraTrees active,25,0.925925926
20261002,727,208,21,96,ExtraTrees active,20,0.952380952
20261003,740,195,20,96,ExtraTrees active,20,1.0
