human_pos,human_aa,mouse_pos,mouse_aa,human_TM,proposed_worm_pos,proposed_worm_aa,old_worm_pos,BLOSUM62_all5_configs_options
414,S,408,S,TM4,400,S,400,"[400, 401]"
417,G,411,G,TM4,403,T,403,"[403, 404]"
418,M,412,M,TM4,404,H,404,"[404, 405]"
449,L,443,L,TM5,435,L,435,[435]
450,L,444,L,TM5,436,Y,436,[436]
453,N,447,N,TM5,439,N,439,[439]
454,L,448,L,TM5,440,Y,443,"[null, 440]"
531,D,528,D,TM6,683,D,606,[683]
534,T,531,T,TM6,686,F,610,[686]
535,T,532,T,TM6,687,T,611,[687]
539,I,536,I,TM6,691,I,641,[691]
582,F,579,F,TM7,734,N,734,[734]
583,N,580,N,TM7,735,N,735,[735]
585,G,582,G,TM7,737,G,737,[737]
604,R,601,R,TM8,756,K,756,[756]
