structure_id,frame_id,mode_1based,direction,declared_CA_RMS_displacement_A,actual_CA_RMS_displacement_A,CA_best_fit_RMSD_A,max_CA_displacement_A,middle_CA_RMS_displacement_A,max_middle_CA_displacement_A,middle_CA_pair_delta_RMS_A,max_middle_CA_pair_delta_abs_A,max_consecutive_CA_distance_delta_abs_A,min_consecutive_CA_distance_A,max_consecutive_CA_distance_A,nonadjacent_CA_pairs_under3A,reference_nonadjacent_CA_pairs_under3A,middle15_CA_min_fixed_box_margin_A,coarse_reference_diagnostic_pass,illustrative_primary_amplitude,eligible_for_full_atom_docking,reason
H_AF_domain,H_AF_domain_mode1_minus_rms0.25A,1,-1,0.25,0.25000000000000017,0.25000000000000056,2.1468322031677514,0.04824538624609205,0.06439494896082751,0.0006606095039291982,0.0018004338878814252,0.05022567980731285,3.074259579581186,3.921801526115389,0,0,5.318713634137669,True,False,False,C-alpha traversal only; full atom reconstruction/relaxation and independent geometry gate not performed
H_AF_domain,H_AF_domain_mode1_plus_rms0.25A,1,1,0.25,0.25000000000000017,0.2500000000000005,2.1468322031677514,0.04824538624609205,0.06439494896082751,0.0006222093793542331,0.001943872773171762,0.03341799892606634,3.074528130709275,3.9220955876256807,0,0,5.399486365862332,True,False,False,C-alpha traversal only; full atom reconstruction/relaxation and independent geometry gate not performed
H_AF_domain,H_AF_domain_mode1_minus_rms0.5A,1,-1,0.5,0.5000000000000003,0.5000000000000027,4.293664406335503,0.0964907724921841,0.12878989792165502,0.0013726875173032723,0.0034573652636105123,0.12091391029331344,3.0741992639487004,3.974766349987557,0,0,5.278327268275337,True,True,False,C-alpha traversal only; full atom reconstruction/relaxation and independent geometry gate not performed
H_AF_domain,H_AF_domain_mode1_plus_rms0.5A,1,1,0.5,0.5000000000000003,0.4999999999999992,4.293664406335503,0.0964907724921841,0.12878989792165502,0.001220736022428047,0.00403111577791293,0.09439863707965523,3.074736353285379,3.961294168241471,0,0,5.439872731724664,True,True,False,C-alpha traversal only; full atom reconstruction/relaxation and independent geometry gate not performed
H_AF_domain,H_AF_domain_mode1_minus_rms1A,1,-1,1.0,1.0000000000000007,0.9999999999999993,8.587328812671005,0.1929815449843682,0.25757979584331003,0.002994527953527487,0.0066428571836070205,0.39383436114414927,3.0742265670576137,4.231048063819568,0,0,5.197554536550674,False,False,False,C-alpha traversal only; full atom reconstruction/relaxation and independent geometry gate not performed
H_AF_domain,H_AF_domain_mode1_plus_rms1A,1,1,1.0,1.0000000000000007,1.0000000000000007,8.587328812671005,0.1929815449843682,0.25757979584331003,0.002411405800977918,0.008635412806237142,0.34320307041774933,3.075300642393641,4.186925547887707,0,0,5.520645463449327,False,False,False,C-alpha traversal only; full atom reconstruction/relaxation and independent geometry gate not performed
H_AF_domain,H_AF_domain_mode2_minus_rms0.25A,2,-1,0.25,0.25,0.2500000000000018,2.2593015916750563,0.05282552361314011,0.08265470442853778,0.002961163620994031,0.008510876228118747,0.08391074933251375,3.0747314021556305,3.9639282750661287,0,0,5.376112135433013,True,False,False,C-alpha traversal only; full atom reconstruction/relaxation and independent geometry gate not performed
H_AF_domain,H_AF_domain_mode2_plus_rms0.25A,2,1,0.25,0.25,0.25000000000000094,2.2593015916750563,0.05282552361314011,0.08265470442853778,0.002880286831594917,0.00836263735160081,0.11428465155818168,3.0740257881769697,3.943950694439729,0,0,5.342087864566988,True,False,False,C-alpha traversal only; full atom reconstruction/relaxation and independent geometry gate not performed
H_AF_domain,H_AF_domain_mode2_minus_rms0.5A,2,-1,0.5,0.5,0.4999999999999989,4.518603183350113,0.10565104722628021,0.16530940885707557,0.006007180781591061,0.017169715931629526,0.2313111764058724,3.07511237722832,4.111328702139487,0,0,5.393124270866027,False,True,False,C-alpha traversal only; full atom reconstruction/relaxation and independent geometry gate not performed
H_AF_domain,H_AF_domain_mode2_plus_rms0.5A,2,1,0.5,0.5,0.49999999999999806,4.518603183350113,0.10565104722628021,0.16530940885707557,0.0056839096954151855,0.016576764556262447,0.28325880739720466,3.073701162203809,4.112924850278752,0,0,5.3250757291339745,False,True,False,C-alpha traversal only; full atom reconstruction/relaxation and independent geometry gate not performed
H_AF_domain,H_AF_domain_mode2_minus_rms1A,2,-1,1.0,1.0,0.9999999999999991,9.037206366700225,0.21130209445256043,0.33061881771415114,0.01236854288991147,0.034930163761799804,0.7200401491257384,3.0759306286523187,4.607639408308711,0,0,5.427148541732052,False,False,False,C-alpha traversal only; full atom reconstruction/relaxation and independent geometry gate not performed
H_AF_domain,H_AF_domain_mode2_plus_rms1A,2,1,1.0,1.0,0.9999999999999993,9.037206366700225,0.21130209445256043,0.33061881771415114,0.011079226418123181,0.03255842434812628,0.7714342976362669,3.0731083020586714,4.609313269151651,0,0,5.2910514582679475,False,False,False,C-alpha traversal only; full atom reconstruction/relaxation and independent geometry gate not performed
M_PUB_ALL_domain,M_PUB_ALL_domain_mode1_minus_rms0.25A,1,-1,0.25,0.25000000000000006,0.24999999999999908,2.0688485086523194,0.05670500964161675,0.07425089798143242,0.0010018401657926523,0.0030487035003865515,0.04387443831987747,2.987087294482821,3.9996668272013474,0,0,5.375694940007172,True,False,False,C-alpha traversal only; full atom reconstruction/relaxation and independent geometry gate not performed
M_PUB_ALL_domain,M_PUB_ALL_domain_mode1_plus_rms0.25A,1,1,0.25,0.25000000000000006,0.2500000000000008,2.0688485086523194,0.05670500964161675,0.07425089798143242,0.0009735591890101132,0.0032258095017692057,0.04431049106052276,2.9872441922219357,3.9997599852882004,0,0,5.466505059992828,True,False,False,C-alpha traversal only; full atom reconstruction/relaxation and independent geometry gate not performed
M_PUB_ALL_domain,M_PUB_ALL_domain_mode1_minus_rms0.5A,1,-1,0.5,0.5000000000000001,0.5000000000000003,4.137697017304639,0.1134100192832335,0.14850179596286484,0.0020452176465218,0.005920183954472691,0.1320894399127659,2.987094303591,4.001053410157469,0,0,5.330289880014345,True,True,False,C-alpha traversal only; full atom reconstruction/relaxation and independent geometry gate not performed
M_PUB_ALL_domain,M_PUB_ALL_domain_mode1_plus_rms0.5A,1,1,0.5,0.5000000000000001,0.4999999999999995,4.137697017304639,0.1134100192832335,0.14850179596286484,0.0019328723466917248,0.006628601272799628,0.1037909105572985,2.9874080900927753,3.9998183144179063,0,0,5.511910119985657,True,True,False,C-alpha traversal only; full atom reconstruction/relaxation and independent geometry gate not performed
M_PUB_ALL_domain,M_PUB_ALL_domain_mode1_minus_rms1A,1,-1,1.0,1.0000000000000002,0.9999999999999998,8.275394034609278,0.226820038566467,0.29700359192572967,0.004304474082823438,0.011131041112985685,0.43342054733657376,2.987279235757711,4.225421206619215,0,0,5.239479760028688,False,False,False,C-alpha traversal only; full atom reconstruction/relaxation and independent geometry gate not performed
M_PUB_ALL_domain,M_PUB_ALL_domain_mode1_plus_rms1A,1,1,1.0,1.0000000000000002,1.0000000000000009,8.275394034609278,0.226820038566467,0.29700359192572967,0.0038669706125225092,0.013964603400923536,0.34480574818582266,2.9879067369650434,4.229148034854186,0,0,5.602720239971314,False,False,False,C-alpha traversal only; full atom reconstruction/relaxation and independent geometry gate not performed
M_PUB_ALL_domain,M_PUB_ALL_domain_mode2_minus_rms0.25A,2,-1,0.25,0.25000000000000006,0.25000000000000283,1.301938686006441,0.08625481822481772,0.13145454053715885,0.0009440384439888925,0.004504908331622204,0.07618762026539638,2.9870505162894228,3.999189658680335,0,0,5.3423974312909195,True,False,False,C-alpha traversal only; full atom reconstruction/relaxation and independent geometry gate not performed
M_PUB_ALL_domain,M_PUB_ALL_domain_mode2_plus_rms0.25A,2,1,0.25,0.25000000000000006,0.2500000000000005,1.301938686006441,0.08625481822481772,0.13145454053715885,0.0008097966972476876,0.004025787375631751,0.0851992495093441,2.9872805047636986,4.019104308687567,0,0,5.499802568709082,True,False,False,C-alpha traversal only; full atom reconstruction/relaxation and independent geometry gate not performed
M_PUB_ALL_domain,M_PUB_ALL_domain_mode2_minus_rms0.5A,2,-1,0.5,0.5000000000000001,0.5000000000000002,2.603877372012882,0.17250963644963543,0.2629090810743177,0.0021709949439754745,0.009488549175152627,0.14281715863521738,2.987020283616435,4.016009599227811,0,0,5.263694862581836,True,True,False,C-alpha traversal only; full atom reconstruction/relaxation and independent geometry gate not performed
M_PUB_ALL_domain,M_PUB_ALL_domain_mode2_plus_rms0.5A,2,1,0.5,0.5000000000000001,0.5000000000000021,2.603877372012882,0.17250963644963543,0.2629090810743177,0.0016822209799363386,0.007572106308643356,0.17884716547114987,2.987480247514395,4.09120054930549,0,0,5.578505137418164,True,True,False,C-alpha traversal only; full atom reconstruction/relaxation and independent geometry gate not performed
M_PUB_ALL_domain,M_PUB_ALL_domain_mode2_minus_rms1A,2,-1,1.0,1.0000000000000002,1.0,5.207754744025764,0.34501927289927087,0.5258181621486354,0.005784080977211708,0.020890270852905957,0.2968157016808224,2.987129349977451,4.210927673975962,0,0,5.106289725163673,False,False,False,C-alpha traversal only; full atom reconstruction/relaxation and independent geometry gate not performed
M_PUB_ALL_domain,M_PUB_ALL_domain_mode2_plus_rms1A,2,1,1.0,1.0000000000000002,1.0000000000000007,5.207754744025764,0.34501927289927087,0.5258181621486354,0.004288779108867479,0.013225154567301445,0.3892326210016712,2.9880491733908974,4.301586004836011,0,0,5.735910274836328,False,False,False,C-alpha traversal only; full atom reconstruction/relaxation and independent geometry gate not performed
