frozen_rank,compound_id,selection,proxy_pred_kcal_mol,sa_score,SA_le4,preparation_status,preparation_failure,actual_score_kcal_mol,independent_qc_pass,middle_contact_4A,closest_middle_A,frozen_score_threshold,score_threshold_pass,joint_pass,original40_joint_result,pose_sha256,log_sha256,started_utc,finished_utc
1,GEN_DZAWWYSIECDRMJ,cached_ExtraTrees_only_no_retraining,-7.003196,4.727,False,blocked,3D SDF stable identity/stereo mismatch; raw SDF retained,,not_docked,,,-8.07960033416748,False,False,0/40 unchanged,,,,
2,GEN_MXEVTEPPWHDMMK,cached_ExtraTrees_only_no_retraining,-6.993585,2.186,True,prepared,,-5.553,True,True,3.182,-8.07960033416748,False,False,0/40 unchanged,96fc5bf13fe39b9fd411d1e1c2aa1776f8ae10e81f69db3e250fd2be2b361c6b,e93bdeaa4ed46d77afcee0247cb9dc9826bf155ecb7b825a84cbad5b95933066,2026-09-30T10:48:16.363157+00:00,2026-09-30T10:49:15.788002+00:00
3,GEN_MZINFKXFDUJXKN,cached_ExtraTrees_only_no_retraining,-6.990167,1.891,True,prepared,,-5.911,True,True,3.527,-8.07960033416748,False,False,0/40 unchanged,e2547d2cb5e9babb6475dce8ecef3fc0244e94693bba6452353363cbe7431f70,3f8901394b76f6fc3b24fc633955de1f84e317ee3383f62ca8956b75671e4944,2026-09-30T10:48:16.365160+00:00,2026-09-30T10:48:28.357256+00:00
4,GEN_GMELVXXUXAFBRT,cached_ExtraTrees_only_no_retraining,-6.988554,2.39,True,prepared,,-7.315,True,False,5.401,-8.07960033416748,False,False,0/40 unchanged,225067ba1431367313d8577baa31a3afd4c9b90adad7215b2f4d1968e144012d,0f3ec91e65569084d9cb20afdbc93c36992e4524dbb22f52fa68254926a40ded,2026-09-30T10:48:28.359255+00:00,2026-09-30T10:48:36.958084+00:00
5,GEN_MMCYVXCTOYXZNR,cached_ExtraTrees_only_no_retraining,-6.961146,3.055,True,prepared,,-5.182,True,True,3.101,-8.07960033416748,False,False,0/40 unchanged,e6dfda3eb38f25925413b205b7f1d92f09e0d324d823d31b0f061e8908c57e06,7b70f523d41eeb5b896bbe584c40193f238494c3ff2719b690228bf6f4f83515,2026-09-30T10:48:36.959692+00:00,2026-09-30T10:50:18.472290+00:00
6,GEN_VKHGWFHYWMHWQH,cached_ExtraTrees_only_no_retraining,-6.928925,1.575,True,prepared,,-6.935,True,False,7.389,-8.07960033416748,False,False,0/40 unchanged,2c508c596cc301262b8986ee51b042964d68cde97c4ab22f01379e7b00d120ae,8d995ddcc0d15350b2578f7787c5ff52abf33601f017a2d87af1a5aa59ac8714,2026-09-30T10:49:15.790002+00:00,2026-09-30T10:49:31.473067+00:00
7,GEN_SGWFKASVEJFYMJ,cached_ExtraTrees_only_no_retraining,-6.898345,3.777,True,prepared,,-5.479,True,True,3.586,-8.07960033416748,False,False,0/40 unchanged,53a3e092a5d7b2cbd6e83579e9c98745956ddc7e552e2fecb861887df2022020,82ef513d4af507287540c089f39cfd926a1e6e0d5f2c7b70b14e1f715f614a89,2026-09-30T10:49:31.473661+00:00,2026-09-30T10:50:42.537322+00:00
8,GEN_POIOHHCKCDKCNL,cached_ExtraTrees_only_no_retraining,-6.891158,1.899,True,prepared,,-6.671,True,False,6.773,-8.07960033416748,False,False,0/40 unchanged,6ca6530f2dab35481ae5956e999ef02327441b85912757c2064805737fb3d0fe,27fb67cd2c64ab0ec8f74393716d824a9b627ffb35abbf1e11c7546ebd3284aa,2026-09-30T10:50:18.474289+00:00,2026-09-30T10:50:32.831167+00:00
9,GEN_QRDMPGSIPKNLPR,cached_ExtraTrees_only_no_retraining,-6.889773,3.621,True,prepared,,-7.115,True,False,6.926,-8.07960033416748,False,False,0/40 unchanged,6b9cfa9b293b4e938bf3ed75a04600cfda39a781a5c147d7a57cc7f50e439ef2,d090e74246c2d2b9ea205a1fce5c7fd11bf6c412ef71f0ff7a39a78713d25ba7,2026-09-30T10:50:32.833167+00:00,2026-09-30T10:50:48.448991+00:00
10,GEN_FJAATUDLBLEIEO,cached_ExtraTrees_only_no_retraining,-6.877749,4.148,False,prepared,,-5.547,True,True,3.289,-8.07960033416748,False,False,0/40 unchanged,191190362927a617729ab5a29e20bf0e8a6ee7335fda41f7c14021414ada4ab1,92581c47bd530018778f14374847983f392a3e114c4b180c5736eb9ea0ff41e3,2026-09-30T10:50:42.538848+00:00,2026-09-30T10:51:02.966728+00:00
