human_pos,human_aa,mouse_pos,worm_pos,worm_aa,TM,H_X_broad_USalign_CA_deviation_A,M_X_broad_USalign_CA_deviation_A,H_X_local15_Kabsch_CA_deviation_A,M_X_local15_Kabsch_CA_deviation_A
414,S,408,400,S,TM4,2.4354072701804204,5.903661371209704,1.9604855314852496,4.806999856218324
417,G,411,403,T,TM4,2.198577006868132,4.16844406442578,1.4343843422541787,2.780778785108508
418,M,412,404,H,TM4,3.4508670850162324,5.519872488195652,2.6377148020540098,4.26496548621322
449,L,443,435,L,TM5,1.3087612953310985,1.9425106557521823,0.7326231158349554,0.7353559252223543
450,L,444,436,Y,TM5,1.8252337669630567,2.419282803101642,0.7692851639527819,0.7466248212444456
453,N,447,439,N,TM5,1.6151406364120857,2.2781821996305793,0.6896973480205753,1.1745819496441936
454,L,448,440,Y,TM5,1.5560034603864685,2.010884489951547,0.8117867940023912,0.9795771947627878
531,D,528,683,D,TM6,0.3676364066391679,0.9291711747247446,0.6020375127982699,1.483361323540102
534,T,531,686,F,TM6,0.8086213147900634,1.343143519338671,0.771761743155824,1.6634199313988371
535,T,532,687,T,TM6,0.5434578649960389,0.8337365538893766,0.5887330964239526,1.4333272470144751
539,I,536,691,I,TM6,0.9731096269956591,1.056798877403493,0.5847359376584227,1.593425714682193
582,F,579,734,N,TM7,0.776634478377004,1.002464281637824,0.7399332354138327,1.0121866625291367
583,N,580,735,N,TM7,0.7544724952916038,1.0103160182885853,0.5800470594923782,0.7085322109572341
585,G,582,737,G,TM7,0.8071802942726996,1.1783530708012961,0.6369199763000778,0.8259686718424121
604,R,601,756,K,TM8,0.5924848530414066,1.0136089100774317,0.5604870062632693,1.0390566937411587
