chembl_id,name,parent_chembl_id,max_phase,first_approval,withdrawn_flag,black_box_warning,source_smiles,source_standard_inchikey,source_url,screening_status,experimental_activity,clinical_interpretation,canonical_source_smiles,rdkit_inchikey,mw,clogp,tpsa,rotatable_bonds,source_formal_charge,heavy_atoms,stereo_ambiguity,exclusion_reason,rule_smiles,rule_formal_charge,distinct_state_count,murcko_scaffold,scaffold_key,stratum,source_is_rule,protonation_claim,parent_id,selection_order,role,throughput_panel,fixed_refinement_panel,original_fixed96_member,confirmation_priority_rank,selection_scope
CHEMBL36506,NOVOBIOCIN,CHEMBL36506,4.0,1964,True,0,CO[C@@H]1[C@@H](OC(N)=O)[C@@H](O)[C@H](Oc2ccc3c(O)c(NC(=O)c4ccc(O)c(CC=C(C)C)c4)c(=O)oc3c2C)OC1(C)C,YJQPYGGHQPGBLI-KGSXXDOSSA-N,https://www.ebi.ac.uk/chembl/api/data/molecule/CHEMBL36506.json,eligible_not_sampled,,no human TMC1 activity or clinical use inferred from approval metadata,CO[C@@H]1[C@@H](OC(N)=O)[C@@H](O)[C@H](Oc2ccc3c(O)c(NC(=O)c4ccc(O)c(CC=C(C)C)c4)c(=O)oc3c2C)OC1(C)C,YJQPYGGHQPGBLI-KGSXXDOSSA-N,612.632,3.627,200.01,8,0,44,,,CO[C@@H]1[C@@H](OC(N)=O)[C@@H](O)[C@H](Oc2ccc3c([O-])c(NC(=O)c4ccc([O-])c(CC=C(C)C)c4)c(=O)oc3c2C)OC1(C)C,-2,2,O=C(Nc1cc2ccc(OC3CCCCO3)cc2oc1=O)c1ccccc1,O=C(Nc1cc2ccc(OC3CCCCO3)cc2oc1=O)c1ccccc1,q+0_r-2_MWH_RBH,False,deterministic rule representation at pH7.4 precision0; no pKa validation or microstate probabilities,LIB_CHEMBL36506,,candidate_unknown_TMC1_activity,False,False,False,1,"coarse priority24, first12new by frozen score/scaffold/QC rule"
CHEMBL2103870,LUMACAFTOR,CHEMBL2103870,4.0,2015,False,0,Cc1ccc(NC(=O)C2(c3ccc4c(c3)OC(F)(F)O4)CC2)nc1-c1cccc(C(=O)O)c1,UFSKUSARDNFIRC-UHFFFAOYSA-N,https://www.ebi.ac.uk/chembl/api/data/molecule/CHEMBL2103870.json,eligible_not_sampled,,no human TMC1 activity or clinical use inferred from approval metadata,Cc1ccc(NC(=O)C2(c3ccc4c(c3)OC(F)(F)O4)CC2)nc1-c1cccc(C(=O)O)c1,UFSKUSARDNFIRC-UHFFFAOYSA-N,452.413,4.747,97.75,5,0,33,,,Cc1ccc(NC(=O)C2(c3ccc4c(c3)OC(F)(F)O4)CC2)nc1-c1cccc(C(=O)[O-])c1,-1,2,O=C(Nc1cccc(-c2ccccc2)n1)C1(c2ccc3c(c2)OCO3)CC1,O=C(Nc1cccc(-c2ccccc2)n1)C1(c2ccc3c(c2)OCO3)CC1,q+0_r-1_MWH_RBM,False,deterministic rule representation at pH7.4 precision0; no pKa validation or microstate probabilities,LIB_CHEMBL2103870,,candidate_unknown_TMC1_activity,False,False,False,2,"coarse priority24, first12new by frozen score/scaffold/QC rule"
CHEMBL461101,ELTROMBOPAG,CHEMBL461101,4.0,2008,False,1,CC1=NN(c2ccc(C)c(C)c2)C(=O)/C1=N\Nc1cccc(-c2cccc(C(=O)O)c2)c1O,XDXWLKQMMKQXPV-QYQHSDTDSA-N,https://www.ebi.ac.uk/chembl/api/data/molecule/CHEMBL461101.json,eligible_not_sampled,,no human TMC1 activity or clinical use inferred from approval metadata,CC1=NN(c2ccc(C)c(C)c2)C(=O)/C1=N\Nc1cccc(-c2cccc(C(=O)O)c2)c1O,XDXWLKQMMKQXPV-QYQHSDTDSA-N,442.475,4.565,114.59,5,0,33,,,CC1=NN(c2ccc(C)c(C)c2)C(=O)/C1=N\Nc1cccc(-c2cccc(C(=O)[O-])c2)c1[O-],-2,2,O=C1C(=NNc2cccc(-c3ccccc3)c2)C=NN1c1ccccc1,O=C1C(=NNc2cccc(-c3ccccc3)c2)C=NN1c1ccccc1,q+0_r-2_MWM_RBM,False,deterministic rule representation at pH7.4 precision0; no pKa validation or microstate probabilities,LIB_CHEMBL461101,,candidate_unknown_TMC1_activity,False,False,False,4,"coarse priority24, first12new by frozen score/scaffold/QC rule"
CHEMBL1983268,ENTRECTINIB,CHEMBL1983268,4.0,2019,False,0,CN1CCN(c2ccc(C(=O)Nc3n[nH]c4ccc(Cc5cc(F)cc(F)c5)cc34)c(NC3CCOCC3)c2)CC1,HAYYBYPASCDWEQ-UHFFFAOYSA-N,https://www.ebi.ac.uk/chembl/api/data/molecule/CHEMBL1983268.json,eligible_not_sampled,,no human TMC1 activity or clinical use inferred from approval metadata,CN1CCN(c2ccc(C(=O)Nc3n[nH]c4ccc(Cc5cc(F)cc(F)c5)cc34)c(NC3CCOCC3)c2)CC1,HAYYBYPASCDWEQ-UHFFFAOYSA-N,560.649,5.027,85.52,7,0,41,,,C[NH+]1CCN(c2ccc(C(=O)Nc3n[n-]c4ccc(Cc5cc(F)cc(F)c5)cc34)c([NH2+]C3CCOCC3)c2)CC1,1,2,O=C(Nc1n[nH]c2ccc(Cc3ccccc3)cc12)c1ccc(N2CCNCC2)cc1NC1CCOCC1,O=C(Nc1n[nH]c2ccc(Cc3ccccc3)cc12)c1ccc(N2CCNCC2)cc1NC1CCOCC1,q+0_r+1_MWH_RBM,False,deterministic rule representation at pH7.4 precision0; no pKa validation or microstate probabilities,LIB_CHEMBL1983268,,candidate_unknown_TMC1_activity,False,False,False,5,"coarse priority24, first12new by frozen score/scaffold/QC rule"
CHEMBL44657,ETOPOSIDE,CHEMBL44657,4.0,1983,False,1,COc1cc([C@@H]2c3cc4c(cc3[C@@H](O[C@@H]3O[C@@H]5CO[C@@H](C)O[C@H]5[C@H](O)[C@H]3O)[C@H]3COC(=O)[C@H]23)OCO4)cc(OC)c1O,VJJPUSNTGOMMGY-MRVIYFEKSA-N,https://www.ebi.ac.uk/chembl/api/data/molecule/CHEMBL44657.json,eligible_not_sampled,,no human TMC1 activity or clinical use inferred from approval metadata,COc1cc([C@@H]2c3cc4c(cc3[C@@H](O[C@@H]3O[C@@H]5CO[C@@H](C)O[C@H]5[C@H](O)[C@H]3O)[C@H]3COC(=O)[C@H]23)OCO4)cc(OC)c1O,VJJPUSNTGOMMGY-MRVIYFEKSA-N,588.562,1.339,160.83,5,0,42,,,COc1cc([C@@H]2c3cc4c(cc3[C@@H](O[C@@H]3O[C@@H]5CO[C@@H](C)O[C@H]5[C@H](O)[C@H]3O)[C@H]3COC(=O)[C@H]23)OCO4)cc(OC)c1[O-],-1,2,O=C1OCC2C(OC3CCC4OCOCC4O3)c3cc4c(cc3C(c3ccccc3)C12)OCO4,O=C1OCC2C(OC3CCC4OCOCC4O3)c3cc4c(cc3C(c3ccccc3)C12)OCO4,q+0_r-1_MWH_RBM,False,deterministic rule representation at pH7.4 precision0; no pKa validation or microstate probabilities,LIB_CHEMBL44657,,candidate_unknown_TMC1_activity,False,False,False,6,"coarse priority24, first12new by frozen score/scaffold/QC rule"
CHEMBL4204794,AVAPRITINIB,CHEMBL4204794,4.0,2020,False,0,Cn1cc(-c2cc3c(N4CCN(c5ncc([C@@](C)(N)c6ccc(F)cc6)cn5)CC4)ncnn3c2)cn1,DWYRIWUZIJHQKQ-SANMLTNESA-N,https://www.ebi.ac.uk/chembl/api/data/molecule/CHEMBL4204794.json,eligible_not_sampled,,no human TMC1 activity or clinical use inferred from approval metadata,Cn1cc(-c2cc3c(N4CCN(c5ncc([C@@](C)(N)c6ccc(F)cc6)cn5)CC4)ncnn3c2)cn1,DWYRIWUZIJHQKQ-SANMLTNESA-N,498.57,2.608,106.29,5,0,37,,,Cn1cc(-c2cc3c(N4CCN(c5ncc([C@@](C)([NH3+])c6ccc(F)cc6)cn5)CC4)ncnn3c2)cn1,1,2,c1ccc(Cc2cnc(N3CCN(c4ncnn5cc(-c6cn[nH]c6)cc45)CC3)nc2)cc1,c1ccc(Cc2cnc(N3CCN(c4ncnn5cc(-c6cn[nH]c6)cc45)CC3)nc2)cc1,q+0_r+1_MWH_RBM,False,deterministic rule representation at pH7.4 precision0; no pKa validation or microstate probabilities,LIB_CHEMBL4204794,,candidate_unknown_TMC1_activity,False,False,False,7,"coarse priority24, first12new by frozen score/scaffold/QC rule"
CHEMBL3989868,TUCATINIB,CHEMBL3989868,4.0,2020,False,0,Cc1cc(Nc2ncnc3ccc(NC4=NC(C)(C)CO4)cc23)ccc1Oc1ccn2ncnc2c1,SDEAXTCZPQIFQM-UHFFFAOYSA-N,https://www.ebi.ac.uk/chembl/api/data/molecule/CHEMBL3989868.json,eligible_not_sampled,,no human TMC1 activity or clinical use inferred from approval metadata,Cc1cc(Nc2ncnc3ccc(NC4=NC(C)(C)CO4)cc23)ccc1Oc1ccn2ncnc2c1,SDEAXTCZPQIFQM-UHFFFAOYSA-N,480.532,5.094,110.85,5,0,36,,,Cc1cc(Nc2ncnc3ccc(NC4=[NH+]C(C)(C)CO4)cc23)ccc1Oc1ccn2ncnc2c1,1,2,c1nc(Nc2ccc(Oc3ccn4ncnc4c3)cc2)c2cc(NC3=NCCO3)ccc2n1,c1nc(Nc2ccc(Oc3ccn4ncnc4c3)cc2)c2cc(NC3=NCCO3)ccc2n1,q+0_r+1_MWH_RBM,False,deterministic rule representation at pH7.4 precision0; no pKa validation or microstate probabilities,LIB_CHEMBL3989868,,candidate_unknown_TMC1_activity,False,False,False,8,"coarse priority24, first12new by frozen score/scaffold/QC rule"
CHEMBL4582651,PRALSETINIB,CHEMBL4582651,4.0,2020,False,0,CO[C@]1(C(=O)N[C@@H](C)c2ccc(-n3cc(F)cn3)nc2)CC[C@H](c2nc(C)cc(Nc3cc(C)[nH]n3)n2)CC1,GBLBJPZSROAGMF-RWYJCYHVSA-N,https://www.ebi.ac.uk/chembl/api/data/molecule/CHEMBL4582651.json,eligible_not_sampled,,no human TMC1 activity or clinical use inferred from approval metadata,CO[C@]1(C(=O)N[C@@H](C)c2ccc(-n3cc(F)cn3)nc2)CC[C@H](c2nc(C)cc(Nc3cc(C)[nH]n3)n2)CC1,GBLBJPZSROAGMF-RWYJCYHVSA-N,533.612,4.2,135.53,8,0,39,,,CO[C@]1(C(=O)N[C@@H](C)c2ccc(-n3cc(F)cn3)nc2)CC[C@H](c2nc(C)cc(Nc3cc(C)[n-]n3)n2)CC1,-1,2,O=C(NCc1ccc(-n2cccn2)nc1)C1CCC(c2nccc(Nc3cc[nH]n3)n2)CC1,O=C(NCc1ccc(-n2cccn2)nc1)C1CCC(c2nccc(Nc3cc[nH]n3)n2)CC1,q+0_r-1_MWH_RBH,False,deterministic rule representation at pH7.4 precision0; no pKa validation or microstate probabilities,LIB_CHEMBL4582651,,candidate_unknown_TMC1_activity,False,False,False,11,"coarse priority24, first12new by frozen score/scaffold/QC rule"
CHEMBL254316,RALTEGRAVIR,CHEMBL254316,4.0,2007,False,0,Cc1nnc(C(=O)NC(C)(C)c2nc(C(=O)NCc3ccc(F)cc3)c(O)c(=O)n2C)o1,CZFFBEXEKNGXKS-UHFFFAOYSA-N,https://www.ebi.ac.uk/chembl/api/data/molecule/CHEMBL254316.json,eligible_not_sampled,,no human TMC1 activity or clinical use inferred from approval metadata,Cc1nnc(C(=O)NC(C)(C)c2nc(C(=O)NCc3ccc(F)cc3)c(O)c(=O)n2C)o1,CZFFBEXEKNGXKS-UHFFFAOYSA-N,444.423,0.912,152.24,6,0,32,,,Cc1nnc(C(=O)NC(C)(C)c2nc(C(=O)NCc3ccc(F)cc3)c([O-])c(=O)n2C)o1,-1,2,O=C(NCc1ccccc1)c1cc(=O)[nH]c(CNC(=O)c2nnco2)n1,O=C(NCc1ccccc1)c1cc(=O)[nH]c(CNC(=O)c2nnco2)n1,q+0_r-1_MWM_RBM,False,deterministic rule representation at pH7.4 precision0; no pKa validation or microstate probabilities,LIB_CHEMBL254316,,candidate_unknown_TMC1_activity,False,False,False,12,"coarse priority24, first12new by frozen score/scaffold/QC rule"
CHEMBL1200412,NANDROLONE PHENPROPIONATE,CHEMBL1200412,4.0,1959,False,0,C[C@]12CC[C@H]3[C@@H](CCC4=CC(=O)CC[C@@H]43)[C@@H]1CC[C@@H]2OC(=O)CCc1ccccc1,UBWXUGDQUBIEIZ-QNTYDACNSA-N,https://www.ebi.ac.uk/chembl/api/data/molecule/CHEMBL1200412.json,eligible_not_sampled,,no human TMC1 activity or clinical use inferred from approval metadata,C[C@]12CC[C@H]3[C@@H](CCC4=CC(=O)CC[C@@H]43)[C@@H]1CC[C@@H]2OC(=O)CCc1ccccc1,UBWXUGDQUBIEIZ-QNTYDACNSA-N,406.566,5.673,43.37,4,0,30,,,C[C@]12CC[C@H]3[C@@H](CCC4=CC(=O)CC[C@@H]43)[C@@H]1CC[C@@H]2OC(=O)CCc1ccccc1,0,1,O=C1C=C2CCC3C(CCC4C(OC(=O)CCc5ccccc5)CCC43)C2CC1,O=C1C=C2CCC3C(CCC4C(OC(=O)CCc5ccccc5)CCC43)C2CC1,q+0_r+0_MWM_RBM,True,deterministic rule representation at pH7.4 precision0; no pKa validation or microstate probabilities,LIB_CHEMBL1200412,,candidate_unknown_TMC1_activity,False,False,False,13,"coarse priority24, first12new by frozen score/scaffold/QC rule"
CHEMBL2040682,CICLESONIDE,CHEMBL2040682,4.0,2006,False,0,CC(C)C(=O)OCC(=O)[C@@]12O[C@H](C3CCCCC3)O[C@@H]1C[C@H]1[C@@H]3CCC4=CC(=O)C=C[C@]4(C)[C@H]3[C@@H](O)C[C@@]12C,LUKZNWIVRBCLON-GXOBDPJESA-N,https://www.ebi.ac.uk/chembl/api/data/molecule/CHEMBL2040682.json,eligible_not_sampled,,no human TMC1 activity or clinical use inferred from approval metadata,CC(C)C(=O)OCC(=O)[C@@]12O[C@H](C3CCCCC3)O[C@@H]1C[C@H]1[C@@H]3CCC4=CC(=O)C=C[C@]4(C)[C@H]3[C@@H](O)C[C@@]12C,LUKZNWIVRBCLON-GXOBDPJESA-N,540.697,4.704,99.13,5,0,39,,,CC(C)C(=O)OCC(=O)[C@@]12O[C@H](C3CCCCC3)O[C@@H]1C[C@H]1[C@@H]3CCC4=CC(=O)C=C[C@]4(C)[C@H]3[C@@H](O)C[C@@]12C,0,1,O=C1C=CC2C(=C1)CCC1C2CCC2C1CC1OC(C3CCCCC3)OC12,O=C1C=CC2C(=C1)CCC1C2CCC2C1CC1OC(C3CCCCC3)OC12,q+0_r+0_MWH_RBM,True,deterministic rule representation at pH7.4 precision0; no pKa validation or microstate probabilities,LIB_CHEMBL2040682,,candidate_unknown_TMC1_activity,False,False,False,14,"coarse priority24, first12new by frozen score/scaffold/QC rule"
CHEMBL3894860,TRILACICLIB,CHEMBL3894860,4.0,2021,False,0,CN1CCN(c2ccc(Nc3ncc4cc5n(c4n3)C3(CCCCC3)CNC5=O)nc2)CC1,PDGKHKMBHVFCMG-UHFFFAOYSA-N,https://www.ebi.ac.uk/chembl/api/data/molecule/CHEMBL3894860.json,eligible_not_sampled,,no human TMC1 activity or clinical use inferred from approval metadata,CN1CCN(c2ccc(Nc3ncc4cc5n(c4n3)C3(CCCCC3)CNC5=O)nc2)CC1,PDGKHKMBHVFCMG-UHFFFAOYSA-N,446.559,2.725,91.21,3,0,33,,,C[NH+]1CCN(c2ccc(Nc3ncc4cc5n(c4n3)C3(CCCCC3)CNC5=O)nc2)CC1,1,2,O=C1NCC2(CCCCC2)n2c1cc1cnc(Nc3ccc(N4CCNCC4)cn3)nc12,O=C1NCC2(CCCCC2)n2c1cc1cnc(Nc3ccc(N4CCNCC4)cn3)nc12,q+0_r+1_MWM_RBL,False,deterministic rule representation at pH7.4 precision0; no pKa validation or microstate probabilities,LIB_CHEMBL3894860,,candidate_unknown_TMC1_activity,False,False,False,15,"coarse priority24, first12new by frozen score/scaffold/QC rule"
