representation,family,hit_molecules,denominator_all_attempted,percent_all_attempted,evaluable_molecules,failed_or_incomplete_molecules
primary,pains,552,9098,6.067268,9098,0
primary,pains_A,166,9098,1.824577,9098,0
primary,pains_B,351,9098,3.857991,9098,0
primary,pains_C,42,9098,0.46164,9098,0
primary,brenk,3498,9098,38.448011,9098,0
primary,reactive,447,9098,4.913168,9098,0
sensitivity,pains,649,9098,7.133436,9098,0
sensitivity,pains_A,179,9098,1.967465,9098,0
sensitivity,pains_B,429,9098,4.715322,9098,0
sensitivity,pains_C,49,9098,0.53858,9098,0
sensitivity,brenk,3568,9098,39.21741,9098,0
sensitivity,reactive,447,9098,4.913168,9098,0
union,pains,653,9098,7.177402,9098,0
union,pains_A,182,9098,2.00044,9098,0
union,pains_B,430,9098,4.726313,9098,0
union,pains_C,49,9098,0.53858,9098,0
union,brenk,3626,9098,39.854913,9098,0
union,reactive,447,9098,4.913168,9098,0
