family,rule_id,description_exact,smarts_entry_serialization_exact,min_count,max_count,official_source_exact
PAINS_A,ene_six_het_A(483),True,True,1,4294967295,True
PAINS_A,hzone_phenol_A(479),True,True,1,4294967295,True
PAINS_A,anil_di_alk_A(478),True,True,1,4294967295,True
PAINS_A,indol_3yl_alk(461),True,True,1,4294967295,True
PAINS_A,quinone_A(370),True,True,1,4294967295,True
PAINS_A,azo_A(324),True,True,1,4294967295,True
PAINS_A,imine_one_A(321),True,True,1,4294967295,True
PAINS_A,mannich_A(296),True,True,1,4294967295,True
PAINS_A,anil_di_alk_B(251),True,True,1,4294967295,True
PAINS_A,anil_di_alk_C(246),True,True,1,4294967295,True
PAINS_A,ene_rhod_A(235),True,True,1,4294967295,True
PAINS_A,hzone_phenol_B(215),True,True,1,4294967295,True
PAINS_A,ene_five_het_A(201),True,True,1,4294967295,True
PAINS_A,anil_di_alk_D(198),True,True,1,4294967295,True
PAINS_A,imine_one_isatin(189),True,True,1,4294967295,True
PAINS_A,anil_di_alk_E(186),True,True,1,4294967295,True
PAINS_B,thiaz_ene_A(128),True,True,1,4294967295,True
PAINS_B,pyrrole_A(118),True,True,1,4294967295,True
PAINS_B,catechol_A(92),True,True,1,4294967295,True
PAINS_B,ene_five_het_B(90),True,True,1,4294967295,True
PAINS_B,imine_one_fives(89),True,True,1,4294967295,True
PAINS_B,ene_five_het_C(85),True,True,1,4294967295,True
PAINS_B,hzone_pipzn(79),True,True,1,4294967295,True
PAINS_B,keto_keto_beta_A(68),True,True,1,4294967295,True
PAINS_B,hzone_pyrrol(64),True,True,1,4294967295,True
PAINS_B,ene_one_ene_A(57),True,True,1,4294967295,True
PAINS_B,cyano_ene_amine_A(56),True,True,1,4294967295,True
PAINS_B,ene_five_one_A(55),True,True,1,4294967295,True
PAINS_B,cyano_pyridone_A(54),True,True,1,4294967295,True
PAINS_B,anil_alk_ene(51),True,True,1,4294967295,True
PAINS_B,amino_acridine_A(46),True,True,1,4294967295,True
PAINS_B,ene_five_het_D(46),True,True,1,4294967295,True
PAINS_B,thiophene_amino_Aa(45),True,True,1,4294967295,True
PAINS_B,ene_five_het_E(44),True,True,1,4294967295,True
PAINS_B,sulfonamide_A(43),True,True,1,4294967295,True
PAINS_B,thio_ketone(43),True,True,1,4294967295,True
PAINS_B,sulfonamide_B(41),True,True,1,4294967295,True
PAINS_B,anil_no_alk(40),True,True,1,4294967295,True
PAINS_B,thiophene_amino_Ab(40),True,True,1,4294967295,True
PAINS_B,het_pyridiniums_A(39),True,True,1,4294967295,True
PAINS_B,anthranil_one_A(38),True,True,1,4294967295,True
PAINS_B,cyano_imine_A(37),True,True,1,4294967295,True
PAINS_B,diazox_sulfon_A(36),True,True,1,4294967295,True
PAINS_B,hzone_anil_di_alk(35),True,True,1,4294967295,True
PAINS_B,rhod_sat_A(33),True,True,1,4294967295,True
PAINS_B,hzone_enamin(30),True,True,1,4294967295,True
PAINS_B,pyrrole_B(29),True,True,1,4294967295,True
PAINS_B,thiophene_hydroxy(28),True,True,1,4294967295,True
PAINS_B,cyano_pyridone_B(27),True,True,1,4294967295,True
PAINS_B,imine_one_sixes(27),True,True,1,4294967295,True
PAINS_B,dyes5A(27),True,True,1,4294967295,True
PAINS_B,naphth_amino_A(25),True,True,1,4294967295,True
PAINS_B,naphth_amino_B(25),True,True,1,4294967295,True
PAINS_B,ene_one_ester(24),True,True,1,4294967295,True
PAINS_B,thio_dibenzo(23),True,True,1,4294967295,True
PAINS_B,cyano_cyano_A(23),True,True,1,4294967295,True
PAINS_B,hzone_acyl_naphthol(22),True,True,1,4294967295,True
PAINS_B,het_65_A(21),True,True,1,4294967295,True
PAINS_B,imidazole_A(19),True,True,1,4294967295,True
PAINS_B,ene_cyano_A(19),True,True,1,4294967295,True
PAINS_B,anthranil_acid_A(19),True,True,1,4294967295,True
PAINS_B,dyes3A(19),True,True,1,4294967295,True
PAINS_B,dhp_bis_amino_CN(19),True,True,1,4294967295,True
PAINS_B,het_6_tetrazine(18),True,True,1,4294967295,True
PAINS_B,ene_one_hal(17),True,True,1,4294967295,True
PAINS_B,cyano_imine_B(17),True,True,1,4294967295,True
PAINS_B,thiaz_ene_B(17),True,True,1,4294967295,True
PAINS_B,ene_rhod_B(16),True,True,1,4294967295,True
PAINS_B,thio_carbonate_A(15),True,True,1,4294967295,True
PAINS_B,anil_di_alk_furan_A(15),True,True,1,4294967295,True
PAINS_B,ene_five_het_F(15),True,True,1,4294967295,True
PAINS_C,anil_di_alk_F(14),True,True,1,4294967295,True
PAINS_C,hzone_anil(14),True,True,1,4294967295,True
PAINS_C,het_5_pyrazole_OH(14),True,True,1,4294967295,True
PAINS_C,het_thio_666_A(13),True,True,1,4294967295,True
PAINS_C,styrene_A(13),True,True,1,4294967295,True
PAINS_C,ene_rhod_C(13),True,True,1,4294967295,True
PAINS_C,dhp_amino_CN_A(13),True,True,1,4294967295,True
PAINS_C,cyano_imine_C(12),True,True,1,4294967295,True
PAINS_C,thio_urea_A(12),True,True,1,4294967295,True
PAINS_C,thiophene_amino_B(12),True,True,1,4294967295,True
PAINS_C,keto_keto_beta_B(12),True,True,1,4294967295,True
PAINS_C,keto_phenone_A(11),True,True,1,4294967295,True
PAINS_C,cyano_pyridone_C(11),True,True,1,4294967295,True
PAINS_C,thiaz_ene_C(11),True,True,1,4294967295,True
PAINS_C,hzone_thiophene_A(11),True,True,1,4294967295,True
PAINS_C,ene_quin_methide(10),True,True,1,4294967295,True
PAINS_C,het_thio_676_A(10),True,True,1,4294967295,True
PAINS_C,ene_five_het_G(10),True,True,1,4294967295,True
PAINS_C,acyl_het_A(9),True,True,1,4294967295,True
PAINS_C,anil_di_alk_G(9),True,True,1,4294967295,True
PAINS_C,dhp_keto_A(9),True,True,1,4294967295,True
PAINS_C,thio_urea_B(9),True,True,1,4294967295,True
PAINS_C,anil_alk_bim(9),True,True,1,4294967295,True
PAINS_C,imine_imine_A(9),True,True,1,4294967295,True
PAINS_C,thio_urea_C(9),True,True,1,4294967295,True
PAINS_C,imine_one_fives_B(9),True,True,1,4294967295,True
PAINS_C,dhp_amino_CN_B(9),True,True,1,4294967295,True
PAINS_C,anil_OC_no_alk_A(8),True,True,1,4294967295,True
PAINS_C,het_thio_66_one(8),True,True,1,4294967295,True
PAINS_C,styrene_B(8),True,True,1,4294967295,True
PAINS_C,het_thio_5_A(8),True,True,1,4294967295,True
PAINS_C,anil_di_alk_ene_A(8),True,True,1,4294967295,True
PAINS_C,ene_rhod_D(8),True,True,1,4294967295,True
PAINS_C,ene_rhod_E(8),True,True,1,4294967295,True
PAINS_C,anil_OH_alk_A(8),True,True,1,4294967295,True
PAINS_C,pyrrole_C(8),True,True,1,4294967295,True
PAINS_C,thio_urea_D(8),True,True,1,4294967295,True
PAINS_C,thiaz_ene_D(8),True,True,1,4294967295,True
PAINS_C,ene_rhod_F(8),True,True,1,4294967295,True
PAINS_C,thiaz_ene_E(8),True,True,1,4294967295,True
PAINS_C,het_65_B(7),True,True,1,4294967295,True
PAINS_C,keto_keto_beta_C(7),True,True,1,4294967295,True
PAINS_C,het_66_A(7),True,True,1,4294967295,True
PAINS_C,thio_urea_E(7),True,True,1,4294967295,True
PAINS_C,thiophene_amino_C(7),True,True,1,4294967295,True
PAINS_C,hzone_phenone(7),True,True,1,4294967295,True
PAINS_C,ene_rhod_G(7),True,True,1,4294967295,True
PAINS_C,ene_cyano_B(7),True,True,1,4294967295,True
PAINS_C,dhp_amino_CN_C(7),True,True,1,4294967295,True
PAINS_C,het_5_A(7),True,True,1,4294967295,True
PAINS_C,ene_five_het_H(6),True,True,1,4294967295,True
PAINS_C,thio_amide_A(6),True,True,1,4294967295,True
PAINS_C,ene_cyano_C(6),True,True,1,4294967295,True
PAINS_C,hzone_furan_A(6),True,True,1,4294967295,True
PAINS_C,anil_di_alk_H(6),True,True,1,4294967295,True
PAINS_C,het_65_C(6),True,True,1,4294967295,True
PAINS_C,thio_urea_F(6),True,True,1,4294967295,True
PAINS_C,ene_five_het_I(6),True,True,1,4294967295,True
PAINS_C,keto_keto_gamma(5),True,True,1,4294967295,True
PAINS_C,quinone_B(5),True,True,1,4294967295,True
PAINS_C,het_6_pyridone_OH(5),True,True,1,4294967295,True
PAINS_C,hzone_naphth_A(5),True,True,1,4294967295,True
PAINS_C,thio_ester_A(5),True,True,1,4294967295,True
PAINS_C,ene_misc_A(5),True,True,1,4294967295,True
PAINS_C,cyano_pyridone_D(5),True,True,1,4294967295,True
PAINS_C,het_65_Db(5),True,True,1,4294967295,True
PAINS_C,het_666_A(5),True,True,1,4294967295,True
PAINS_C,diazox_sulfon_B(5),True,True,1,4294967295,True
PAINS_C,anil_NH_alk_A(5),True,True,1,4294967295,True
PAINS_C,sulfonamide_C(5),True,True,1,4294967295,True
PAINS_C,het_thio_N_55(5),True,True,1,4294967295,True
PAINS_C,keto_keto_beta_D(5),True,True,1,4294967295,True
PAINS_C,ene_rhod_H(5),True,True,1,4294967295,True
PAINS_C,imine_ene_A(5),True,True,1,4294967295,True
PAINS_C,het_thio_656a(5),True,True,1,4294967295,True
PAINS_C,pyrrole_D(5),True,True,1,4294967295,True
PAINS_C,pyrrole_E(5),True,True,1,4294967295,True
PAINS_C,thio_urea_G(5),True,True,1,4294967295,True
PAINS_C,anisol_A(5),True,True,1,4294967295,True
PAINS_C,pyrrole_F(5),True,True,1,4294967295,True
PAINS_C,dhp_amino_CN_D(5),True,True,1,4294967295,True
PAINS_C,thiazole_amine_A(4),True,True,1,4294967295,True
PAINS_C,het_6_imidate_A(4),True,True,1,4294967295,True
PAINS_C,anil_OC_no_alk_B(4),True,True,1,4294967295,True
PAINS_C,styrene_C(4),True,True,1,4294967295,True
PAINS_C,azulene(4),True,True,1,4294967295,True
PAINS_C,furan_acid_A(4),True,True,1,4294967295,True
PAINS_C,cyano_pyridone_E(4),True,True,1,4294967295,True
PAINS_C,anil_alk_thio(4),True,True,1,4294967295,True
PAINS_C,anil_di_alk_I(4),True,True,1,4294967295,True
PAINS_C,het_thio_6_furan(4),True,True,1,4294967295,True
PAINS_C,anil_di_alk_ene_B(4),True,True,1,4294967295,True
PAINS_C,imine_one_B(4),True,True,1,4294967295,True
PAINS_C,anil_OC_alk_A(4),True,True,1,4294967295,True
PAINS_C,ene_five_het_J(4),True,True,1,4294967295,True
PAINS_C,pyrrole_G(4),True,True,1,4294967295,True
PAINS_C,ene_five_het_K(4),True,True,1,4294967295,True
PAINS_C,cyano_ene_amine_B(4),True,True,1,4294967295,True
PAINS_C,thio_ester_B(4),True,True,1,4294967295,True
PAINS_C,ene_five_het_L(4),True,True,1,4294967295,True
PAINS_C,hzone_thiophene_B(4),True,True,1,4294967295,True
PAINS_C,dhp_amino_CN_E(4),True,True,1,4294967295,True
PAINS_C,het_5_B(4),True,True,1,4294967295,True
PAINS_C,imine_imine_B(3),True,True,1,4294967295,True
PAINS_C,thiazole_amine_B(3),True,True,1,4294967295,True
PAINS_C,imine_ene_one_A(3),True,True,1,4294967295,True
PAINS_C,diazox_A(3),True,True,1,4294967295,True
PAINS_C,ene_one_A(3),True,True,1,4294967295,True
PAINS_C,anil_OC_no_alk_C(3),True,True,1,4294967295,True
PAINS_C,thiazol_SC_A(3),True,True,1,4294967295,True
PAINS_C,het_666_B(3),True,True,1,4294967295,True
PAINS_C,furan_A(3),True,True,1,4294967295,True
PAINS_C,colchicine_A(3),True,True,1,4294967295,True
PAINS_C,thiophene_C(3),True,True,1,4294967295,True
PAINS_C,anil_OC_alk_B(3),True,True,1,4294967295,True
PAINS_C,het_thio_66_A(3),True,True,1,4294967295,True
PAINS_C,rhod_sat_B(3),True,True,1,4294967295,True
PAINS_C,ene_rhod_I(3),True,True,1,4294967295,True
PAINS_C,keto_thiophene(3),True,True,1,4294967295,True
PAINS_C,imine_imine_C(3),True,True,1,4294967295,True
PAINS_C,het_65_pyridone_A(3),True,True,1,4294967295,True
PAINS_C,thiazole_amine_C(3),True,True,1,4294967295,True
PAINS_C,het_thio_pyr_A(3),True,True,1,4294967295,True
PAINS_C,melamine_A(3),True,True,1,4294967295,True
PAINS_C,anil_NH_alk_B(3),True,True,1,4294967295,True
PAINS_C,rhod_sat_C(3),True,True,1,4294967295,True
PAINS_C,thiophene_amino_D(3),True,True,1,4294967295,True
PAINS_C,anil_OC_alk_C(3),True,True,1,4294967295,True
PAINS_C,het_thio_65_A(3),True,True,1,4294967295,True
PAINS_C,het_thio_656b(3),True,True,1,4294967295,True
PAINS_C,thiazole_amine_D(3),True,True,1,4294967295,True
PAINS_C,thio_urea_H(3),True,True,1,4294967295,True
PAINS_C,cyano_pyridone_F(3),True,True,1,4294967295,True
PAINS_C,rhod_sat_D(3),True,True,1,4294967295,True
PAINS_C,ene_rhod_J(3),True,True,1,4294967295,True
PAINS_C,imine_phenol_A(3),True,True,1,4294967295,True
PAINS_C,thio_carbonate_B(3),True,True,1,4294967295,True
PAINS_C,het_thio_N_5A(3),True,True,1,4294967295,True
PAINS_C,het_thio_N_65A(3),True,True,1,4294967295,True
PAINS_C,anil_di_alk_J(3),True,True,1,4294967295,True
PAINS_C,pyrrole_H(3),True,True,1,4294967295,True
PAINS_C,ene_cyano_D(3),True,True,1,4294967295,True
PAINS_C,cyano_cyano_B(3),True,True,1,4294967295,True
PAINS_C,ene_five_het_M(3),True,True,1,4294967295,True
PAINS_C,cyano_ene_amine_C(3),True,True,1,4294967295,True
PAINS_C,thio_urea_I(3),True,True,1,4294967295,True
PAINS_C,dhp_amino_CN_F(3),True,True,1,4294967295,True
PAINS_C,anthranil_acid_B(3),True,True,1,4294967295,True
PAINS_C,diazox_B(3),True,True,1,4294967295,True
PAINS_C,thio_aldehyd_A(3),True,True,1,4294967295,True
PAINS_C,thio_amide_B(2),True,True,1,4294967295,True
PAINS_C,imidazole_B(2),True,True,1,4294967295,True
PAINS_C,thiazole_amine_E(2),True,True,1,4294967295,True
PAINS_C,thiazole_amine_F(2),True,True,1,4294967295,True
PAINS_C,thio_ester_C(2),True,True,1,4294967295,True
PAINS_C,ene_one_B(2),True,True,1,4294967295,True
PAINS_C,quinone_C(2),True,True,1,4294967295,True
PAINS_C,keto_naphthol_A(2),True,True,1,4294967295,True
PAINS_C,thio_amide_C(2),True,True,1,4294967295,True
PAINS_C,phthalimide_misc(2),True,True,1,4294967295,True
PAINS_C,sulfonamide_D(2),True,True,1,4294967295,True
PAINS_C,anil_NH_alk_C(2),True,True,1,4294967295,True
PAINS_C,het_65_E(2),True,True,1,4294967295,True
PAINS_C,hzide_naphth(2),True,True,1,4294967295,True
PAINS_C,anisol_B(2),True,True,1,4294967295,True
PAINS_C,thio_carbam_ene(2),True,True,1,4294967295,True
PAINS_C,thio_amide_D(2),True,True,1,4294967295,True
PAINS_C,het_65_Da(2),True,True,1,4294967295,True
PAINS_C,thiophene_D(2),True,True,1,4294967295,True
PAINS_C,het_thio_6_ene(2),True,True,1,4294967295,True
PAINS_C,cyano_keto_A(2),True,True,1,4294967295,True
PAINS_C,anthranil_acid_C(2),True,True,1,4294967295,True
PAINS_C,naphth_amino_C(2),True,True,1,4294967295,True
PAINS_C,naphth_amino_D(2),True,True,1,4294967295,True
PAINS_C,thiazole_amine_G(2),True,True,1,4294967295,True
PAINS_C,het_66_B(2),True,True,1,4294967295,True
PAINS_C,coumarin_A(2),True,True,1,4294967295,True
PAINS_C,anthranil_acid_D(2),True,True,1,4294967295,True
PAINS_C,het_66_C(2),True,True,1,4294967295,True
PAINS_C,thiophene_amino_E(2),True,True,1,4294967295,True
PAINS_C,het_6666_A(2),True,True,1,4294967295,True
PAINS_C,sulfonamide_E(2),True,True,1,4294967295,True
PAINS_C,anil_di_alk_K(2),True,True,1,4294967295,True
PAINS_C,het_5_C(2),True,True,1,4294967295,True
PAINS_C,ene_six_het_B(2),True,True,1,4294967295,True
PAINS_C,steroid_A(2),True,True,1,4294967295,True
PAINS_C,het_565_A(2),True,True,1,4294967295,True
PAINS_C,thio_imine_ium(2),True,True,1,4294967295,True
PAINS_C,anthranil_acid_E(2),True,True,1,4294967295,True
PAINS_C,hzone_furan_B(2),True,True,1,4294967295,True
PAINS_C,thiophene_E(2),True,True,1,4294967295,True
PAINS_C,ene_misc_B(2),True,True,1,4294967295,True
PAINS_C,het_thio_5_B(2),True,True,1,4294967295,True
PAINS_C,thiophene_amino_F(2),True,True,1,4294967295,True
PAINS_C,anil_OC_alk_D(2),True,True,1,4294967295,True
PAINS_C,tert_butyl_A(2),True,True,1,4294967295,True
PAINS_C,thio_urea_J(2),True,True,1,4294967295,True
PAINS_C,het_thio_65_B(2),True,True,1,4294967295,True
PAINS_C,coumarin_B(2),True,True,1,4294967295,True
PAINS_C,thio_urea_K(2),True,True,1,4294967295,True
PAINS_C,thiophene_amino_G(2),True,True,1,4294967295,True
PAINS_C,anil_NH_alk_D(2),True,True,1,4294967295,True
PAINS_C,het_thio_5_C(2),True,True,1,4294967295,True
PAINS_C,thio_keto_het(2),True,True,1,4294967295,True
PAINS_C,het_thio_N_5B(2),True,True,1,4294967295,True
PAINS_C,quinone_D(2),True,True,1,4294967295,True
PAINS_C,anil_di_alk_furan_B(2),True,True,1,4294967295,True
PAINS_C,ene_six_het_C(2),True,True,1,4294967295,True
PAINS_C,het_55_A(2),True,True,1,4294967295,True
PAINS_C,het_thio_65_C(2),True,True,1,4294967295,True
PAINS_C,hydroquin_A(2),True,True,1,4294967295,True
PAINS_C,anthranil_acid_F(2),True,True,1,4294967295,True
PAINS_C,pyrrole_I(2),True,True,1,4294967295,True
PAINS_C,thiophene_amino_H(2),True,True,1,4294967295,True
PAINS_C,imine_one_fives_C(2),True,True,1,4294967295,True
PAINS_C,keto_phenone_zone_A(2),True,True,1,4294967295,True
PAINS_C,dyes7A(2),True,True,1,4294967295,True
PAINS_C,het_pyridiniums_B(2),True,True,1,4294967295,True
PAINS_C,het_5_D(2),True,True,1,4294967295,True
PAINS_C,thiazole_amine_H(1),True,True,1,4294967295,True
PAINS_C,thiazole_amine_I(1),True,True,1,4294967295,True
PAINS_C,het_thio_N_5C(1),True,True,1,4294967295,True
PAINS_C,sulfonamide_F(1),True,True,1,4294967295,True
PAINS_C,thiazole_amine_J(1),True,True,1,4294967295,True
PAINS_C,het_65_F(1),True,True,1,4294967295,True
PAINS_C,keto_keto_beta_E(1),True,True,1,4294967295,True
PAINS_C,ene_five_one_B(1),True,True,1,4294967295,True
PAINS_C,keto_keto_beta_zone(1),True,True,1,4294967295,True
PAINS_C,thio_urea_L(1),True,True,1,4294967295,True
PAINS_C,het_thio_urea_ene(1),True,True,1,4294967295,True
PAINS_C,cyano_amino_het_A(1),True,True,1,4294967295,True
PAINS_C,tetrazole_hzide(1),True,True,1,4294967295,True
PAINS_C,imine_naphthol_A(1),True,True,1,4294967295,True
PAINS_C,misc_anisole_A(1),True,True,1,4294967295,True
PAINS_C,het_thio_665(1),True,True,1,4294967295,True
PAINS_C,anil_di_alk_L(1),True,True,1,4294967295,True
PAINS_C,colchicine_B(1),True,True,1,4294967295,True
PAINS_C,misc_aminoacid_A(1),True,True,1,4294967295,True
PAINS_C,imidazole_amino_A(1),True,True,1,4294967295,True
PAINS_C,phenol_sulfite_A(1),True,True,1,4294967295,True
PAINS_C,het_66_D(1),True,True,1,4294967295,True
PAINS_C,misc_anisole_B(1),True,True,1,4294967295,True
PAINS_C,tetrazole_A(1),True,True,1,4294967295,True
PAINS_C,het_65_G(1),True,True,1,4294967295,True
PAINS_C,misc_trityl_A(1),True,True,1,4294967295,True
PAINS_C,misc_pyridine_OC(1),True,True,1,4294967295,True
PAINS_C,het_6_hydropyridone(1),True,True,1,4294967295,True
PAINS_C,misc_stilbene(1),True,True,1,4294967295,True
PAINS_C,misc_imidazole(1),True,True,1,4294967295,True
PAINS_C,anil_NH_no_alk_A(1),True,True,1,4294967295,True
PAINS_C,het_6_imidate_B(1),True,True,1,4294967295,True
PAINS_C,anil_alk_B(1),True,True,1,4294967295,True
PAINS_C,styrene_anil_A(1),True,True,1,4294967295,True
PAINS_C,misc_aminal_acid(1),True,True,1,4294967295,True
PAINS_C,anil_no_alk_D(1),True,True,1,4294967295,True
PAINS_C,anil_alk_C(1),True,True,1,4294967295,True
PAINS_C,misc_anisole_C(1),True,True,1,4294967295,True
PAINS_C,het_465_misc(1),True,True,1,4294967295,True
PAINS_C,anthranil_acid_G(1),True,True,1,4294967295,True
PAINS_C,anil_di_alk_M(1),True,True,1,4294967295,True
PAINS_C,anthranil_acid_H(1),True,True,1,4294967295,True
PAINS_C,thio_urea_M(1),True,True,1,4294967295,True
PAINS_C,thiazole_amine_K(1),True,True,1,4294967295,True
PAINS_C,het_thio_5_imine_A(1),True,True,1,4294967295,True
PAINS_C,thio_amide_E(1),True,True,1,4294967295,True
PAINS_C,het_thio_676_B(1),True,True,1,4294967295,True
PAINS_C,sulfonamide_G(1),True,True,1,4294967295,True
PAINS_C,thio_thiomorph_Z(1),True,True,1,4294967295,True
PAINS_C,naphth_ene_one_A(1),True,True,1,4294967295,True
PAINS_C,naphth_ene_one_B(1),True,True,1,4294967295,True
PAINS_C,amino_acridine_A(1),True,True,1,4294967295,True
PAINS_C,keto_phenone_B(1),True,True,1,4294967295,True
PAINS_C,hzone_acid_A(1),True,True,1,4294967295,True
PAINS_C,sulfonamide_H(1),True,True,1,4294967295,True
PAINS_C,het_565_indole(1),True,True,1,4294967295,True
PAINS_C,pyrrole_J(1),True,True,1,4294967295,True
PAINS_C,pyrazole_amino_B(1),True,True,1,4294967295,True
PAINS_C,pyrrole_K(1),True,True,1,4294967295,True
PAINS_C,anthranil_acid_I(1),True,True,1,4294967295,True
PAINS_C,thio_amide_F(1),True,True,1,4294967295,True
PAINS_C,ene_one_C(1),True,True,1,4294967295,True
PAINS_C,het_65_H(1),True,True,1,4294967295,True
PAINS_C,cyano_imine_D(1),True,True,1,4294967295,True
PAINS_C,cyano_misc_A(1),True,True,1,4294967295,True
PAINS_C,ene_misc_C(1),True,True,1,4294967295,True
PAINS_C,het_66_E(1),True,True,1,4294967295,True
PAINS_C,keto_keto_beta_F(1),True,True,1,4294967295,True
PAINS_C,misc_naphthimidazole(1),True,True,1,4294967295,True
PAINS_C,naphth_ene_one_C(1),True,True,1,4294967295,True
PAINS_C,keto_phenone_C(1),True,True,1,4294967295,True
PAINS_C,coumarin_C(1),True,True,1,4294967295,True
PAINS_C,thio_est_cyano_A(1),True,True,1,4294967295,True
PAINS_C,het_65_imidazole(1),True,True,1,4294967295,True
PAINS_C,anthranil_acid_J(1),True,True,1,4294967295,True
PAINS_C,colchicine_het(1),True,True,1,4294967295,True
PAINS_C,ene_misc_D(1),True,True,1,4294967295,True
PAINS_C,indole_3yl_alk_B(1),True,True,1,4294967295,True
PAINS_C,anil_OH_no_alk_A(1),True,True,1,4294967295,True
PAINS_C,thiazole_amine_L(1),True,True,1,4294967295,True
PAINS_C,pyrazole_amino_A(1),True,True,1,4294967295,True
PAINS_C,het_thio_N_5D(1),True,True,1,4294967295,True
PAINS_C,anil_alk_indane(1),True,True,1,4294967295,True
PAINS_C,anil_di_alk_N(1),True,True,1,4294967295,True
PAINS_C,het_666_C(1),True,True,1,4294967295,True
PAINS_C,ene_one_D(1),True,True,1,4294967295,True
PAINS_C,anil_di_alk_indol(1),True,True,1,4294967295,True
PAINS_C,anil_no_alk_indol_A(1),True,True,1,4294967295,True
PAINS_C,dhp_amino_CN_G(1),True,True,1,4294967295,True
PAINS_C,anil_di_alk_dhp(1),True,True,1,4294967295,True
PAINS_C,anthranil_amide_A(1),True,True,1,4294967295,True
PAINS_C,hzone_anthran_Z(1),True,True,1,4294967295,True
PAINS_C,ene_one_amide_A(1),True,True,1,4294967295,True
PAINS_C,het_76_A(1),True,True,1,4294967295,True
PAINS_C,thio_urea_N(1),True,True,1,4294967295,True
PAINS_C,anil_di_alk_coum(1),True,True,1,4294967295,True
PAINS_C,ene_one_amide_B(1),True,True,1,4294967295,True
PAINS_C,het_thio_656c(1),True,True,1,4294967295,True
PAINS_C,het_5_ene(1),True,True,1,4294967295,True
PAINS_C,thio_imide_A(1),True,True,1,4294967295,True
PAINS_C,dhp_amidine_A(1),True,True,1,4294967295,True
PAINS_C,thio_urea_O(1),True,True,1,4294967295,True
PAINS_C,anil_di_alk_O(1),True,True,1,4294967295,True
PAINS_C,thio_urea_P(1),True,True,1,4294967295,True
PAINS_C,het_pyraz_misc(1),True,True,1,4294967295,True
PAINS_C,diazox_C(1),True,True,1,4294967295,True
PAINS_C,diazox_D(1),True,True,1,4294967295,True
PAINS_C,misc_cyclopropane(1),True,True,1,4294967295,True
PAINS_C,imine_ene_one_B(1),True,True,1,4294967295,True
PAINS_C,coumarin_D(1),True,True,1,4294967295,True
PAINS_C,misc_furan_A(1),True,True,1,4294967295,True
PAINS_C,rhod_sat_E(1),True,True,1,4294967295,True
PAINS_C,rhod_sat_imine_A(1),True,True,1,4294967295,True
PAINS_C,rhod_sat_F(1),True,True,1,4294967295,True
PAINS_C,het_thio_5_imine_B(1),True,True,1,4294967295,True
PAINS_C,het_thio_5_imine_C(1),True,True,1,4294967295,True
PAINS_C,ene_five_het_N(1),True,True,1,4294967295,True
PAINS_C,thio_carbam_A(1),True,True,1,4294967295,True
PAINS_C,misc_anilide_A(1),True,True,1,4294967295,True
PAINS_C,misc_anilide_B(1),True,True,1,4294967295,True
PAINS_C,mannich_B(1),True,True,1,4294967295,True
PAINS_C,mannich_catechol_A(1),True,True,1,4294967295,True
PAINS_C,anil_alk_D(1),True,True,1,4294967295,True
PAINS_C,het_65_I(1),True,True,1,4294967295,True
PAINS_C,misc_urea_A(1),True,True,1,4294967295,True
PAINS_C,imidazole_C(1),True,True,1,4294967295,True
PAINS_C,styrene_imidazole_A(1),True,True,1,4294967295,True
PAINS_C,thiazole_amine_M(1),True,True,1,4294967295,True
PAINS_C,misc_pyrrole_thiaz(1),True,True,1,4294967295,True
PAINS_C,pyrrole_L(1),True,True,1,4294967295,True
PAINS_C,het_thio_65_D(1),True,True,1,4294967295,True
PAINS_C,ene_misc_E(1),True,True,1,4294967295,True
PAINS_C,thio_cyano_A(1),True,True,1,4294967295,True
PAINS_C,cyano_amino_het_B(1),True,True,1,4294967295,True
PAINS_C,cyano_pyridone_G(1),True,True,1,4294967295,True
PAINS_C,het_65_J(1),True,True,1,4294967295,True
PAINS_C,ene_one_yne_A(1),True,True,1,4294967295,True
PAINS_C,anil_OH_no_alk_B(1),True,True,1,4294967295,True
PAINS_C,hzone_acyl_misc_A(1),True,True,1,4294967295,True
PAINS_C,thiophene_F(1),True,True,1,4294967295,True
PAINS_C,anil_OC_alk_E(1),True,True,1,4294967295,True
PAINS_C,anil_OC_alk_F(1),True,True,1,4294967295,True
PAINS_C,het_65_K(1),True,True,1,4294967295,True
PAINS_C,het_65_L(1),True,True,1,4294967295,True
PAINS_C,coumarin_E(1),True,True,1,4294967295,True
PAINS_C,coumarin_F(1),True,True,1,4294967295,True
PAINS_C,coumarin_G(1),True,True,1,4294967295,True
PAINS_C,coumarin_H(1),True,True,1,4294967295,True
PAINS_C,het_thio_67_A(1),True,True,1,4294967295,True
PAINS_C,sulfonamide_I(1),True,True,1,4294967295,True
PAINS_C,het_65_mannich(1),True,True,1,4294967295,True
PAINS_C,anil_alk_A(1),True,True,1,4294967295,True
PAINS_C,het_5_inium(1),True,True,1,4294967295,True
PAINS_C,anil_di_alk_P(1),True,True,1,4294967295,True
PAINS_C,thio_urea_Q(1),True,True,1,4294967295,True
PAINS_C,thio_pyridine_A(1),True,True,1,4294967295,True
PAINS_C,melamine_B(1),True,True,1,4294967295,True
PAINS_C,misc_phthal_thio_N(1),True,True,1,4294967295,True
PAINS_C,hzone_acyl_misc_B(1),True,True,1,4294967295,True
PAINS_C,tert_butyl_B(1),True,True,1,4294967295,True
PAINS_C,diazox_E(1),True,True,1,4294967295,True
PAINS_C,anil_NH_no_alk_B(1),True,True,1,4294967295,True
PAINS_C,anil_no_alk_A(1),True,True,1,4294967295,True
PAINS_C,anil_no_alk_B(1),True,True,1,4294967295,True
PAINS_C,thio_ene_amine_A(1),True,True,1,4294967295,True
PAINS_C,het_55_B(1),True,True,1,4294967295,True
PAINS_C,cyanamide_A(1),True,True,1,4294967295,True
PAINS_C,ene_one_one_A(1),True,True,1,4294967295,True
PAINS_C,ene_six_het_D(1),True,True,1,4294967295,True
PAINS_C,ene_cyano_E(1),True,True,1,4294967295,True
PAINS_C,ene_cyano_F(1),True,True,1,4294967295,True
PAINS_C,hzone_furan_C(1),True,True,1,4294967295,True
PAINS_C,anil_no_alk_C(1),True,True,1,4294967295,True
PAINS_C,hzone_acid_D(1),True,True,1,4294967295,True
PAINS_C,hzone_furan_E(1),True,True,1,4294967295,True
PAINS_C,het_6_pyridone_NH2(1),True,True,1,4294967295,True
PAINS_C,imine_one_fives_D(1),True,True,1,4294967295,True
PAINS_C,pyrrole_M(1),True,True,1,4294967295,True
PAINS_C,pyrrole_N(1),True,True,1,4294967295,True
PAINS_C,pyrrole_O(1),True,True,1,4294967295,True
PAINS_C,ene_cyano_G(1),True,True,1,4294967295,True
PAINS_C,sulfonamide_J(1),True,True,1,4294967295,True
PAINS_C,misc_pyrrole_benz(1),True,True,1,4294967295,True
PAINS_C,thio_urea_R(1),True,True,1,4294967295,True
PAINS_C,ene_one_one_B(1),True,True,1,4294967295,True
PAINS_C,dhp_amino_CN_H(1),True,True,1,4294967295,True
PAINS_C,het_66_anisole(1),True,True,1,4294967295,True
PAINS_C,thiazole_amine_N(1),True,True,1,4294967295,True
PAINS_C,het_pyridiniums_C(1),True,True,1,4294967295,True
PAINS_C,het_5_E(1),True,True,1,4294967295,True
BRENK,>_2_ester_groups,True,True,1,4294967295,True
BRENK,2-halo_pyridine,True,True,1,4294967295,True
BRENK,acid_halide,True,True,1,4294967295,True
BRENK,acyclic_C=C-O,True,True,1,4294967295,True
BRENK,acyl_cyanide,True,True,1,4294967295,True
BRENK,acyl_hydrazine,True,True,1,4294967295,True
BRENK,aldehyde,True,True,1,4294967295,True
BRENK,Aliphatic_long_chain,True,True,1,4294967295,True
BRENK,alkyl_halide,True,True,1,4294967295,True
BRENK,amidotetrazole,True,True,1,4294967295,True
BRENK,aniline,True,True,1,4294967295,True
BRENK,azepane,True,True,1,4294967295,True
BRENK,Azido_group,True,True,1,4294967295,True
BRENK,Azo_group,True,True,1,4294967295,True
BRENK,azocane,True,True,1,4294967295,True
BRENK,benzidine,True,True,1,4294967295,True
BRENK,beta-keto/anhydride,True,True,1,4294967295,True
BRENK,biotin_analogue,True,True,1,4294967295,True
BRENK,Carbo_cation/anion,True,True,1,4294967295,True
BRENK,catechol,True,True,1,4294967295,True
BRENK,charged_oxygen_or_sulfur_atoms,True,True,1,4294967295,True
BRENK,chinone_1,True,True,1,4294967295,True
BRENK,chinone_2,True,True,1,4294967295,True
BRENK,conjugated_nitrile_group,True,True,1,4294967295,True
BRENK,crown_ether,True,True,1,4294967295,True
BRENK,cumarine,True,True,1,4294967295,True
BRENK,cyanamide,True,True,1,4294967295,True
BRENK,cyanate_/aminonitrile_/thiocyanate,True,True,1,4294967295,True
BRENK,cyanohydrins,True,True,1,4294967295,True
BRENK,cycloheptane_1,True,True,1,4294967295,True
BRENK,cycloheptane_2,True,True,1,4294967295,True
BRENK,cyclooctane_1,True,True,1,4294967295,True
BRENK,cyclooctane_2,True,True,1,4294967295,True
BRENK,diaminobenzene_1,True,True,1,4294967295,True
BRENK,diaminobenzene_2,True,True,1,4294967295,True
BRENK,diaminobenzene_3,True,True,1,4294967295,True
BRENK,diazo_group,True,True,1,4294967295,True
BRENK,diketo_group,True,True,1,4294967295,True
BRENK,disulphide,True,True,1,4294967295,True
BRENK,enamine,True,True,1,4294967295,True
BRENK,ester_of_HOBT,True,True,1,4294967295,True
BRENK,four_member_lactones,True,True,1,4294967295,True
BRENK,halogenated_ring_1,True,True,1,4294967295,True
BRENK,halogenated_ring_2,True,True,1,4294967295,True
BRENK,heavy_metal,True,True,1,4294967295,True
BRENK,het-C-het_not_in_ring,True,True,1,4294967295,True
BRENK,hydantoin,True,True,1,4294967295,True
BRENK,hydrazine,True,True,1,4294967295,True
BRENK,hydroquinone,True,True,1,4294967295,True
BRENK,hydroxamic_acid,True,True,1,4294967295,True
BRENK,imine_1,True,True,1,4294967295,True
BRENK,imine_2,True,True,1,4294967295,True
BRENK,iodine,True,True,1,4294967295,True
BRENK,isocyanate,True,True,1,4294967295,True
BRENK,isolated_alkene,True,True,1,4294967295,True
BRENK,ketene,True,True,1,4294967295,True
BRENK,"methylidene-1,3-dithiole",True,True,1,4294967295,True
BRENK,Michael_acceptor_1,True,True,1,4294967295,True
BRENK,Michael_acceptor_2,True,True,1,4294967295,True
BRENK,Michael_acceptor_3,True,True,1,4294967295,True
BRENK,Michael_acceptor_4,True,True,1,4294967295,True
BRENK,Michael_acceptor_5,True,True,1,4294967295,True
BRENK,N_oxide,True,True,1,4294967295,True
BRENK,"N-acyl-2-amino-5-mercapto-1,3,4-_thiadiazole",True,True,1,4294967295,True
BRENK,N-C-halo,True,True,1,4294967295,True
BRENK,N-halo,True,True,1,4294967295,True
BRENK,N-hydroxyl_pyridine,True,True,1,4294967295,True
BRENK,nitro_group,True,True,1,4294967295,True
BRENK,N-nitroso,True,True,1,4294967295,True
BRENK,oxime_1,True,True,1,4294967295,True
BRENK,oxime_2,True,True,1,4294967295,True
BRENK,Oxygen-nitrogen_single_bond,True,True,1,4294967295,True
BRENK,Perfluorinated_chain,True,True,1,4294967295,True
BRENK,peroxide,True,True,1,4294967295,True
BRENK,phenol_ester,True,True,1,4294967295,True
BRENK,phenyl_carbonate,True,True,1,4294967295,True
BRENK,phosphor,True,True,1,4294967295,True
BRENK,phthalimide,True,True,1,4294967295,True
BRENK,Polycyclic_aromatic_hydrocarbon_1,True,True,1,4294967295,True
BRENK,Polycyclic_aromatic_hydrocarbon_2,True,True,1,4294967295,True
BRENK,Polycyclic_aromatic_hydrocarbon_3,True,True,1,4294967295,True
BRENK,polyene,True,True,1,4294967295,True
BRENK,quaternary_nitrogen_1,True,True,1,4294967295,True
BRENK,quaternary_nitrogen_2,True,True,1,4294967295,True
BRENK,quaternary_nitrogen_3,True,True,1,4294967295,True
BRENK,saponine_derivative,True,True,1,4294967295,True
BRENK,silicon_halogen,True,True,1,4294967295,True
BRENK,stilbene,True,True,1,4294967295,True
BRENK,sulfinic_acid,True,True,1,4294967295,True
BRENK,Sulfonic_acid_1,True,True,1,4294967295,True
BRENK,Sulfonic_acid_2,True,True,1,4294967295,True
BRENK,sulfonyl_cyanide,True,True,1,4294967295,True
BRENK,sulfur_oxygen_single_bond,True,True,1,4294967295,True
BRENK,sulphate,True,True,1,4294967295,True
BRENK,sulphur_nitrogen_single_bond,True,True,1,4294967295,True
BRENK,Thiobenzothiazole_1,True,True,1,4294967295,True
BRENK,thiobenzothiazole_2,True,True,1,4294967295,True
BRENK,Thiocarbonyl_group,True,True,1,4294967295,True
BRENK,thioester,True,True,1,4294967295,True
BRENK,thiol_1,True,True,1,4294967295,True
BRENK,thiol_2,True,True,1,4294967295,True
BRENK,Three-membered_heterocycle,True,True,1,4294967295,True
BRENK,triflate,True,True,1,4294967295,True
BRENK,triphenyl_methyl-silyl,True,True,1,4294967295,True
BRENK,triple_bond,True,True,1,4294967295,True
