compound_id,representation,status,rules_compared,mismatches
LIB_BCKLKOYFMACAMZ,primary,PASS,585,0
LIB_BCKLKOYFMACAMZ,sensitivity,PASS,585,0
LIB_BHVLKNXTDWOMMA,primary,PASS,585,0
LIB_BHVLKNXTDWOMMA,sensitivity,PASS,585,0
LIB_CIYBISDKLGJDOW,primary,PASS,585,0
LIB_CIYBISDKLGJDOW,sensitivity,PASS,585,0
LIB_DNDVGFIEWOHGAH,primary,PASS,585,0
LIB_DNDVGFIEWOHGAH,sensitivity,PASS,585,0
LIB_FCRHJSNRFAAYQD,primary,PASS,585,0
LIB_FCRHJSNRFAAYQD,sensitivity,PASS,585,0
LIB_KTSROZJJBCCRGO,primary,PASS,585,0
LIB_KTSROZJJBCCRGO,sensitivity,PASS,585,0
LIB_MYAFDHCCQBIZLC,primary,PASS,585,0
LIB_MYAFDHCCQBIZLC,sensitivity,PASS,585,0
LIB_NDNIPPKLIDCYGD,primary,PASS,585,0
LIB_NDNIPPKLIDCYGD,sensitivity,PASS,585,0
LIB_OOBVFAPEUYZCPP,primary,PASS,585,0
LIB_OOBVFAPEUYZCPP,sensitivity,PASS,585,0
LIB_STJOZKJSWLZJJV,primary,PASS,585,0
LIB_STJOZKJSWLZJJV,sensitivity,PASS,585,0
LIB_UAVPDLMEWXPRFE,primary,PASS,585,0
LIB_UAVPDLMEWXPRFE,sensitivity,PASS,585,0
LIB_UOMKWMFPHKNOIU,primary,PASS,585,0
LIB_UOMKWMFPHKNOIU,sensitivity,PASS,585,0
LIB_WAUKBOOEPYNAGU,primary,PASS,585,0
LIB_WAUKBOOEPYNAGU,sensitivity,PASS,585,0
LIB_WFLYWWLCAQGOCH,primary,PASS,585,0
LIB_WFLYWWLCAQGOCH,sensitivity,PASS,585,0
LIB_XSPZTBOTTAAEHO,primary,PASS,585,0
LIB_XSPZTBOTTAAEHO,sensitivity,PASS,585,0
LIB_YWDIXVZCRMMQQY,primary,PASS,585,0
LIB_YWDIXVZCRMMQQY,sensitivity,PASS,585,0
LIB_ZNDXPRCORYDEAP,primary,PASS,585,0
LIB_ZNDXPRCORYDEAP,sensitivity,PASS,585,0
LIB_ZVHBDYFMHCQADD,primary,PASS,585,0
LIB_ZVHBDYFMHCQADD,sensitivity,PASS,585,0
