id,input_inchikey,SwissADME_inchikey,exact_match,source_job
LIB_YWDIXVZCRMMQQY,YWDIXVZCRMMQQY-UHFFFAOYSA-N,YWDIXVZCRMMQQY-UHFFFAOYSA-N,True,1602571327
LIB_MYAFDHCCQBIZLC,MYAFDHCCQBIZLC-UHFFFAOYSA-N,MYAFDHCCQBIZLC-UHFFFAOYSA-N,True,1602571327
LIB_ZNDXPRCORYDEAP,ZNDXPRCORYDEAP-UHFFFAOYSA-N,ZNDXPRCORYDEAP-UHFFFAOYSA-N,True,1602571327
LIB_FCRHJSNRFAAYQD,FCRHJSNRFAAYQD-UHFFFAOYSA-N,FCRHJSNRFAAYQD-UHFFFAOYSA-N,True,1602571327
LIB_DNDVGFIEWOHGAH,DNDVGFIEWOHGAH-UHFFFAOYSA-N,DNDVGFIEWOHGAH-UHFFFAOYSA-N,True,1602571327
LIB_ZVHBDYFMHCQADD,ZVHBDYFMHCQADD-UHFFFAOYSA-N,ZVHBDYFMHCQADD-UHFFFAOYSA-N,True,1151797087
LIB_CHEMBL2103870,UFSKUSARDNFIRC-UHFFFAOYSA-N,UFSKUSARDNFIRC-UHFFFAOYSA-N,True,1151797087
LIB_CHEMBL3894860,PDGKHKMBHVFCMG-UHFFFAOYSA-N,PDGKHKMBHVFCMG-UHFFFAOYSA-N,True,1151797087
DES_JMWNSKZCTCNWSL,JMWNSKZCTCNWSL-UHFFFAOYSA-N,JMWNSKZCTCNWSL-UHFFFAOYSA-N,True,1151797087
GEN_LDAGBLZIWYMUFJ,LDAGBLZIWYMUFJ-UHFFFAOYSA-N,LDAGBLZIWYMUFJ-UHFFFAOYSA-N,True,1151797087
GEN_YUOYQOBVJWRGGY,YUOYQOBVJWRGGY-UHFFFAOYSA-N,YUOYQOBVJWRGGY-UHFFFAOYSA-N,True,1151797087
