compound_id,run_id,independent_qc_pass,failure_reason,score_kcal_mol,pose_sha256,status,rule_charge,exchangeable_N_indices,pdbqt_partial_charge_sum,pdbqt_charge_abs_difference,charge_parameterization_warning,vina_log_table_score_kcal_mol,pose_heavy_atoms,min_receptor_A,severe_pairs_under1p5_A,min_box_margin_A,closest_middle_A,middle_contact_4A,log_sha256
LIB_RNNSZIOJHWINFW,LIB_RNNSZIOJHWINFW__M_PUB_ALL__e8__s20260927,True,,-5.659,1f91ce89d8b573a4a8b29d954d75c8cfa63a19b15c8c61a0e52a931e9963afc7,completed,1,[],1.001,0.001,False,-5.659,17,3.393,0,0.31,4.031,False,46ae66574fad8d59d510a872ed7444062c8ceb15b297d55a6c76a8a7f5d57e6a
LIB_YBNGDFSHNFUPMT,LIB_YBNGDFSHNFUPMT__M_PUB_ALL__e8__s20260927,True,,-8.575,175764e20a923ef899ad4012f02c7c41945031fff4fcdddf02ea5223dbac05ad,completed,1,[18],0.998,0.002,False,-8.575,32,2.964,0,7.632,3.199,True,42a6af03206dc649733628aa8f207390a2d8d0f47308dae6c17d75dc1898f018
LIB_CXRYSQNWQCVBQV,LIB_CXRYSQNWQCVBQV__M_PUB_ALL__e8__s20260927,True,,-9.788,284cc73c1a55d7c9d4be9c8aea01baf08a01dc5ac9d4e5b10b4accbf2989bbc1,completed,0,[],-0.005,0.005,False,-9.788,38,2.777,0,3.015,3.046,True,54e5faf071eddb01915be8e1caa7ef6bbef9975d4a2e190e7d53d3a8a66068f3
LIB_HAGKOYTUAINBNR,LIB_HAGKOYTUAINBNR__M_PUB_ALL__e8__s20260927,True,,-6.819,443f418ca8f955312342defcc94b277467cb7d7b60ac70173f3aeefeee0bf3af,completed,0,[],0.0,0.0,False,-6.819,16,3.117,0,0.706,12.767,False,76896a15eb77dad431b54b05f400a36fe9929e9ad1d4f9806379e76bae11bf9a
LIB_CVVGRHFARKYNNE,LIB_CVVGRHFARKYNNE__M_PUB_ALL__e8__s20260927,True,,-8.135,d9f450575e7b56820fcdf0cf877e5c454d932d51bd3b2a52f8ad7225d1856074,completed,1,[],0.998,0.002,False,-8.135,32,2.859,0,2.936,3.069,True,d02a5772a0960b7fe997f1b81c269a94c7422ec553913ff1ecf26fe0f895d402
LIB_IQYRBWJVVBVMOS,LIB_IQYRBWJVVBVMOS__M_PUB_ALL__e8__s20260927,True,,-6.964,7f9b66e83fd6482305e71d809577b971a332742a13710a30c8a571feefdf5e7a,completed,1,[11],1.002,0.002,False,-6.964,25,2.871,0,2.701,3.466,True,b7db3695f44d11a76ffc22b5a3c13ee067aa61f2371d6508bdc2d28bd8b8e854
LIB_KGSCYSGAMAZIIM,LIB_KGSCYSGAMAZIIM__M_PUB_ALL__e8__s20260927,True,,-7.075,4fd16b8c22a2f54200f914c6c2f7bd74e70e6ca84389096bfaf086ac98d3c663,completed,-2,[],-2.0,0.0,False,-7.075,22,3.417,0,-0.071,6.865,False,f24408845d1f6ff3baf54130296a63e2e2892de6bcf347f0434baeac0fd54d94
LIB_UHGSEJDZVOPSFT,LIB_UHGSEJDZVOPSFT__M_PUB_ALL__e8__s20260927,True,,-7.12,fa13a4874fb73ad89f32b78cdc58fb3a281e77ca275d5eca74be25ed912c1eb9,completed,1,[5],1.0,0.0,False,-7.12,23,3.435,0,1.412,6.611,False,976d7c74abe985b70cf1ebb01af9ff13a05cd45a3bb5ad5452d68378b389485e
LIB_VQWUSUUKOYJUGV,LIB_VQWUSUUKOYJUGV__M_PUB_ALL__e8__s20260927,True,,-7.161,3f286ecb379467690006edb243291b962e0431c0b80bf12cf454dc4eb2e2abe2,completed,0,[],-0.002,0.002,False,-7.161,24,3.129,0,0.751,4.454,False,d5770d03de07581aeb567c5c291132d34be6dc88e7b2b01ea2f6335baef6c38d
LIB_TUQMHRDZPSHMHB,LIB_TUQMHRDZPSHMHB__M_PUB_ALL__e8__s20260927,True,,-9.085,e6f53103eb7d9ad877667727b7a86a0ad97ded513eea4eff47e922a831965da1,completed,0,[],-0.001,0.001,False,-9.085,38,3.236,0,4.642,3.674,True,27b39bfde8afe1a2d020a968549ecf05514bbafac905abc28249970646b4d3f4
LIB_FKQCJYCSHIYYNP,LIB_FKQCJYCSHIYYNP__M_PUB_ALL__e8__s20260927,True,,-5.537,a42b7e021628bc3c62397daf1f2a0d5dd39ea023ce616b109d5982844f258303,completed,-1,[],-1.001,0.001,False,-5.537,18,3.036,0,7.475,3.048,True,323a1b3930898b5c82f223bfe1c697ce25a5bb85179db82f7a1ecc2f10246bb6
LIB_CBCCXWBWQDCXLH,LIB_CBCCXWBWQDCXLH__M_PUB_ALL__e8__s20260927,True,,-5.73,e7c578e0659c63097e34be93182804332553f5cec414bdb351b62c146e58e360,completed,0,[],-0.001,0.001,False,-5.73,18,2.803,0,6.966,3.251,True,f8f1c589a493a9c408479c04eb30bda7a6e53ceb3b98378b420fb71e1650e7a7
LIB_RPTCJTNYKDJGHU,LIB_RPTCJTNYKDJGHU__M_PUB_ALL__e8__s20260927,True,,-5.766,cf7539ba2a39ef1492320b7a55b7b931ca183a3c8f242cad10e3f6fa4fd51ac2,completed,0,[],-0.001,0.001,False,-5.766,29,3.365,0,10.143,3.444,True,c75b0c302d2317b93a1676dddcd323c24f779e75b54938a47561f17069293365
LIB_VWPZVQSMQVKQCI,LIB_VWPZVQSMQVKQCI__M_PUB_ALL__e8__s20260927,True,,-8.295,e6e5da18c2af0de352d6b35ac5aba6e556e6549920ce5c3a7a7c6a0636ef577d,completed,0,[],-0.003,0.003,False,-8.295,31,2.849,0,6.688,3.432,True,4380d2e8945ddd678db8529b48f14cf9b736bae71aab51db597ee200df1e71d3
LIB_RUMZIRSAOXCPII,LIB_RUMZIRSAOXCPII__M_PUB_ALL__e8__s20260927,True,,-8.178,11ab8a7f62e9271bb82a8726b42658a78818640ce6c90032f180ceaca03965ad,completed,0,[],-0.002,0.002,False,-8.178,28,2.855,0,1.512,4.189,False,8176df7e7b4aeaf459624091c9ac1d95255c3cbb45a8c22e4812e89aab40387d
LIB_WKMQGQZPDSFACZ,LIB_WKMQGQZPDSFACZ__M_PUB_ALL__e8__s20260927,True,,-6.79,017d48abf41621e5267e4fbad6c436aad22af0a8912bb9b0e93c50a525c83a19,completed,-3,[],-2.999,0.001,False,-6.79,19,3.336,0,9.719,3.371,True,54fb7a8cec1699524363c14e975de0a9dd894d8a940ff5604b8e3179e6ecc9f5
LIB_KFIUIAQYOYNCIK,LIB_KFIUIAQYOYNCIK__M_PUB_ALL__e8__s20260927,True,,-6.508,4ca893df0da00a5d11d9c6681e9be90869008b33a6538cc7000ffcb0632883b1,completed,0,[3],-0.0,0.0,False,-6.508,26,3.197,0,9.534,3.328,True,03312ca67741f0e6d11bfa1655fb1d971fe20eb9b627f11cc0962d7ac90a96cd
LIB_HHPJXWDHFALHCL,LIB_HHPJXWDHFALHCL__M_PUB_ALL__e8__s20260927,True,,-7.065,a7af05748a7872986d60b86ed289db6a5ed82b59a5097178d86e6fc563b8edfe,completed,-1,[],-1.001,0.001,False,-7.065,31,2.743,0,2.603,3.541,True,21c6fa41586cfe8de3e842a0cda8e23bb69515f2daa0268a2d3fcc429002710b
LIB_VXPLXMJHHKHSOA,LIB_VXPLXMJHHKHSOA__M_PUB_ALL__e8__s20260927,True,,-5.558,19214e379669092afa2abbc7d90488f48efeea760c437bfe7b133fb0472040de,completed,0,[],-0.0,0.0,False,-5.558,13,3.277,0,0.905,3.526,True,cb935c5990a9ff625574c0d9e4c9e1df447b76953816d5e0e219d7eb221e0ccb
LIB_IJCNVHLDCLZYKG,LIB_IJCNVHLDCLZYKG__M_PUB_ALL__e8__s20260927,True,,-7.334,adcdc611db9196025fd0456e78bab18cc095ecfda91b501f12e56b69557b209b,completed,0,[],-0.002,0.002,False,-7.334,25,2.992,0,9.531,2.992,True,c151e351df0fcf2ab49d42476936bce53467a7bc7e00f0a1bfd12add8e36b20b
LIB_IWDJIZYURLLLMQ,LIB_IWDJIZYURLLLMQ__M_PUB_ALL__e8__s20260927,True,,-6.975,c489a0f116105cdc8767696e35bce9cd7b178c821999b41da6f24678a5decaa9,completed,0,[],0.002,0.002,False,-6.975,23,3.227,0,0.963,3.618,True,3c40587055e09ad8599082a69295ec4d72d0b2206a1986210b29bcb793b6a680
LIB_DXIAHMIZSNQSST,LIB_DXIAHMIZSNQSST__M_PUB_ALL__e8__s20260927,True,,-7.41,0d7623c6ec61e754ad3f39f4912168b9824dce91bf98b5515627927a7970e4d1,completed,0,[],-0.001,0.001,False,-7.41,26,3.128,0,0.202,3.128,True,35f14a6b070636dac9721e56430a599c6831b08f9a6a6314fdd940c201565d2d
LIB_QZHQGKPLHXJZRJ,LIB_QZHQGKPLHXJZRJ__M_PUB_ALL__e8__s20260927,True,,-7.977,802ceea2db052525196f8f9351f2c2de67c603e8595b5e7293f08c495aacbe86,completed,1,[],0.999,0.001,False,-7.977,25,3.049,0,0.96,3.966,True,7f2ad5d28ac3c45caf3370f66e3562a6d8db6f3bdf177bdaccb438eb67894c02
LIB_NJLNJHCKQVRQDL,LIB_NJLNJHCKQVRQDL__M_PUB_ALL__e8__s20260927,True,,-8.115,5d5cd2c713075c6f48f1de35f616430323a70194b9159beaa9c4f8cb8d3e7e77,completed,0,[],0.002,0.002,False,-8.115,25,3.117,0,0.891,7.002,False,60a8606ceef7d2bc5ff22741fc3a0cd9d0a06fdfb3865a4da83ee8f7821459b1
LIB_CDOPZZJFMUYVKP,LIB_CDOPZZJFMUYVKP__M_PUB_ALL__e8__s20260927,True,,-8.246,67edf4af6fd7aaf35a0c4bb2a6f4763b05ec7e90b3f90fff44021f4899eae76d,completed,-1,[],-1.002,0.002,False,-8.246,30,2.945,0,1.677,8.282,False,5d67bfbcc17b99840782ca76414b02b309960693fd5ac73704e748a1c62b117b
LIB_SOTRSERIYXCWEZ,LIB_SOTRSERIYXCWEZ__M_PUB_ALL__e8__s20260927,True,,-7.911,9d41ff2ef1d4cb7c6bd3ee853c8e481a51ac27ea2cf9612051175902af940106,completed,1,[12],0.998,0.002,False,-7.911,31,3.044,0,1.352,3.768,True,970008671778733ac450e72dad48eb548c7e48e87bf777a09bbdfbd0ea5fb0ec
LIB_HPSPAJJKGOGMIN,LIB_HPSPAJJKGOGMIN__M_PUB_ALL__e8__s20260927,True,,-7.057,104edf82c434d99f0119bd1ebd0097a66225a92d6e7515baf617e140e2273820,completed,1,[],0.998,0.002,False,-7.057,29,2.929,0,7.427,3.489,True,232549dfd55bffec4866762e6349ac9e10d0bdcbbb33fb3509279b9edb0cd73c
LIB_TVZNWOVBAQXKHS,LIB_TVZNWOVBAQXKHS__M_PUB_ALL__e8__s20260927,True,,-7.255,c6ef73bec2d8bebf746afd178cd29dc0bd9ddc4695f3a1836467925e9dca09a1,completed,0,[],0.003,0.003,False,-7.255,31,3.164,0,9.982,3.164,True,0efa80c935831cfac91021eca76d8557634269ac92248866a89c01b8bf43e27a
LIB_WBNHNWSPTHTRMQ,LIB_WBNHNWSPTHTRMQ__M_PUB_ALL__e8__s20260927,True,,-6.436,e17f7bab5532edbf3de528e8087b094dcd0791bf2f81e87fb025a8c8a4026851,completed,2,[17],2.001,0.001,False,-6.436,27,3.358,0,1.82,5.706,False,a7c3a7d56d1383995b4d36bb857420464971344894d31335c2b61a145b2f170d
LIB_VOUOASQOVFWLIE,LIB_VOUOASQOVFWLIE__M_PUB_ALL__e8__s20260927,True,,-5.815,d549d8120f0cc21272ebefbd6c6a41c5058b66400ebca327e6dcf232c6f5151d,completed,2,[12],1.999,0.001,False,-5.815,23,2.914,0,2.06,6.763,False,ef9e776ebe753e2a4c9ebe9948996f8d2e59112f413b4dcda0013be6ea48a693
LIB_MARIUIDCPUZLKZ,LIB_MARIUIDCPUZLKZ__M_PUB_ALL__e8__s20260927,True,,-8.421,acd6ea1a9af2591f2cb345fe1edf419e69200214c588a1f51567a77f522fa0ad,completed,2,[],1.999,0.001,False,-8.421,34,2.933,0,8.442,3.006,True,0b1a3934799bf306d36de93e8b68e6855511019d8da9b5c4cda0ec56c1d24030
LIB_KCKKRVQCMJXYOT,LIB_KCKKRVQCMJXYOT__M_PUB_ALL__e8__s20260927,True,,-7.945,09edb4e255823b0ffec08b366a304fc0b1a57fc600746c27a7e14401383fed58,completed,0,[],0.0,0.0,False,-7.945,33,3.065,0,4.347,3.065,True,e67875f870dea42d50c22797ccadd2a6fc02abbabb9785ce8b97d7472b02ee1f
LIB_ZQZFLTKUUCYGRL,LIB_ZQZFLTKUUCYGRL__M_PUB_ALL__e8__s20260927,True,,-9.035,d6292adc386a8e9565bdcf7296612e73ccafcbeb2f49a805ece056047810ebcb,completed,0,[],-0.002,0.002,False,-9.035,31,2.749,0,0.929,3.785,True,6ce39b0f2811b8f389f3bc0bd2430af4b2626fe06b7b903833108b67aff886c3
LIB_CXSPGFPSWYWLGD,LIB_CXSPGFPSWYWLGD__M_PUB_ALL__e8__s20260927,True,,-8.487,c80520a1aba22af90027a9870ddd0c633e833a65dace766876516338ec85c511,completed,-2,[],-1.997,0.003,False,-8.487,31,3.143,0,9.333,3.143,True,e0374b8ce7386de67a57a329e1e22c9307e18de7352c029b26477eaa36da7afa
LIB_UXACRXVBPVXVBZ,LIB_UXACRXVBPVXVBZ__M_PUB_ALL__e8__s20260927,True,,-7.628,0e0cf086da650cf77f1139fa529ef5d978e2cf9a9d31a6a1a22722c1464c0f43,completed,0,[],0.002,0.002,False,-7.628,29,3.052,0,9.544,3.261,True,223d5bdf743117273f13b7993e12cbe81cea796504a955679da0c7acb11e37c4
LIB_WGFSFQGWINXFDC,LIB_WGFSFQGWINXFDC__M_PUB_ALL__e8__s20260927,True,,-8.193,cac5e04c8591dfd154a2df9a6fb3f0118de949372755f9822e2a6b099c97a53c,completed,0,[],0.003,0.003,False,-8.193,33,2.791,0,7.192,2.913,True,be5598bb0fed3e24fa6099c403d324b2cafff417f4268f053a8d302db135f744
LIB_INKAJKATDMQGKQ,LIB_INKAJKATDMQGKQ__M_PUB_ALL__e8__s20260927,True,,-4.524,c8db00120012c40a4f15629312485f1f73d213608a27c244b25a72f47c50e91f,completed,2,"[8, 11]",2.0,0.0,False,-4.524,22,3.221,0,10.674,3.221,True,ec3726f768f8d33cb7b073f5ebd6646598d5ccfa5c028dd6040c7088f8841ccc
LIB_GFIVTABKMGOGIV,LIB_GFIVTABKMGOGIV__M_PUB_ALL__e8__s20260927,True,,-6.824,3665b2d9bb04c64b73986031bd15fb31f50ad330c5383214c28b620114438fff,completed,1,[],0.997,0.003,False,-6.824,32,3.157,0,9.325,3.264,True,574abecfbca9a63b68a657786b3aa8dee455646c1066d5bdbf400391c6408b7d
LIB_XYIWCLMRECCCLF,LIB_XYIWCLMRECCCLF__M_PUB_ALL__e8__s20260927,True,,-8.0,1690ba4bf7b24523fc067455d9581c35a74d1826e884199ee61caed61a2d638b,completed,2,"[1, 26]",2.0,0.0,False,-8.0,36,3.094,0,10.208,3.094,True,c40c4fec8b96881a234f8237ee4ac2aa69a3efd6a399645904927c89bb7a7475
LIB_DPJUXYQWXGNKHO,LIB_DPJUXYQWXGNKHO__M_PUB_ALL__e8__s20260927,True,,-6.877,19ccc8950e98a69b09e7e8c4e4ed68cf679fd61f62cfec53cfe8b0f1e2b022bd,completed,0,[],-0.0,0.0,False,-6.877,21,2.903,0,9.136,2.903,True,8a85a6f819e31805e60c4467a569f75c045bf842c87d12dfb8049c2cf27aa965
LIB_AYTBHOFELXSNHQ,LIB_AYTBHOFELXSNHQ__M_PUB_ALL__e8__s20260927,True,,-8.882,963df659525bf7706c0638caf59109560f49a28deaf0b5af519d7880b4ad5168,completed,2,"[1, 24]",1.999,0.001,False,-8.882,27,3.029,0,0.683,9.165,False,cb06ef7cf32996ebdc020e6de435741e121e2ef1327492ae5bff7125e2b7d7d8
LIB_RERPSPPBSSELBR,LIB_RERPSPPBSSELBR__M_PUB_ALL__e8__s20260927,True,,-5.931,855602889a05b5353d6a5230f8f3d23d4e9916956441ef65282988f13be05d60,completed,1,[4],0.999,0.001,False,-5.931,14,2.835,0,7.288,3.088,True,28e629960c4f6285759a844453760d542b2ca5cff2b015133bcf851d94024495
LIB_XUBGGMQPGQRZMO,LIB_XUBGGMQPGQRZMO__M_PUB_ALL__e8__s20260927,True,,-7.279,39c174eb75f606560987103046c0e485a93ba5fffd3bcfcfcb3a4ab9abddced0,completed,0,[],0.0,0.0,False,-7.279,28,2.836,0,3.756,2.836,True,0f70d1f4abb0062d1c18d9af7d4fae2d5bbf9760c796aab41e9a1965ec12073e
LIB_CAFYZCZCHHPSHG,LIB_CAFYZCZCHHPSHG__M_PUB_ALL__e8__s20260927,True,,-8.593,5a4a1d37f45ed27f088676cddcae7cd2860728043fb444131424d39596e4bc68,completed,1,[29],0.998,0.002,False,-8.593,36,2.862,0,7.115,3.217,True,66153656d9125345febffc5807f6c07611365717de519e596d36e23fffef31ac
LIB_IYTMFGZUURLRKD,LIB_IYTMFGZUURLRKD__M_PUB_ALL__e8__s20260927,True,,-8.606,bedafe38a964f9785a65f43600e6382b6facac8f8124bfe4a6a38aa39dd75ef8,completed,0,[],-0.001,0.001,False,-8.606,36,2.844,0,3.206,2.844,True,9bc290cc09652195794c216de6f58b789806d08f8fe0bd35b53cf315fb3b9609
LIB_PEYZUNUITLDLNI,LIB_PEYZUNUITLDLNI__M_PUB_ALL__e8__s20260927,True,,-7.846,7be0e4dc9c5947e299d576a224d6df9f7ee83be9d7a1e58f78c0a129de6acfe1,completed,0,[],-0.002,0.002,False,-7.846,24,3.129,0,3.729,3.301,True,fe863ee392b794feca4b60b4c900dee5ca4b31a404dc5d4e20d459eee8408ce0
LIB_YZVIHKKOGKRSKO,LIB_YZVIHKKOGKRSKO__M_PUB_ALL__e8__s20260927,True,,-6.915,0a91d00f4be9e6e13246489820eec5c993f797a66d2aae9138f1d4a0aba400ea,completed,0,[13],0.001,0.001,False,-6.915,22,2.953,0,0.915,8.172,False,6ec0a1da8655308c660b00355005e1a8b97aa024714a513e53c0f7bc1c51d484
LIB_NHELMIDNJBAZJD,LIB_NHELMIDNJBAZJD__M_PUB_ALL__e8__s20260927,True,,-7.319,8f574f28acf771b56329237ec9278df69e9b121816115d789c96264c1186f242,completed,0,[],0.004,0.004,False,-7.319,27,2.781,0,9.665,2.781,True,33e1a9446797c2fa4917f4b1f05dfd80cdb61040fe92cc9ce2837e449fcb8f68
LIB_YJNUPBNOZDKQMS,LIB_YJNUPBNOZDKQMS__M_PUB_ALL__e8__s20260927,True,,-6.963,7e2898a7b157bf8fcd50982dc5cb4f1b1b6728f026ac8a8cfe0919d9693e4925,completed,0,[],-0.003,0.003,False,-6.963,18,2.908,0,6.959,3.149,True,b24bcfc464e8d103fca237771a25dc7423e47d3d689b41f36702e7ab5ae36d05
LIB_UWNNVZFYCYTDAH,LIB_UWNNVZFYCYTDAH__M_PUB_ALL__e8__s20260927,True,,-5.78,7bffa2ba2e9097a57fd19abced28231e4c940aa6f99f57a1e2ca893dff36a967,completed,0,[],0.001,0.001,False,-5.78,15,3.201,0,1.645,3.359,True,21033489b5d5e5782bf83ab68ea7a59cec55844d37b8bbe86d4cba3daaf49a6f
LIB_LMAFSLWCXOQARP,LIB_LMAFSLWCXOQARP__M_PUB_ALL__e8__s20260927,True,,-6.819,2c92da2ba55839ced7e66910bb52a8075940f5e868007a4a876e5773b2511e0d,completed,-1,[],-1.001,0.001,False,-6.819,21,2.919,0,9.975,2.919,True,d1d5fd34732ce77700183652f0129bf83d9e9251899d2a4f5959c6205683efd9
LIB_HDOVLPFABNJQJO,LIB_HDOVLPFABNJQJO__M_PUB_ALL__e8__s20260927,True,,-6.747,ef396390cc27e6e8e63c01655d8e048488822ae3fa28575bc0edae33235ab758,completed,-1,[],-0.999,0.001,False,-6.747,13,2.81,0,0.141,13.186,False,6c81a09bc3e410fc8546b3bfc3d5585cf3b8dd128b93a51e5f036d912822d9f9
LIB_PIBQWNKYAGXQHF,LIB_PIBQWNKYAGXQHF__M_PUB_ALL__e8__s20260927,True,,-6.765,dac913d05f2a4d02de710c1f8df4b64e115e26ac23f7e90ab6251793b4a27091,completed,1,[1],1.003,0.003,False,-6.765,17,2.83,0,2.82,6.33,False,9304fbc0445773d28e7ab1ec4e66786bccdbd72b89641022a31cb4f9e997a285
LIB_PULBQTCEWMDDKC,LIB_PULBQTCEWMDDKC__M_PUB_ALL__e8__s20260927,True,,-7.549,7814ccf0b503e99b77eb884e8e231144c787c5c0af3ac0f9505b503a1da4bb4b,completed,0,[],0.003,0.003,False,-7.549,36,3.001,0,4.471,3.289,True,bffafb0403c8d72f7fcb4eaf7f1d4000e9933dd41839c1ac578b1284745f662d
LIB_ORLJIXKKPRVJKG,LIB_ORLJIXKKPRVJKG__M_PUB_ALL__e8__s20260927,True,,-6.219,1602144e89e0f0707dfbd9cf19bf0be7de22151d1f90344e3418873008952e22,completed,3,"[6, 17]",3.001,0.001,False,-6.219,25,2.764,0,5.877,3.444,True,dfddcb4b644f552a5ca7c81ebdf579fdaed457752fdec3f2851c71816e5e9200
LIB_CXKIPYCVARNYCW,LIB_CXKIPYCVARNYCW__M_PUB_ALL__e8__s20260927,True,,-8.605,de4f3f356dc979dfec821f1122c8299c21f4ba0aefe1b8a7d218980a7d187eef,completed,-2,[],-2.001,0.001,False,-8.605,31,3.203,0,2.037,6.486,False,d36dc6a3760290fd9957f7b90552f935ac76b8515570b6073f7aec3caf2c9f1e
LIB_CYSDHZJPDQKSJB,LIB_CYSDHZJPDQKSJB__M_PUB_ALL__e8__s20260927,True,,-8.77,20517182a0b125251e58727c8b10079a2ffe1e8611e282515426d91e64633685,completed,0,[],-0.001,0.001,False,-8.77,28,3.056,0,0.853,7.941,False,2345d6d1d7777574e73bb033822a9107b68f7f8143b66124063e40b88f18c76a
LIB_BSMKGOSXJLCJOB,LIB_BSMKGOSXJLCJOB__M_PUB_ALL__e8__s20260927,True,,-7.016,0f9077d8df7a09c3a45c48678096299b88e7771ea14597ef7419fcbfc8c3c0b1,completed,0,[],-0.001,0.001,False,-7.016,29,3.152,0,1.039,6.27,False,fe78d004a2ab8669410d8071522d0048ad47c646dcde6d5955da39d19d35e721
LIB_FLHLHIWGNRUPHK,LIB_FLHLHIWGNRUPHK__M_PUB_ALL__e8__s20260927,True,,-8.33,5e4490108ecb40ca54c04759c92d427a8abd1fac8abf8e3b95bfb0fc8240ea17,completed,-1,[],-1.0,0.0,False,-8.33,40,2.801,0,7.56,2.801,True,779eb017454e8c4a0ae06c0090c869e53cc876547f449749069f49460852f1bc
LIB_GPYCQVDLOJBZMI,LIB_GPYCQVDLOJBZMI__M_PUB_ALL__e8__s20260927,True,,-6.005,ea11a0d6b83f5c0dbfbb1bc6ad4e418dbc300632e0dd0c2f81e2c54df0826b6d,completed,0,[],0.002,0.002,False,-6.005,28,3.138,0,9.189,3.138,True,768190a96ef0515ed6f422e395cac6e92ca13b2564e2c132c03d3e0d2d675ba7
LIB_SRPZEFNNDSQZCP,LIB_SRPZEFNNDSQZCP__M_PUB_ALL__e8__s20260927,True,,-7.156,e951e6da63865b7d51baad6f8d6af366be51cdd09eb782bc02ad552bf0a01f9f,completed,2,"[7, 13]",1.999,0.001,False,-7.156,27,3.007,0,11.05,3.007,True,4bbcc10a71ab694372c9d8ee6942e2ebe8b5396068811b3ef56018d155839b7b
LIB_FPVAONXMTAGWGU,LIB_FPVAONXMTAGWGU__M_PUB_ALL__e8__s20260927,True,,-6.259,fcbe2ef5780854f51bdd683857af1704f422ebc77791d11bc2e15797a1c1a098,completed,0,[],0.002,0.002,False,-6.259,30,2.926,0,9.971,2.926,True,9c71efb6b36ec65517aa82e68f087f8b1baab95a0d9040be1d91f0067bc9db5e
LIB_DHOBJWJXJBHSOA,LIB_DHOBJWJXJBHSOA__M_PUB_ALL__e8__s20260927,True,,-8.843,824f8f7a75a9e0a2959d391503a400b8318a9f81cef350c752337a0b5917d022,completed,0,[],-0.0,0.0,False,-8.843,36,2.897,0,0.716,9.688,False,59f726cecf2e2e9c94e0c73695f9dff4742143f704f212a22f1aa630fdc992a9
LIB_NRUFFLBVZNYLIC,LIB_NRUFFLBVZNYLIC__M_PUB_ALL__e8__s20260927,True,,-7.886,780f1c285b1f20d551fe57ce89c94bb4beebb44b7a28bc2a84983509e5204fe3,completed,0,[],-0.001,0.001,False,-7.886,28,2.771,0,10.452,3.263,True,6d931113329f8cc74376011be591a6f4901434022e89ff4aeb1f82ddc8ee53c8
LIB_LVALRWDAOTYBNW,LIB_LVALRWDAOTYBNW__M_PUB_ALL__e8__s20260927,True,,-7.652,603d92d257dbd1ca4a9c706cd62d289e4915d6702924ee68cb425dd01492a43e,completed,2,[],1.998,0.002,False,-7.652,28,3.121,0,7.809,3.263,True,2670a915f2e61cd166fe7da280a4d6fdc54cd80aacc2a430d89487abceb83438
LIB_BUROQFHRHNMPDU,LIB_BUROQFHRHNMPDU__M_PUB_ALL__e8__s20260927,True,,-7.264,2b4912ce6dfe2cb67be70ac50d962ccb7eba22b4024b5b4fecca6260b7a06800,completed,0,[],-0.001,0.001,False,-7.264,20,2.805,0,0.568,10.833,False,e52106008ed6bfb00f63480cd18623d4869689bfab71b14bacd711df2751b293
LIB_WNRYFPGBHSMMSQ,LIB_WNRYFPGBHSMMSQ__M_PUB_ALL__e8__s20260927,True,,-6.165,225573637b11661c8a3a7fc8152a66fdbdb5fb916dc5d3095cb40673b99b183c,completed,1,[],1.005,0.005,False,-6.165,28,2.831,0,0.616,5.425,False,21f27574f38b11af4ed5c964914264631c3aa9c5eb54652ea66e3704eeec0195
LIB_KYJMGBRNBMEYEY,LIB_KYJMGBRNBMEYEY__M_PUB_ALL__e8__s20260927,True,,-8.337,2f54af0a145ef81cf4f16d6f0e374f543fc110ce7e79051894395724c2d5ec0c,completed,1,[],1.001,0.001,False,-8.337,36,2.885,0,5.458,2.885,True,b2625797f8f304d1c09c59118f46e901645f2dba74cc99f1fb15e066c6588fc0
LIB_AXHWESODWDIJCC,LIB_AXHWESODWDIJCC__M_PUB_ALL__e8__s20260927,True,,-8.261,cbb0c67dd43d6bca9e1d57f07965704e8c683d53ea83de30e9c9d23d9f1631e2,completed,2,"[2, 5]",2.0,0.0,False,-8.261,41,2.891,0,7.039,3.367,True,7816cba089a44a08b7baf2fc4f22defbfb5fba2677b4b4b2d5a888f52323a555
LIB_KYBJEPGFZBUXMW,LIB_KYBJEPGFZBUXMW__M_PUB_ALL__e8__s20260927,True,,-8.034,652832b924859daf653dfc356ba870160156ed5d336c3c2ec906551e15128814,completed,-1,[],-1.002,0.002,False,-8.034,28,2.914,0,7.482,3.152,True,22921b51e4e53f58365b0acb45707f2a97bd9e4f901817f11e4aa8e6553bbcb8
LIB_CMAHGGUCLITKBY,LIB_CMAHGGUCLITKBY__M_PUB_ALL__e8__s20260927,True,,-7.05,98938a0c8ba30777d4c6df986695eaf615d7cec7c0dcf5ce39a0f92e0bed6f2f,completed,0,[],0.001,0.001,False,-7.05,23,2.888,0,0.282,3.683,True,9f606fc24f9464d16779c77f331445381da85dab3e70a7dcdaf084048cd24385
LIB_LTQZYVDQJCHOBT,LIB_LTQZYVDQJCHOBT__M_PUB_ALL__e8__s20260927,True,,-6.074,b0fe8e056a7e278fbb154f219d12129af3418dace6e538ff1543c88fb6d13a8a,completed,-1,[],-1.001,0.001,False,-6.074,20,2.957,0,7.434,2.957,True,4af290c26567b9deb67ce5801c5ca13632330f7e560e89bf7283896b48164207
LIB_CGYVWNFDAWEANQ,LIB_CGYVWNFDAWEANQ__M_PUB_ALL__e8__s20260927,True,,-7.068,7f4ab8289f76b22cef341f1176289ee33f5390b1ed4d8fa1bade868441d6c80e,completed,-1,[],-1.0,0.0,False,-7.068,21,3.456,0,2.143,6.728,False,419d3aa47a78f52dffdcfaadca1007467d3e7c50f1f7e3859e1804dc52a0bea6
LIB_SGCDVZSPNVYMKM,LIB_SGCDVZSPNVYMKM__M_PUB_ALL__e8__s20260927,True,,-7.193,cef7d9c7f22e05e1c4e1232ec161aad5e5225e0a2ba5b0aef7511482b79aa4c0,completed,1,[],1.001,0.001,False,-7.193,18,2.923,0,0.153,12.898,False,ea8c6de272c9b37a138bbc2e3bc475ce7e48f556146c1bafdf28d0f988a49765
LIB_WVOIILLAZREIKO,LIB_WVOIILLAZREIKO__M_PUB_ALL__e8__s20260927,True,,-6.138,379a79c2051f8a88a5e4ead3a8c0ac99057b0f62861ae2e8ef6a483792c6f286,completed,-1,[],-1.001,0.001,False,-6.138,24,2.909,0,2.12,5.106,False,311e765b92c233db5d3e7daa0a777b130a2d5cae0cdf0df2b4faa3df6be3d7ff
LIB_TXFGQQCHKBHRQF,LIB_TXFGQQCHKBHRQF__M_PUB_ALL__e8__s20260927,True,,-7.156,334c8efa0bc408ffa088e2bd0c091887c75a8fe37e107c4722f99019c41df47b,completed,0,[],-0.001,0.001,False,-7.156,46,2.754,0,6.748,3.349,True,862b78883db4f40ec48f1b0382fb235e9e88224b6f551acf619ca8c5caefc0fe
LIB_KSWHJMMTIWWPIR,LIB_KSWHJMMTIWWPIR__M_PUB_ALL__e8__s20260927,True,,-8.144,9def5d6d6c78c631bfd8d67f4b3b012ef6bef1409001f3c9a1171d82a9aa43de,completed,1,[15],1.0,0.0,False,-8.144,29,3.283,0,0.255,3.466,True,63b639c3651e12e7d5d4d69b1c18b7c30cf6bc4174a42ba83079c32a4e484c19
LIB_CKMROKZCLFVFRW,LIB_CKMROKZCLFVFRW__M_PUB_ALL__e8__s20260927,True,,-7.141,ebb188284b15a33bc6c285e148bb0d0c8604857b1935291d60649b80ba14e015,completed,1,[],1.002,0.002,False,-7.141,31,2.811,0,4.605,3.23,True,5f7acd0c822b35c767748d63f0ce6bbdff93c2af3ba73d140c890858493ba455
LIB_XCGHYXHBCOQVTC,LIB_XCGHYXHBCOQVTC__M_PUB_ALL__e8__s20260927,True,,-7.294,e855a7868ffac4933aee2f227f81d32db267cc0a893ef9a66674d40444ecdf81,completed,1,[],0.996,0.004,False,-7.294,29,3.271,0,8.609,3.271,True,80909aae1561d69c99d465f17c0de0ba726ca27bf86f584c84da95126255e7bb
LIB_SPJBPKGFJMQWSO,LIB_SPJBPKGFJMQWSO__M_PUB_ALL__e8__s20260927,True,,-7.089,9c93591cd8d47795f8935fdc7c06bc17853cd847f6ac3ee65e05b485c73659b9,completed,-2,[],-2.001,0.001,False,-7.089,27,3.136,0,2.766,3.507,True,d6c82f89fe6cd52eb98c352b881e9d5d2854952754d6416b2486a210b97728fd
LIB_OFMFURWBSVOBBK,LIB_OFMFURWBSVOBBK__M_PUB_ALL__e8__s20260927,True,,-6.362,f5fc7554ed5b855b6763254579a4ce522cf4cac055e1d168b2858d7e0346283c,completed,1,[3],1.001,0.001,False,-6.362,16,2.776,0,1.975,8.853,False,366bcb7b8b750f030ad67d8fceb9e4c48dff5899612ea4f2db3a0e4e0f8e6226
LIB_YZZJLDVCVPYUMF,LIB_YZZJLDVCVPYUMF__M_PUB_ALL__e8__s20260927,True,,-8.373,94c85efd44411ae8209dcdb27c7609682d49c3ad0535f053312fd7cac3b4cbb7,completed,0,[],-0.001,0.001,False,-8.373,40,3.015,0,9.679,3.14,True,1032368eba8d7d69bc3d3d2862998f5a76edb81785f7eda49b52d44f3dc6b217
LIB_FXICKEZXEBWTBW,LIB_FXICKEZXEBWTBW__M_PUB_ALL__e8__s20260927,True,,-8.973,1d83e8231877ae95c8bf30e22a16e684a26d34bc350f3a4b9e56be21d78978da,completed,0,[],-0.003,0.003,False,-8.973,34,3.078,0,4.675,3.184,True,379d3a0b65fb28c0c1d6d75bca54a1a1b67c156113d7b5dd9009bb0436e3fe1e
LIB_HNFAIDZLGLIFJG,LIB_HNFAIDZLGLIFJG__M_PUB_ALL__e8__s20260927,True,,-5.207,6ec5e1a661aeb2cb41af52078f590cf6b6817c902d5ea249d3ad77adcea2190e,completed,-2,[],-2.001,0.001,False,-5.207,21,2.949,0,7.13,3.241,True,3fdc2aa428e696f59077efd0dba4550197e4bcce5bfeddcdd02654af10b13d83
LIB_ZCMRTFYSMQNOKC,LIB_ZCMRTFYSMQNOKC__M_PUB_ALL__e8__s20260927,True,,-6.549,43a7f3fc8bd8280ec4e43a5f3e9bf3b77a632590bea0539feb32aedd2feff2ae,completed,0,[],-0.001,0.001,False,-6.549,21,3.018,0,6.537,3.475,True,ec225d98f618e167e8ac27a9a4fcabb2422c17ad7d4335c6911b236e0ccd3a2e
LIB_CLZJJBZJUIWHJT,LIB_CLZJJBZJUIWHJT__M_PUB_ALL__e8__s20260927,True,,-8.129,fc2f8c56802e0eeaf6a9a6837a86bf4171be7ca43b22df2761b0989bcc4a5e3e,completed,2,"[7, 10]",1.999,0.001,False,-8.129,34,3.523,0,9.795,3.562,True,b2f225642428dad6daab9485467f93a5916e5d10c6b286b262a47cf967e050d9
LIB_OKWGMOAQRFSSET,LIB_OKWGMOAQRFSSET__M_PUB_ALL__e8__s20260927,True,,-7.842,253203c23ff1c55e9733c46ee0f1b1c6202ae0a789149199070bfe6b721a505d,completed,0,[],-0.002,0.002,False,-7.842,34,2.928,0,3.628,2.928,True,378433d2372e43b5a23e68c6321263b62b79ef308ba946f05b578f15f7d80e76
LIB_CKDNHQVHGHKQIG,LIB_CKDNHQVHGHKQIG__M_PUB_ALL__e8__s20260927,True,,-8.487,e7778477ead66d80b4f247f0eb6386845d1674478f602a1f90edefaf9562fe4f,completed,0,[],0.002,0.002,False,-8.487,35,3.056,0,8.156,3.189,True,65b5294da8844d73e7bcb57b2abb9343072ee0a32069ed17b081fc67e90b5064
LIB_APHXKHUFVKITGC,LIB_APHXKHUFVKITGC__M_PUB_ALL__e8__s20260927,True,,-8.36,965379b8dc5c61ef4434ed16856c849324baee0dca5802a85699f9303effa5f3,completed,2,"[14, 17]",2.003,0.003,False,-8.36,31,3.209,0,8.893,3.516,True,95646579cf4e235867fbb3d32b440898f1740b2d38633f701baa2507684d51b2
LIB_VNBPNFZLNMXVOP,LIB_VNBPNFZLNMXVOP__M_PUB_ALL__e8__s20260927,True,,-6.959,1ae1ddd446068e6869778562bd935cceeac7ef0e31e960f01efb6953d4b8ce55,completed,1,[],1.003,0.003,False,-6.959,28,3.289,0,9.474,3.289,True,d4e4ce8fe7dee0fd3d4071545b4796ec543cd920ea44f63c98826e83c1798635
LIB_WTTXOCIXCSNVQR,LIB_WTTXOCIXCSNVQR__M_PUB_ALL__e8__s20260927,True,,-7.763,0bc520fd9a92779e4af9764bc26b43b61140406f900784e6c7ec9ce12c960010,completed,0,[],0.001,0.001,False,-7.763,28,2.754,0,11.5,2.754,True,708c428df0f5dc60c34d8445be64aa4f91dda118cc5827cca34002e4f0643f39
LIB_YSOORCJLQNLHPL,LIB_YSOORCJLQNLHPL__M_PUB_ALL__e8__s20260927,True,,-7.479,e2f962eecb1e8951ff884076e6a9b6ae7450105b1f658e011d0ecd28cdc0d24b,completed,0,[],0.0,0.0,False,-7.479,28,2.88,0,10.005,2.88,True,1ddc79f34a544ae0caf467ea458260a1d52063393ee31fe2d8c183fb75dfec46
LIB_JDAANLOCFREMRX,LIB_JDAANLOCFREMRX__M_PUB_ALL__e8__s20260927,True,,-7.974,45e5121aa8262156807a56795ef4162d4273ba1102eb6c46a91850020c83cbdb,completed,1,[],0.998,0.002,False,-7.974,27,3.298,0,9.284,3.48,True,8b54d49073a9ee8e691e22d801a3e381dccc0c25fd10e5b1797bba9abbb3b757
LIB_IUZLUPKKYDAWNH,LIB_IUZLUPKKYDAWNH__M_PUB_ALL__e8__s20260927,True,,-6.059,8076c38cc291defce1bd81265e709aaa69c5c765bb848548da0c66b35516809b,completed,0,[],0.002,0.002,False,-6.059,18,3.328,0,0.332,3.4,True,e43b1d6c57370dcf87b0aa9268160ea841b18967ef2a0100a363270d94ff770d
LIB_QMOYFHWYOPGKGI,LIB_QMOYFHWYOPGKGI__M_PUB_ALL__e8__s20260927,True,,-7.227,0b27a329a1e86262b873bbefdc32e784bbec1f99c100c96b8e4648b40fb04b43,completed,0,[],0.003,0.003,False,-7.227,27,2.869,0,7.6,2.869,True,3e4698811ffca146c14ffe71bbcf6424d5bc855b45ad8d0054b99cbbad36dabe
LIB_HAKUBDUVAGUCGC,LIB_HAKUBDUVAGUCGC__M_PUB_ALL__e8__s20260927,True,,-8.062,47c17ea7940920665932a07c1414660c8aa39ee6f8580c854e70f6d455c18d72,completed,-1,[],-0.997,0.003,False,-8.062,26,2.956,0,0.166,8.951,False,07d1095493c5be7f60a4536e6f152866110e8ed7a4370a33c4a64fe943a848fd
LIB_BZBZUGSXRITWQR,LIB_BZBZUGSXRITWQR__M_PUB_ALL__e8__s20260927,True,,-5.937,14fe85243ddae8c25111ec69456dd8dace8ac8dad3153ae465d39f82a0e401d9,completed,-3,[],-3.001,0.001,False,-5.937,26,2.813,0,9.971,2.813,True,7484e36220acda3223a7d627dfd6365c25d76c0c3d1758e8b3fa5149c74294b7
LIB_GAWMJJRVBHQXMS,LIB_GAWMJJRVBHQXMS__M_PUB_ALL__e8__s20260927,True,,-8.252,1086e1a99ee08cdb926c08f7c3ba52b593e13b990d9cd0ab16dbcf75c2828203,completed,-1,[],-1.0,0.0,False,-8.252,29,3.005,0,10.031,3.005,True,ceb1e5b8d609666265d04fd24350a43a14c8487cbec66abccd9b9146caa57e80
LIB_YLSOYKKCZWGOAL,LIB_YLSOYKKCZWGOAL__M_PUB_ALL__e8__s20260927,True,,-6.298,0b6da4e29ca4a9f367b555f69791df4f23e3a006cd1496ebb400e0f5d9786b47,completed,0,[],0.002,0.002,False,-6.298,35,3.105,0,9.811,3.105,True,d0ac4a30c97ebc43e0588d866b5b9563e9b8521cb2931a1ce891ff86ed303f50
LIB_ZHCKPBKNEQACID,LIB_ZHCKPBKNEQACID__M_PUB_ALL__e8__s20260927,True,,-7.551,8076506a0c4a663c2107939cc900f8e20155e41cc49ed0e4b1b18d28f2e31093,completed,-1,[],-1.001,0.001,False,-7.551,23,2.95,0,0.668,9.095,False,8da985a451b8bfe58c4f368fa95d2d29f0284a35e39006900328c69a330c68a1
LIB_GEIOOMRKGSMHML,LIB_GEIOOMRKGSMHML__M_PUB_ALL__e8__s20260927,True,,-6.755,b199c458071878b23e137e8cff49724ad727200ee3ab836a7fd3efa6f8fcf176,completed,0,[],0.0,0.0,False,-6.755,20,3.246,0,0.785,3.537,True,df6e44a3f9029279d6e07c2cf4aaad24b3f1aba1286c0a76de1d20bb5cd6e6ca
LIB_YJKUGONIJWVAHM,LIB_YJKUGONIJWVAHM__M_PUB_ALL__e8__s20260927,True,,-7.531,23f9dceb154cbfa69e6d4316b24ac47a079daa72d64e79a43f590e6ef9598556,completed,0,[],-0.001,0.001,False,-7.531,28,3.137,0,2.931,3.137,True,d360d2bd843aa12ff4a8105c5e9a85864823921e4ad3bd3d3057bd63877aa479
LIB_YFXUIKYIQHGCCE,LIB_YFXUIKYIQHGCCE__M_PUB_ALL__e8__s20260927,True,,-6.572,e6e112cd8a921605693126b6618ab433273bcd72e6ec6bce49d768f5a4513402,completed,0,[],0.0,0.0,False,-6.572,28,2.585,0,6.574,2.948,True,8bf6cabcb64000c1ed0e4d659d512545136cacd807fb5000c144d77f68085557
LIB_PRFCJLMTRMJJIY,LIB_PRFCJLMTRMJJIY__M_PUB_ALL__e8__s20260927,True,,-7.976,c85e697dff1ce2ca7835365b565d23114a619ae91da5fea9c082d552cd6aedd2,completed,0,[],0.002,0.002,False,-7.976,36,3.235,0,3.077,3.235,True,9ddb1f323c67d2e65b76e32ed06e69dd4fefa705c37b0057b2073752cd5722c2
LIB_OJUNZBGNMUTVGC,LIB_OJUNZBGNMUTVGC__M_PUB_ALL__e8__s20260927,True,,-8.668,a8d97c162ade8d8977a974bc8b161a5e6d8f7ccaf75c9867b47863dec44ccca7,completed,0,[],-0.002,0.002,False,-8.668,30,2.933,0,3.653,2.933,True,f8a90f87ea0056caf84a4c07554d0f28cdb8734786da9850c93d1fd79fc99f6a
LIB_OOBVFAPEUYZCPP,LIB_OOBVFAPEUYZCPP__M_PUB_ALL__e8__s20260927,True,,-8.202,349ee371dcd9505f4cbaa1ec76d2d48ea2606124d6047100dec949219e6036de,completed,0,[],-0.002,0.002,False,-8.202,33,2.62,0,3.037,2.932,True,30a393ae05165f4199ce29441dd068a540d3c3d56289a2d6dbe05fe836f99697
LIB_FTFOAFZZXPZIAN,LIB_FTFOAFZZXPZIAN__M_PUB_ALL__e8__s20260927,True,,-5.003,31fad16ef95af931e898137945706fe939712f8a8510bcf97fcbf71dc9e4af59,completed,0,[],-0.0,0.0,False,-5.003,18,2.939,0,6.712,3.485,True,f0c46f12e43ce8c21949efb3aa7280d64683f24cd29dd9d5eda7b4ed12901af9
LIB_UYSJVSDAZQUFEH,LIB_UYSJVSDAZQUFEH__M_PUB_ALL__e8__s20260927,True,,-8.041,d033177d2bd8e323de9caf548415b52ec13f4f99463e73b68e3cd4f3e3640bc7,completed,2,"[1, 7]",1.999,0.001,False,-8.041,23,3.067,0,8.143,3.067,True,e3dd579cd6a10c64e5e725b950cd2be92573f2c92ac283acac59986b14090a81
LIB_MCMVYADVIOSDHY,LIB_MCMVYADVIOSDHY__M_PUB_ALL__e8__s20260927,True,,-5.579,be75f2acfb632db108d32a5b8568992168a827aec69bad3b272e2165ec6199ef,completed,0,[],-0.0,0.0,False,-5.579,26,2.807,0,7.965,2.807,True,b28bff921efb4a908855107a0409547bf146f5c8371ed88b38f580eec024043c
LIB_QUVFHVHLCFFINS,LIB_QUVFHVHLCFFINS__M_PUB_ALL__e8__s20260927,True,,-6.677,da0d0c3eb4e9f56b949bf22beccec4da8502763e63445eae835876b1f577ea55,completed,-1,[],-1.002,0.002,False,-6.677,16,3.318,0,2.428,6.791,False,429426ca99b8700e8e95b37f29c8d06393d65384a6fafd6760b814a44ddd5aad
LIB_PONILUFZRIPFJP,LIB_PONILUFZRIPFJP__M_PUB_ALL__e8__s20260927,True,,-8.663,aa2e03cbe7f47d0ed0a537457939e764c88df023a3103510f4b4ef703ad6336d,completed,-1,[],-0.999,0.001,False,-8.663,29,3.209,0,-0.041,3.209,True,deed2bb74fe69c75e3d4a75fb4895e70e7a36db839592e582f2068e7f8daf839
LIB_HKBHNZWWRRRSCH,LIB_HKBHNZWWRRRSCH__M_PUB_ALL__e8__s20260927,True,,-7.313,6f4f887a2dd63c5153b6c208611ab7d2b61c56eaac45283485edd09f1cd83451,completed,0,[],0.0,0.0,False,-7.313,32,2.877,0,7.407,3.522,True,605a8b1fa85a39e64e793f895ad465ef74bedf59c5c5810b7b157104706b9e39
LIB_UVJAYAHHKNFNAG,LIB_UVJAYAHHKNFNAG__M_PUB_ALL__e8__s20260927,True,,-7.167,e7b06cc3cecd369417e772d82197cc203c6e6d9afb636845f2974bb2befe6903,completed,1,[19],1.001,0.001,False,-7.167,30,3.159,0,7.442,3.159,True,d79d2e0a92017e1f60823602f3ede1f961ad44faad4b2a94ce0b64a66fe2c075
LIB_IFIQVSCCFRXSJV,LIB_IFIQVSCCFRXSJV__M_PUB_ALL__e8__s20260927,True,,-8.208,ac366697388b85438ab3e3593f64e7c41d8a89aea0cd0c378f02e384621f0a0e,completed,-1,[],-1.0,0.0,False,-8.208,36,2.702,0,7.072,2.967,True,2d3a671342e8dd43012dbfa6b8433486b0ef848c080672cefe1b3d35f8f49431
LIB_OHXCLBVZKIOYOG,LIB_OHXCLBVZKIOYOG__M_PUB_ALL__e8__s20260927,True,,-8.755,68a79efb7c1f53638a43f8b66cd824df354f7778b5af167fef64e661b77b5a33,completed,1,[6],1.001,0.001,False,-8.755,37,2.847,0,4.566,3.415,True,0666a7b4e379f18f0f145f588997b4c193bf715aa40fcd16de9aff9fa64c5cda
LIB_KRGWFTJXWQZJML,LIB_KRGWFTJXWQZJML__M_PUB_ALL__e8__s20260927,True,,-8.256,222e1b5743563d4c6232f81bb3a43cb541d3e2d364e96ddf6fe875fbaa69430e,completed,-1,[],-0.999,0.001,False,-8.256,37,2.892,0,9.528,2.923,True,28d8699bdb04938514a98e260633f12180606678287d10cd81157889868efe01
LIB_KRKNYBCHXYNGOX,LIB_KRKNYBCHXYNGOX__M_PUB_ALL__e8__s20260927,True,,-5.815,a30dad00093ee4006a9a60803894b347cb3a806d57fb9684936da36d0a599244,completed,-3,[],-3.0,0.0,False,-5.815,13,2.95,0,0.969,13.974,False,38745b8e7c02dbd0dc176f8cdb67c8f5b90a813113fdeb850183c495efd5926e
LIB_KWWHIDCVULQSFZ,LIB_KWWHIDCVULQSFZ__M_PUB_ALL__e8__s20260927,True,,-6.175,0e2601a2d3681a20b685ccda4a9add365d0ada1baac041cb70b4ef9945578352,completed,0,[],-0.0,0.0,False,-6.175,12,2.999,0,0.734,13.538,False,d34c3ef24f7c8691982e5dfa796272c8991d4e996eb8212a35aed1dba3a0afbf
LIB_CHFMAFLBJKNXLK,LIB_CHFMAFLBJKNXLK__M_PUB_ALL__e8__s20260927,True,,-9.755,cf1605957dcf273bb76f0cc66913785358d604070bba0c406144062551d59f6c,completed,2,"[16, 29]",2.005,0.005,False,-9.755,43,2.933,0,8.325,2.933,True,9c8385beea2b7514aa78733d00c97ed495d49888024849bee59331c07128f2b6
LIB_LVSWEGNPHRUXSW,LIB_LVSWEGNPHRUXSW__M_PUB_ALL__e8__s20260927,True,,-8.928,a0d8367efd40751fc7f42b177fa8f95be57f2c007606eff1b23b2f8b8e6ef5ee,completed,1,[1],0.998,0.002,False,-8.928,40,3.259,0,3.01,3.48,True,c56588f8753593d397e606e053f05e53de6710fb4db32200c151f3bb2573816f
LIB_OFWIRPXDLBDEFC,LIB_OFWIRPXDLBDEFC__M_PUB_ALL__e8__s20260927,True,,-9.29,0138ad38caf4bb9bc9bfc8a9be600dfcadcbd2fd99c43dfb06af467e145d197e,completed,0,[],0.001,0.001,False,-9.29,45,2.702,0,7.008,2.964,True,673a32affbd916fec3d9593ca5608a8a72e66e4cc554ecd2e52bf45a7f267eac
LIB_ONKDPBFYYUGYFL,LIB_ONKDPBFYYUGYFL__M_PUB_ALL__e8__s20260927,True,,-9.382,b4da204590061b9a1f467c2ad4249b80a846b4631e850b149f00dcf66adc8061,completed,0,[],0.004,0.004,False,-9.382,45,2.692,0,6.994,2.89,True,ebba8a6a34526ffbd4739ddc625641a73b710dc59e93ea7ade2d00870fa07d9a
LIB_VOJUDERLBZKDIW,LIB_VOJUDERLBZKDIW__M_PUB_ALL__e8__s20260927,True,,-8.981,439540b8f30d214c3519e47ce8ca24f2765c5c5d3aad1426981b35a57c07779d,completed,0,[],0.001,0.001,False,-8.981,46,2.827,0,8.317,2.937,True,56f4d67d84283ab78ccdd25d02648be91ce305f64d17f56af5ffe35a9fb99ea2
LIB_NEBOKDKFXPUVNX,LIB_NEBOKDKFXPUVNX__M_PUB_ALL__e8__s20260927,True,,-8.786,a0e63bce331f95b9056160f2a15a84bf4f42042a4c2929ee4a9950669b94a0ee,completed,-1,[],-1.0,0.0,False,-8.786,44,3.054,0,5.995,3.117,True,b5fee7a22eab14f6d7515b384a9883209a09dbab672b4d06438f8a4c1de0413f
LIB_YMNLMXSYVMONGN,LIB_YMNLMXSYVMONGN__M_PUB_ALL__e8__s20260927,True,,-9.423,5b4720a47a44ae32e09f72e5967fc27713bd48ef8a28c44cc3321f6a1776fecc,completed,0,[],-0.001,0.001,False,-9.423,44,2.902,0,7.807,3.242,True,ea18dadb622874a7bb26068622247d13e302ac753e0268db85ca0ac67f1aefb4
LIB_JRPKYTRZLLKZAQ,LIB_JRPKYTRZLLKZAQ__M_PUB_ALL__e8__s20260927,True,,-10.744,d4cc95b1f5fb6f727fd92e662d4e29ff2597933dbbf53d533b8d0cae14c6d755,completed,-6,[],-5.999,0.001,False,-10.74,38,2.822,0,6.489,3.202,True,59e54c54fd0f7f2cfa1bde32346a72fcec9ca2ac5eb0299adeeb2ce9d551a8ab
LIB_JFJZZMVDLULRGK,LIB_JFJZZMVDLULRGK__M_PUB_ALL__e8__s20260927,True,,-7.022,21c0742f93283dfa698e40a5ae6d9d401d9dd5142cd1c20566f360b7e2d68b38,completed,0,[36],-0.002,0.002,False,-7.022,45,2.831,0,2.482,3.314,True,2692d721fa6cc3c8b669425177b8f80451a3aeb3cd639333e37e125490acfdc2
LIB_HBSKTOHGBYHMLP,LIB_HBSKTOHGBYHMLP__M_PUB_ALL__e8__s20260927,True,,-9.809,57db25df2b9623661759e1d74d1a55fe8eadda518def63d7bc90913d518a1e5a,completed,0,[],0.002,0.002,False,-9.809,40,3.141,0,4.134,3.344,True,7c1d807e0f3c87cfbf65160da3ee80f9e1036fbf20458c8ae9d6613bf89c6a15
LIB_NHVGQRASKRTWLZ,LIB_NHVGQRASKRTWLZ__M_PUB_ALL__e8__s20260927,True,,-9.705,45f0a253f31696917ad033d3da90b4efe97a8e2dd5ab16202a1d5b435d633bb2,completed,0,[],-0.0,0.0,False,-9.705,43,2.791,0,8.898,2.791,True,f2ebc528d5d724169a9ef85b126b2fa0e2079effe124f2bce1fabb8aca80d77d
LIB_JDMGNUZGYHBPDP,LIB_JDMGNUZGYHBPDP__M_PUB_ALL__e8__s20260927,True,,-9.384,d1e266ffba954465a9c28e55a3e7c980ad2c8476f2a040d2e161d72bdeb8c384,completed,-1,[],-0.999,0.001,False,-9.384,44,2.877,0,6.892,3.023,True,0946ad7e78317d0dbb93aa67bf1ce5bb9f56759e3a048d0c107555da3b6eeb3e
LIB_WSTGIXIJIWZIHP,LIB_WSTGIXIJIWZIHP__M_PUB_ALL__e8__s20260927,True,,-9.655,4c9064cfc612e49f6c9a6a84b4af7d51ba8759f9cab2756c9815383396eece2b,completed,-1,[],-0.995,0.005,False,-9.655,44,2.73,0,6.963,2.73,True,28718fa1932081d6cccce64f521e9b35f885d3c4eb25aaea998cee989b61c936
LIB_BPLOGUVUEKYGFE,LIB_BPLOGUVUEKYGFE__M_PUB_ALL__e8__s20260927,True,,-9.013,31830aea6c725f8f3fbd02a9892ed026ef3eddfe528e772e9375f002e9982011,completed,0,[],-0.003,0.003,False,-9.013,49,2.736,0,8.662,2.736,True,8a8a07c450b0cee2c429b62b44589d7eaeda2ff0614311e134904df28b49c5b1
LIB_UAJLGPWMTHKWBD,LIB_UAJLGPWMTHKWBD__M_PUB_ALL__e8__s20260927,True,,-8.039,e8d0692596dc64d4c9d68b1751369f040e5cd891d69c3a61990b5edc50c4c4b2,completed,-4,[],-4.001,0.001,False,-8.039,41,2.703,0,9.631,2.703,True,7bf12772473baeb98fca1533e4c86453ebe2e27dd32ae3c0307e3ba881e6a6aa
LIB_XWAXDNIZFDHSSU,LIB_XWAXDNIZFDHSSU__M_PUB_ALL__e8__s20260927,True,,-8.522,69891568dc7985e52e3b43b2f5128046c5107878dbf9855083c2dcf99409b966,completed,-2,[],-2.005,0.005,False,-8.522,42,3.033,0,3.921,3.033,True,95eeec63457835c0e07869f58460bbfe1407add632b409f0cb8639e86346ec7a
LIB_QDQTUGOWMGACMO,LIB_QDQTUGOWMGACMO__M_PUB_ALL__e8__s20260927,True,,-8.661,573617be5cf112cf2a19f5e40b9092c3b7194007ec105eae4d444b94ba4c9ce3,completed,-1,[],-1.002,0.002,False,-8.661,39,2.712,0,7.755,2.783,True,3f3120f70ad927462e871b67a096a4ea263a640f891f9435707bdcffa2b74eba
LIB_BXMPHYNIUWLBLW,LIB_BXMPHYNIUWLBLW__M_PUB_ALL__e8__s20260927,True,,-9.765,771469a594a74bb62af9c1fcbe07f86ad04082dc509dd598a5db443343fc7e75,completed,-1,[],-1.003,0.003,False,-9.765,42,2.701,0,3.209,3.354,True,aefa4a76ccd80f5599740d81e0d2c2e702817a40bb3cfbf39381f743a446c2a2
LIB_TZZWHMBWMXOBCM,LIB_TZZWHMBWMXOBCM__M_PUB_ALL__e8__s20260927,True,,-8.898,2b6e0ca648ecce6c116d82a2a5ae33f7d217c01fc3349b22535cce277fedcb0d,completed,0,[],-0.0,0.0,False,-8.898,39,2.756,0,7.75,3.471,True,317c84fabe4812fc318e2c0056aa69647cb55f288a4e67fdcfb2c0872c767c3c
LIB_FDCXXPBBHPICRU,LIB_FDCXXPBBHPICRU__M_PUB_ALL__e8__s20260927,True,,-10.668,000c9d9a0ad93789f6d6851a8d6a698138273b9b93bb50d6e015dada8a605936,completed,0,[],0.001,0.001,False,-10.67,43,2.966,0,0.586,3.333,True,c0766f5efd39458ab08e6d95e4e2364fced4bda8e547beb558d0e875dd92c68f
LIB_GMFZNQYZGJZENC,LIB_GMFZNQYZGJZENC__M_PUB_ALL__e8__s20260927,True,,-9.912,f08ead5f9ac9349c6f40cce26240699fa55cc578cb5809e81011df9bea31dea7,completed,0,[],-0.002,0.002,False,-9.912,43,2.771,0,3.22,3.567,True,c815c81c4f3a5a78c7cf069411b786e235b48a0ce4c3c06621a5f075bff870b3
LIB_YDJYRDOKNBKUDY,LIB_YDJYRDOKNBKUDY__M_PUB_ALL__e8__s20260927,True,,-8.466,b6ff901ea572f0305274e9661c5abf2080b33dace0ff7ad6ced5eea53f10cc57,completed,-2,[],-2.0,0.0,False,-8.466,40,2.873,0,9.064,2.873,True,e56e811ba8b53fb51eb123029536121bd47bd590ce55267cbc3d11e5c8e0fca2
LIB_HTEUQPWFMDGLKN,LIB_HTEUQPWFMDGLKN__M_PUB_ALL__e8__s20260927,True,,-9.813,26a66d39419423c66dc887e6bfed030b8814319844275798e600a42f6e9f86d7,completed,1,[2],0.999,0.001,False,-9.813,45,2.8,0,8.732,2.8,True,d2d618ff355e695a9926a309faafc34fdc727b4242e59cd1396c00f611babc2e
LIB_ZQOONWLSKQGNJP,LIB_ZQOONWLSKQGNJP__M_PUB_ALL__e8__s20260927,True,,-7.364,cfb8efd63a953423be124f14c88d4411d72ddca0ec6ed847e89b8317753b28fa,completed,0,[],-0.001,0.001,False,-7.364,41,3.029,0,9.718,3.167,True,4f19220f4b944d3e3c11559899120c2cdeb6dac9d23ba5a2da16b22f09524763
LIB_HRXLCWSIQGZEGT,LIB_HRXLCWSIQGZEGT__M_PUB_ALL__e8__s20260927,True,,-7.314,e1562e70068f0f36a321dd65e4bdd898102363b65c0acd4223dfcc535ab065d4,completed,0,"[7, 10]",0.001,0.001,False,-7.314,47,2.964,0,7.121,2.964,True,bb8200c2d8376e1a16a1d0ecc5808d1c52b599210f6fcbe96d70ae62f9a6239e
LIB_YQPHBBQBBMIYLO,LIB_YQPHBBQBBMIYLO__M_PUB_ALL__e8__s20260927,True,,-9.863,5532d6ec435fd3774a3ed1f864a26d50608a489e12450a48c0688d1606c5856e,completed,1,[14],0.999,0.001,False,-9.863,44,2.805,0,8.887,2.805,True,4cb31cab0c54cc16b8f24c05b1567df2895a9afc0a92dc1e86b6a51b59080d91
LIB_RSCVHKUJNYXHPQ,LIB_RSCVHKUJNYXHPQ__M_PUB_ALL__e8__s20260927,True,,-6.577,b2e2943b821adfa5e8eccb4d889cdfb79dafd8db40c9c93bfa22e8953b65c447,completed,0,[],-0.004,0.004,False,-6.577,45,3.048,0,10.261,3.132,True,aa797469aec0da97769114a534c785c87fc20a546ee20c7affb7328d0a65134b
LIB_FYPXVPUOPMHLDN,LIB_FYPXVPUOPMHLDN__M_PUB_ALL__e8__s20260927,True,,-6.749,cc4d68c3c73ac7a2e0787704952419eca07ed96b766916bc7c6e965a50b6ca2e,completed,1,"[7, 10]",1.0,0.0,False,-6.749,47,2.944,0,6.165,3.255,True,095be3c313dff9a09653520127c60a848c8bd47d911de03e99ac1ae1ba54092a
LIB_NNIHOVDDAZGURH,LIB_NNIHOVDDAZGURH__M_PUB_ALL__e8__s20260927,True,,-7.946,00c7f6a3085ff0322e21b4ca33139273546413131ac8054cc60512137e8a6477,completed,0,[],0.002,0.002,False,-7.946,46,2.834,0,6.906,3.631,True,fb2703f806f5425c765471d20d68b6d14c28af2b05aec9ac2f87eb1defe9b99e
LIB_QLNUKHGTFPPKSK,LIB_QLNUKHGTFPPKSK__M_PUB_ALL__e8__s20260927,True,,-7.632,1ccc564f64750fe618d2fffd59a4368748a3bf2f6592ca76fc1eaee851358873,completed,0,[],0.001,0.001,False,-7.632,43,2.842,0,6.033,3.452,True,93ed79f8e20ec06845a65ecd55eb8724a2f9c942fe37411383728edacca52ec9
LIB_OVOJZOGJIHRBMM,LIB_OVOJZOGJIHRBMM__M_PUB_ALL__e8__s20260927,True,,-7.161,cb5240254d6ab4b82444bb03422cd7ad1030b6ecb7c4774186a67d3c2b613c7c,completed,0,[],-0.001,0.001,False,-7.161,43,2.885,0,9.675,2.885,True,e040e68bf9c429a6a5bc4ed3824f63e4b28b7d72d6802256e20e22f8376df7f9
LIB_OKBVEGJXRLVXHT,LIB_OKBVEGJXRLVXHT__M_PUB_ALL__e8__s20260927,True,,-8.259,4cbfdf7d8128c10926c6a382fe581b06fb465ca66eb7cef5991acf4ffad412f4,completed,-4,[],-4.001,0.001,False,-8.259,42,2.868,0,10.198,3.228,True,29a99eafe897cc4f1f6fd006def3e8ad47997949407857cc6735f4f539e293ca
LIB_JFADHIAXFVRSJF,LIB_JFADHIAXFVRSJF__M_PUB_ALL__e8__s20260927,True,,-9.708,cd3bf174f7100225fbb5892c18b1a699ae388d17c4d66de2b4e3e81a45bbfb02,completed,0,[],-0.002,0.002,False,-9.708,48,2.984,0,3.049,3.994,True,2e229306f8013fe7daa05478e2e6e44aacf025ffa727a7bb37bd81ca4c91ddb1
LIB_IJNPXERHOGNDDN,LIB_IJNPXERHOGNDDN__M_PUB_ALL__e8__s20260927,True,,-8.704,01ab25c82f7d351f79bfdb337f6aa373916770d4d9f316e8c7bb57ab76492b29,completed,0,[],-0.002,0.002,False,-8.704,38,3.301,0,7.653,3.501,True,d70c0ece3cc58f428518210c250d0dded34b2970d6399489eb7cb907b849334a
LIB_LWTKJTIPCMXHIH,LIB_LWTKJTIPCMXHIH__M_PUB_ALL__e8__s20260927,True,,-8.422,2094cb71c88070980bee0c445480a5303fdc49baf3ac6391848e4191faa5c59c,completed,-2,[],-2.004,0.004,False,-8.422,41,3.003,0,5.351,3.003,True,7b5a4fd9974f3060edd48c23ed63499c00c0fcbcec82ac9e3ecb6ff518803c3e
LIB_XKOPCBHBBCCNEY,LIB_XKOPCBHBBCCNEY__M_PUB_ALL__e8__s20260927,True,,-6.889,b39875d9a3401a53e00419819e8e224155f220cb00d91b944faae4177a6062ab,completed,0,[],0.0,0.0,False,-6.889,45,3.032,0,7.714,3.054,True,f2e4364f9777e0e0fb907b947d3172bfd001c076dccdce267a6dc7c1543bcd03
LIB_RWVZCSBFQAARFN,LIB_RWVZCSBFQAARFN__M_PUB_ALL__e8__s20260927,True,,-8.811,3ffbc0cfb45b3734e616034e43189e029307f8da73f6a38afeb5b6f364815ea6,completed,0,[],-0.001,0.001,False,-8.811,38,2.852,0,7.432,2.957,True,2ef736bf9087266e81d780c64e967ef80e8feaf74a9211486e7001c1c9e9d6b4
LIB_REZFVUNAFUHYBW,LIB_REZFVUNAFUHYBW__M_PUB_ALL__e8__s20260927,True,,-9.608,aaa695248d2b7e51ff92c7618c753027d2bad2c615b3dc221b2d6685fa08c639,completed,2,[],1.998,0.002,False,-9.608,44,2.827,0,2.731,3.428,True,6c9056270254411db68b6f807e33fe1b7ccc779b1db187971a41fda75c1cc8c8
LIB_VULLSLYDWNGNKZ,LIB_VULLSLYDWNGNKZ__M_PUB_ALL__e8__s20260927,True,,-8.893,dfdf2cd813422841f965afa3516c337044c0fdde9a12ca83903521592d1ca648,completed,-1,[],-1.001,0.001,False,-8.893,36,2.88,0,10.37,2.88,True,763c7d7363dd70ad5653c67152cda37d36d4e77c73caeda1dbadfb2178fb65f1
LIB_IELVEPMRFQCOKL,LIB_IELVEPMRFQCOKL__M_PUB_ALL__e8__s20260927,True,,-6.907,313fc2f20b6ff61bf13281e4a8e57ec767fe0003716d6da27f27cdd738d0f236,completed,0,[],-0.001,0.001,False,-6.907,44,2.897,0,8.983,2.98,True,0ecb60d4f29a6028606c216dd3d68d97e15fb622f91e0809f963ff829276338a
LIB_GMJDBOQFBWJYSY,LIB_GMJDBOQFBWJYSY__M_PUB_ALL__e8__s20260927,True,,-6.284,632c66a898ed207c2c7d92524c2bfb74263b9edc010ce91ad75da3b8e492f967,completed,0,[],-0.0,0.0,False,-6.284,41,2.808,0,7.409,2.808,True,1d24d74a3d13a5dd57754facc7954172593681da31c30327da5ab61a3debe7cf
LIB_IUVCFHHAEHNCFT,LIB_IUVCFHHAEHNCFT__M_PUB_ALL__e8__s20260927,True,,-9.645,b2036a1548ac0a4c57ae35096dbf03ba7f3448e1a4ed14103e80fbb5c77e8656,completed,0,[],-0.001,0.001,False,-9.645,42,2.802,0,3.139,3.342,True,9da115bd872c6529faa39a61aeb70b3dcc22945380d47efe6847c9a59517455a
LIB_ZRXGKCCYQOMSJI,LIB_ZRXGKCCYQOMSJI__M_PUB_ALL__e8__s20260927,True,,-8.634,632cceab47bd6ba8ce8bb2013f339d43f2ae83eb3ca01992a8b7986f340d58f7,completed,-1,[],-1.0,0.0,False,-8.634,41,3.345,0,9.472,3.345,True,a980aecc349763f8637f43d63c3b5603e5a2867f5e9fa5283b10d031fc514d6a
LIB_CTJUVPHBVVMJHR,LIB_CTJUVPHBVVMJHR__M_PUB_ALL__e8__s20260927,True,,-8.68,108ba90b891da8d746efffb8f7d8d986bf1557b936645878eec4733a9018a47c,completed,-1,[],-1.0,0.0,False,-8.68,41,2.937,0,7.665,2.976,True,4925066e7b7cc1c339fac50d1afe624e340e19dba82d9227bfc55a4ef51145f8
LIB_PWPRVHILSMCPLW,LIB_PWPRVHILSMCPLW__M_PUB_ALL__e8__s20260927,True,,-9.553,7dd1cfa1de53f039c016e836b0b73fc75ad1689672ac971c3bf560156bfc26ee,completed,0,[],0.002,0.002,False,-9.553,47,2.897,0,8.051,3.07,True,f13bc59565dfde7a12373eae41dd681f074bd0b42763255c6519008674f8c755
LIB_GMMYKYNDSYLONO,LIB_GMMYKYNDSYLONO__M_PUB_ALL__e8__s20260927,True,,-8.936,a82a1e146c923657b71dcb50e26dc7c3c9ca1663d23311b1e1d5bf031c3e3032,completed,0,[],0.001,0.001,False,-8.936,42,3.092,0,9.112,3.092,True,b5e71574b19213f04a98b06fe9d464ef2a41528e8544dc987a231eb83eb0c6f1
LIB_WFFUGMCEOIJHMN,LIB_WFFUGMCEOIJHMN__M_PUB_ALL__e8__s20260927,True,,-8.895,b1c9ebd4259b502e70db6f8df09cb7b5ed468dec830794f9cd52c1d41cf863c0,completed,0,[],0.001,0.001,False,-8.895,42,2.983,0,9.808,2.983,True,e30c39605192cd6a859830c741d47bb1e9908c864f8cbaf0cc4ef20d3bf870c8
LIB_XSSPOOYIFPEICN,LIB_XSSPOOYIFPEICN__M_PUB_ALL__e8__s20260927,True,,-6.54,f0cff45fc03fc4d0bf90d7bc6d0b8bc255097b3e568c9f1afa34b015164b051c,completed,0,[],0.002,0.002,False,-6.54,41,3.017,0,8.254,3.088,True,a2ed62a15e22a3d85ea96d741717a36d36457ba2fcd3b7641d88528c9ab4c412
LIB_GGEALBVZDVXUND,LIB_GGEALBVZDVXUND__M_PUB_ALL__e8__s20260927,True,,-9.727,dcde9c1eaae9e722228b1db60cde60f4598d58d005792828e0e78697d75d087d,completed,0,[],-0.001,0.001,False,-9.727,42,2.953,0,9.561,3.243,True,ed1d0d3c0ec8328795d89ba480b77328202cfd385d144bbcb47c4080581eecce
LIB_WUMNNWDKNWWLGB,LIB_WUMNNWDKNWWLGB__M_PUB_ALL__e8__s20260927,True,,-6.426,c4ca70b2ffc74f08a838fb1d2ffee54ba6bf4341060c88a7685bb09f9a1ea8ad,completed,0,[],-0.003,0.003,False,-6.426,40,2.738,0,9.529,2.738,True,e0033ef1abdf6f926dfd3b7df97ac6dce01cf2d3bce7924599b2f87819a04345
LIB_QDISWXTVLYHRCQ,LIB_QDISWXTVLYHRCQ__M_PUB_ALL__e8__s20260927,True,,-7.885,cd62f26664ac65044cbf89904a56fe343f985dc6d1e6fe23b3f32a8520d20488,completed,0,[],0.002,0.002,False,-7.885,45,2.791,0,7.036,3.318,True,46a84e8078be1e5cb5cfdd8b48327655266f5b29736d40c105279ea04ff97fe1
LIB_FYGSMJAMPMZYFS,LIB_FYGSMJAMPMZYFS__M_PUB_ALL__e8__s20260927,True,,-8.738,50bf65b196b682beff0f49f1d7ff7df4912914d082b3f55ad7284e7cb1ed56a0,completed,-2,[],-1.996,0.004,False,-8.738,37,2.862,0,9.957,2.963,True,1909c5686bab25f90bc80ee7954a74fef784425a5ba003419ef3bb096744d60b
LIB_VUXZIMAQBPJZQB,LIB_VUXZIMAQBPJZQB__M_PUB_ALL__e8__s20260927,True,,-7.237,e631141d74bf677579b7fde8de8ab97cdede2d0daadeb1e788cd67f8688a48e3,completed,0,[],-0.003,0.003,False,-7.237,44,2.853,0,9.538,3.257,True,9723aaa4c3178b276bd34fc4d4cff3a1905bf7029ffabb59c9f4ed100530c566
LIB_QTVNFRLKAGKBPS,LIB_QTVNFRLKAGKBPS__M_PUB_ALL__e8__s20260927,True,,-6.573,49e3ed1a2a8430ce3c502413996e20fb0d5024d9f1333582dd5e4b6394cb2bfd,completed,2,"[2, 35]",2.002,0.002,False,-6.573,43,2.924,0,7.405,3.348,True,7883830cb28ba82e368e4b2397a2c737ab9413b8a41144531fd9b5aa57e7f1a4
LIB_FIENVLBRUWEWDS,LIB_FIENVLBRUWEWDS__M_PUB_ALL__e8__s20260927,True,,-9.831,20aa5f9ae0e3bdb6368ecd148c88ea550643dad0642e15152c350fb79dcbf2e5,completed,1,[1],1.002,0.002,False,-9.831,42,3.022,0,3.88,3.276,True,00aa8aa4fc4e82d56ad80132268b0b62bffb2f8b85e3ab9d10e3c29ab494c1a2
LIB_PHVRYQBXECZHNT,LIB_PHVRYQBXECZHNT__M_PUB_ALL__e8__s20260927,True,,-9.732,e47a0602bcdadf8be173a7a439d4d7832909e220531af0d396700715305d6e2c,completed,1,[1],1.003,0.003,False,-9.732,42,2.907,0,1.709,3.246,True,46fa051ff8301ea22ed375ef4b5ced26e71b11f89740f1bf8d9362d36b56a08d
LIB_POBWGJYVMWYKSK,LIB_POBWGJYVMWYKSK__M_PUB_ALL__e8__s20260927,True,,-7.056,c00f4d39217cbf6fde93d1d692692b223b7156644fc3c15886d32a039b5c98f1,completed,0,[],-0.002,0.002,False,-7.056,42,2.903,0,9.313,2.903,True,e708eb3986e65bc8b0069b2b68bb4ca71752e580f2bf568166d77410af94ecd6
LIB_PYYBXMVTBWYBDY,LIB_PYYBXMVTBWYBDY__M_PUB_ALL__e8__s20260927,True,,-5.651,d64a3a1be661399ccf76e3f7186f34518203a4917b816595825d9e322da702b2,completed,0,[],0.001,0.001,False,-5.651,39,2.868,0,6.53,3.24,True,e99f12b1d694bf66fff04c109cf9e2fbb6fd13dfdb08b72d5baa31c4995a2cd7
LIB_FVTRWXQLJLCVKD,LIB_FVTRWXQLJLCVKD__M_PUB_ALL__e8__s20260927,True,,-7.588,038e3ec4ec023b27f28567500f284b3c5d87280ebcf5d74c003916d6dfa3edba,completed,0,[],0.001,0.001,False,-7.588,43,3.252,0,9.939,3.322,True,abacba87566e0bfd181eed96bf4b1993a0f893b589ddb036bd7db9f2d9976ce6
LIB_OOAWTVSOWWSCRB,LIB_OOAWTVSOWWSCRB__M_PUB_ALL__e8__s20260927,True,,-8.774,f9454bcfc7d911f748da38b99a5807d598f740f41626b9e8e6372e8ea18193a7,completed,0,[],-0.001,0.001,False,-8.774,37,3.179,0,7.838,3.345,True,e0f8fc9d48d54325acf357936a6cb7ed69f83e7c6d3b3bc48c2b750af6063191
LIB_IKENVDNFQMCRTR,LIB_IKENVDNFQMCRTR__M_PUB_ALL__e8__s20260927,True,,-8.344,f5d50fe19730b4adad2fe9b32f30f52f288607401eae5ed6aca281bee71d1451,completed,-1,[],-0.998,0.002,False,-8.344,38,3.122,0,6.11,3.122,True,c331e5f85e73b500dc80b4d7c125447f15a43b2be50214e712a075d7f90d5237
LIB_CYDMWSSMUBQXRD,LIB_CYDMWSSMUBQXRD__M_PUB_ALL__e8__s20260927,True,,-7.708,08e69a4ed2b7488e71d92fe43745bdff0cbdfe1cbefdce85439659097cef44ba,completed,0,[],0.002,0.002,False,-7.708,40,2.78,0,9.272,2.929,True,acaa234cef8414f09b2c8599a9b16a88c17c1b69d599cd4a5c86f150f55ff11c
LIB_CJTUMEIDUUCTSL,LIB_CJTUMEIDUUCTSL__M_PUB_ALL__e8__s20260927,True,,-8.437,ad4f3898bdb4550b2158382d9e42083f9ed5c6d561afaa9d82160be57a90c435,completed,1,[25],0.999,0.001,False,-8.437,42,2.938,0,8.132,3.038,True,44e12131920e2ca19d47f52d91b55396bf978567de2480333b5dfc02a054c78d
LIB_HATNRBQJMSRMEP,LIB_HATNRBQJMSRMEP__M_PUB_ALL__e8__s20260927,True,,-8.423,e53ab50e43909620a849814789afe09fe8e5946d4b3f14fbcf4e7f4962b3882a,completed,1,[25],1.0,0.0,False,-8.423,42,2.693,0,8.152,3.005,True,9dba13bae9135144eb2457d9c586eabb62c465efae7c2766d72173e4a59f9b3b
LIB_DFNMEZDDQABOQT,LIB_DFNMEZDDQABOQT__M_PUB_ALL__e8__s20260927,True,,-8.744,1f9deb03988b9a5749ef57dec128539f70627df238b64323bb7e810737a10980,completed,-2,[],-1.998,0.002,False,-8.744,38,3.046,0,9.312,3.046,True,3380b80e453600939bff8e97e81a8cc910a6a17a77a3488b54e55eb1757831cd
LIB_UFBADNGLONOAHT,LIB_UFBADNGLONOAHT__M_PUB_ALL__e8__s20260927,True,,-8.35,d835820e49c3079fa9d9695f86bc3bbe94e338f2a8a5500d9983e61b0f1fea8e,completed,-2,[],-2.002,0.002,False,-8.35,38,2.921,0,8.713,2.921,True,0db3ac83154a3200948af3e204a0507502a2bba16b9a6514f5a13898f7fef5dd
LIB_NFCXCBLWABDYMW,LIB_NFCXCBLWABDYMW__M_PUB_ALL__e8__s20260927,True,,-8.49,b6e1e8b9b99c16916d66cc957ba5438b51414fdad27e37949167a32f34af2dde,completed,0,[],0.002,0.002,False,-8.49,42,3.012,0,4.792,3.489,True,247d4cb6691932751cb1f0afc074ae274acf9929752716a60282056fa768c96b
LIB_BEYBHILIDYTJTL,LIB_BEYBHILIDYTJTL__M_PUB_ALL__e8__s20260927,True,,-6.549,8be99747eaebf2980df839ccb6332f0c6d43f816b716db2ba17ee5b72c29e79c,completed,2,"[1, 10]",2.005,0.005,False,-6.549,41,2.889,0,2.499,3.092,True,e2e8a48d1a1d684c0e1e5552ccbc4817bf021cabf2b1c308718db12a4831899f
LIB_LQLWPOGAHZKADH,LIB_LQLWPOGAHZKADH__M_PUB_ALL__e8__s20260927,True,,-7.477,1f825a6a0f2aa552352ab1f4669afcd31b7e2ce77c109dd2565d172ed2e95d7e,completed,0,[],0.001,0.001,False,-7.477,44,2.734,0,9.694,2.734,True,fe2f26fc3493b93acd2fee0cc9fc3aa59e8a2d4a29fff9ec7cfb7c00e7c0baf6
LIB_LYONNGHGTZAEOI,LIB_LYONNGHGTZAEOI__M_PUB_ALL__e8__s20260927,True,,-9.182,a18bde21f34fff1184a57aebeb066fa221ee4de57ca760fa21b6cf33ba5a2c9d,completed,0,[],-0.001,0.001,False,-9.182,40,2.805,0,6.716,3.06,True,40b1d5ba9446fba814ad44e09db8807a0d395e443dc874d4ca1e595d1356c050
LIB_KOMBODFBKQOZRA,LIB_KOMBODFBKQOZRA__M_PUB_ALL__e8__s20260927,True,,-9.895,e2a5791fbd4a5176ebec6d48abe147b4d1f3e6a53057dad07053962dd6355b69,completed,-1,[],-1.003,0.003,False,-9.895,40,3.065,0,0.497,3.176,True,90adbe6692d5589c4b35c39d14b460a9b978adf932274070b1a37f126df6e826
LIB_NUGUABFSSDNCNU,LIB_NUGUABFSSDNCNU__M_PUB_ALL__e8__s20260927,True,,-6.4,7d9c035fd34292102c182e057c66a21a14590eae028a3f1aeda4abb43dacd1d3,completed,0,[],-0.001,0.001,False,-6.4,40,2.948,0,7.415,3.041,True,e5df3fef859e204d8990e1675a4db43a137e1b7bae83e19c40004883b8aa7453
LIB_XIRVGXCPGRAYMH,LIB_XIRVGXCPGRAYMH__M_PUB_ALL__e8__s20260927,True,,-8.987,e054d90f510c5ea32f8d9f93b649dc1b473f90547cff714a0e26742f2c3f1678,completed,0,[],-0.003,0.003,False,-8.987,37,3.09,0,6.68,3.341,True,57b529a67ea697a01375386d1accf163c8a101b11872736feecbf05ac5380e6f
LIB_TZXMBOAOKBVBBT,LIB_TZXMBOAOKBVBBT__M_PUB_ALL__e8__s20260927,True,,-8.974,f5656220cbba1c39b0b81c34354c537d23159ac8531747365f39316d3821637e,completed,0,[],-0.002,0.002,False,-8.974,42,3.01,0,7.782,3.219,True,ff89167cbb52190cb78c975eed326cc0c472515c75bcd2327765453bc2566b5c
LIB_BVSAMPPWSKMOPZ,LIB_BVSAMPPWSKMOPZ__M_PUB_ALL__e8__s20260927,True,,-6.011,783e768e3ccf3d96f7cffec804ff15ddc5a2e3002509af204141925c38100812,completed,0,[],-0.003,0.003,False,-6.011,39,2.882,0,4.6,2.882,True,15253499a1a58aab234a8ecf2737827af951ff70b6280fdb0718d707b0732443
LIB_UXMLFMZVVWDUFA,LIB_UXMLFMZVVWDUFA__M_PUB_ALL__e8__s20260927,True,,-6.502,6f5ab92165786130994c1bd4c6259ca1dca0af14f0a7a260cb210497ff90f2b5,completed,0,[],-0.001,0.001,False,-6.502,38,2.715,0,8.229,3.267,True,8266ecaf34dd484011a6d83636947bce2de2c4d8e3bcb5a142f24cfede880965
LIB_ASWUBISYJRGUGG,LIB_ASWUBISYJRGUGG__M_PUB_ALL__e8__s20260927,True,,-8.288,fabbd018d307a185f4a0504b1f19d25c50858f63adb931a1d9e67e31e2e06717,completed,0,[],-0.003,0.003,False,-8.288,42,3.005,0,7.025,3.379,True,4ca838c5975746baf8da2cea6e82eb72a6bc2cae2ebd5786beff925ad0b59828
LIB_BDNDOZRIKYDPKJ,LIB_BDNDOZRIKYDPKJ__M_PUB_ALL__e8__s20260927,True,,-8.99,3c25452a8be799d0b5de51734f07ca6ca618b1a9b45986afad9a8dc9934e98f2,completed,0,[],-0.002,0.002,False,-8.99,43,3.022,0,6.481,3.159,True,8e724395ee4006693a640cb4aa5deb2aa44bddbb88a1e76ad4a87f0f116c5355
LIB_FRBJLBMEOUWTOH,LIB_FRBJLBMEOUWTOH__M_PUB_ALL__e8__s20260927,True,,-9.267,9732f206e4739522fdd6803324daa432dae76648bcd6074fe876bd9e7bec1f14,completed,1,[1],1.001,0.001,False,-9.267,40,2.906,0,4.575,2.945,True,8b763be625b512cb7a40deeb3556ae8a2c14e39e77032a0974a956bc8d94d5e3
LIB_MXPLPMSWGMUSSK,LIB_MXPLPMSWGMUSSK__M_PUB_ALL__e8__s20260927,True,,-9.265,45de57374b129b6009d96f27e4d66f9e1519680ea9c9372cf26ed6dc0ac5b5c2,completed,1,[1],1.0,0.0,False,-9.265,40,3.271,0,4.269,3.434,True,8cdca978154a47e0bfaa02d31910feef50fe147211472bab8de8f73d419f9e86
LIB_YXYHBHJWEGGSMU,LIB_YXYHBHJWEGGSMU__M_PUB_ALL__e8__s20260927,True,,-8.896,00c1ed49ab1ee27b4f0734cf6cc4b093c2ec336b5fe846fefcd2de7e510c9ae1,completed,0,[],0.003,0.003,False,-8.896,41,3.029,0,2.115,3.371,True,e62d4dafc389f525b42c22904e52df6de61a920344e35c1073d29d568b6d7301
LIB_FJVVJMGKCIJNGX,LIB_FJVVJMGKCIJNGX__M_PUB_ALL__e8__s20260927,True,,-9.142,5f2fef2bd86a63c44f4a3ac949661a2f37854193cec9955c6c6762304f7aa91f,completed,-1,[],-1.0,0.0,False,-9.142,40,2.801,0,1.314,3.442,True,f590dfa8d9e74dfae823b8ccba6701075f5d175c8187bc9c44e2439e534cf434
LIB_VPYOIPWGVNGDBV,LIB_VPYOIPWGVNGDBV__M_PUB_ALL__e8__s20260927,True,,-6.031,302b28303c91b4970236e6160279ffc4a03c330bdc5480c4e3d9decff5f06dcb,completed,0,[],-0.003,0.003,False,-6.031,39,3.272,0,10.456,3.272,True,172ebdde3871ac23ada733a3ca25c27748145eb7e580fb347aa5fcb38ccf2816
LIB_QQWZHMYUROBWLF,LIB_QQWZHMYUROBWLF__M_PUB_ALL__e8__s20260927,True,,-9.302,f9564f70180dd7d56aef2c649f320ae68f483ee5ccbee00dd7cc1b0b2c727271,completed,0,[],0.003,0.003,False,-9.302,38,2.855,0,2.216,2.855,True,ec36df0c5a61aae6b702efaa32df3bc4d92f9a60e12a3d309052f8fa597cb4ba
LIB_FILQIUCXPQZUON,LIB_FILQIUCXPQZUON__M_PUB_ALL__e8__s20260927,True,,-10.319,904d04adfb3aacc18e87bc3b966668a92143536406bd46243bb7e2dca5e79155,completed,2,"[37, 40]",2.001,0.001,False,-10.32,47,2.915,0,0.455,3.708,True,7e8cc43f85f8a8dfa7c94d1828073a924f83f5ab8d09f05279c0493ffe2657d4
LIB_YGTYIGUWQYTZMS,LIB_YGTYIGUWQYTZMS__M_PUB_ALL__e8__s20260927,True,,-9.458,6ea1e067ae8aa2a56ea9c78562334cd9f545f12f63cfeda4a8717e725d1ec13d,completed,2,"[37, 40]",2.003,0.003,False,-9.458,47,2.955,0,2.776,2.955,True,5df9f2cfa201d27552cff5e4694145628b9869fd6985be2930e4ac3ee419fba6
LIB_FZTHERNGBACIMX,LIB_FZTHERNGBACIMX__M_PUB_ALL__e8__s20260927,True,,-8.869,27b4cedd58bc97b5905df706f453d751c1fce6f4f4bcba02d608774878d5467d,completed,0,[],-0.001,0.001,False,-8.869,41,2.784,0,2.817,2.784,True,3ca4b6ffd3f3da042149eedd37cbe903d84c3e2aeaaee73c00c406fabac59bc6
LIB_UCYYOFPZYBGIEY,LIB_UCYYOFPZYBGIEY__M_PUB_ALL__e8__s20260927,True,,-8.512,8e5625d713ac6153ab039d4eed8641d10678d50b5d91733d856f6ec32b7310e3,completed,0,[],-0.001,0.001,False,-8.512,41,2.945,0,3.184,2.945,True,4a1705cee2292d958ec7a402de5113809c780698ee51335acd787c34788dc921
LIB_CBXHPCHIRCAADU,LIB_CBXHPCHIRCAADU__M_PUB_ALL__e8__s20260927,True,,-9.379,70f944e14e7dbef685b3faeec867831bbb89f9022f725320b0a8cdb6f84d8700,completed,-1,[],-1.0,0.0,False,-9.379,38,2.953,0,7.423,2.953,True,2445a6bb7be710a073ee548707406ddb3e428c3f133d300db502fbf7c5d80ae9
LIB_PIGVLAUTQMIRBH,LIB_PIGVLAUTQMIRBH__M_PUB_ALL__e8__s20260927,True,,-9.763,0551530d59e8d0a28e5a29bb1359cc3b80adc88ff73b0c4598f65cc506fe7fed,completed,1,[1],0.998,0.002,False,-9.763,42,3.006,0,8.742,3.347,True,d5098fb84fd30d50c3654217d4599c8938a326127ba7733b589d08c1b8c1fb5a
LIB_SRTLWTGAXHUNEM,LIB_SRTLWTGAXHUNEM__M_PUB_ALL__e8__s20260927,True,,-8.007,6e17d6340bdda8a9e65fc034962171582634657f3e73c3ef59efbfee05af8289,completed,0,[],0.002,0.002,False,-8.007,41,3.032,0,5.771,3.108,True,d68937c28c30b162d91102c3d7d28906aa64b2adea24c0e6a32e612dbad92e09
LIB_RPIUOWOTQONAKE,LIB_RPIUOWOTQONAKE__M_PUB_ALL__e8__s20260927,True,,-7.576,8a0b1a6460104024b3b026604f567abc33968636cc77843673d94671d9b08d24,completed,0,[],0.003,0.003,False,-7.576,42,2.987,0,6.955,3.278,True,770848ea69c01388bc2aabb6cd1bd7197af6db332a9a39b567731d6d568a72d2
LIB_DUSWCXDALWVDSK,LIB_DUSWCXDALWVDSK__M_PUB_ALL__e8__s20260927,True,,-9.542,30d4e5d9d29b9de587bf45bd025d15d7e6bd4afa6c08264fc30e13f2343d836f,completed,2,"[36, 39]",2.002,0.002,False,-9.542,46,2.859,0,2.452,3.564,True,30c843d3d08e5da9a961c6a060a638716bd93b4ce87da9a850d6c73be57596d0
LIB_VKGKEHUDLZDBMP,LIB_VKGKEHUDLZDBMP__M_PUB_ALL__e8__s20260927,True,,-8.918,3548ca1ed6f0080d2a3a3e6af5d3bce7b28249e01b0661d4f20c4637f2558036,completed,2,"[36, 39]",2.004,0.004,False,-8.918,46,2.835,0,1.117,5.152,False,15541b280786f080ec5ca06fea3c212b3cca9bcb2b012a9b46dabceb26899cdf
LIB_UVFOPYBSQPAXJS,LIB_UVFOPYBSQPAXJS__M_PUB_ALL__e8__s20260927,True,,-8.191,5ed2e82d98170f6fbfd14fbcf3a84cb4e49b4b47a3767d89e6ef4ff1d7b70230,completed,0,[],0.003,0.003,False,-8.191,41,2.885,0,11.19,2.885,True,e6a4323b50454f0c835afc40049d578de8fff720c43b8fdc68970ad533a69dc6
LIB_USMBHFKKSFYTRW,LIB_USMBHFKKSFYTRW__M_PUB_ALL__e8__s20260927,True,,-7.051,8dc71853e7c589805d89eed483d8ff15d756b0d85ae0e9ebd991f900d0a7cc48,completed,0,[],-0.0,0.0,False,-7.051,42,3.069,0,4.378,3.454,True,4da5738ca71e141c8473e9dee68582727fe3301de0dda0a22bb9a4c566e7718f
LIB_AKYFJTRMYYHEJM,LIB_AKYFJTRMYYHEJM__M_PUB_ALL__e8__s20260927,True,,-8.502,ea8c1a146535c2ca1014913b61499ee63dc98612fd4f1b6ddf1d71e8619bc6d4,completed,-2,[],-1.996,0.004,False,-8.502,37,2.992,0,7.343,2.992,True,b6b955e97dac6bec62715a298b51274c6ff89cba54a476afc17d233167f043d4
LIB_NXDBMKBCSMHZLE,LIB_NXDBMKBCSMHZLE__M_PUB_ALL__e8__s20260927,True,,-8.581,cd1274d35641b32f4dfc2d21a0839d9bc620ea3149a30b9a6c96a67b208d62ff,completed,0,[],0.002,0.002,False,-8.581,35,2.874,0,7.522,2.874,True,b9fef62c6521855720bbf58cecc7a1ca665279e824df997508219666d19a93b3
LIB_YAYODJGNSKFEGH,LIB_YAYODJGNSKFEGH__M_PUB_ALL__e8__s20260927,True,,-9.376,2396257618255505496bd64f82ced5238241291b508e94d3e406ecf1f2c9109b,completed,0,[],-0.002,0.002,False,-9.376,41,2.901,0,2.837,3.037,True,3a4d1d6872ee5adbb1755dce6cd70bc272ff636ce66d30de317d6a96cae849eb
LIB_OCOHRESDZFYIIC,LIB_OCOHRESDZFYIIC__M_PUB_ALL__e8__s20260927,True,,-9.506,3f9a36c16152ffd6bb03bb78c34461fff23bfbff3a14955a3e14652d2480880d,completed,-1,[],-1.004,0.004,False,-9.506,38,2.879,0,5.889,3.372,True,a59b0e1d7f3ebe6382e673acabe06726d4e96c41dd8e14610598c114c33fb42d
LIB_DWDRUDUATUOJND,LIB_DWDRUDUATUOJND__M_PUB_ALL__e8__s20260927,True,,-9.946,7292657e964190120293cd3ae370f410b07e4b47bd6661078bf63c4639b87b95,completed,0,[],-0.003,0.003,False,-9.946,38,2.995,0,2.473,3.191,True,5e821f651e234bab7bc17e5927e4ad93786f08cb5c05d9dcb7b4ec3cd8209e29
LIB_YVCVALMTTAHIAN,LIB_YVCVALMTTAHIAN__M_PUB_ALL__e8__s20260927,True,,-9.696,ffab4008d38014e0a9817aecc75d5f4bedcec743c41c973e3df3f48b8b1d4643,completed,0,[],-0.005,0.005,False,-9.696,38,2.823,0,2.973,3.03,True,928bba4ff82cc3b8d5c7e3d71a135173cd0e0e45283d517db3b22964b0f48640
LIB_BCNXUFFSRWFFQA,LIB_BCNXUFFSRWFFQA__M_PUB_ALL__e8__s20260927,True,,-9.138,118fb46e9c518df8244246d88b885ab9508000c2ce1be216c5ab877fc6139622,completed,2,"[39, 42]",2.004,0.004,False,-9.138,47,2.87,0,2.753,3.597,True,799f9706ada8a01b2a0925e33d312e073dcf3195a0a7cee85dc28f497b18a096
LIB_BOCXRPAGFDSAFB,LIB_BOCXRPAGFDSAFB__M_PUB_ALL__e8__s20260927,True,,-7.167,5cfba4a101e2242f535ee8634be6564c15ba537a8f0547f1dedefa44ef309fca,completed,2,"[9, 12]",2.001,0.001,False,-7.167,46,2.787,0,10.391,2.787,True,16455d7dcce70858004ca1a875dcd0bffa07744b669f10799a6de81bd330879f
LIB_ZIYCBQPVLHOKPQ,LIB_ZIYCBQPVLHOKPQ__M_PUB_ALL__e8__s20260927,True,,-6.824,6b1cfbda9a77d46f6db9aff1de0aaf89f05befc9e223c784cab6f5603a36db60,completed,0,[],0.0,0.0,False,-6.824,38,2.937,0,6.478,3.698,True,ec89715973485d6ee65749765b9c3dffa068d9c8284b081c1f5ebe19a42cf240
LIB_BIEGVTQMNNLUOU,LIB_BIEGVTQMNNLUOU__M_PUB_ALL__e8__s20260927,True,,-8.645,871f31a359b66aa92b53a7456e2fe16e6a923d5d81041e2188391a7642a10e75,completed,0,[8],-0.001,0.001,False,-8.645,42,2.893,0,9.279,3.202,True,77039333aa458915cbb88d0be4a9cb926675f2c9f8b022daed1988227f457fd7
LIB_DDHCKQIECJLNRO,LIB_DDHCKQIECJLNRO__M_PUB_ALL__e8__s20260927,True,,-9.441,16343acdf804815d0c124ba813d85d3d3216371407b20ee2b04c0c89cd2dfa27,completed,-1,[],-0.999,0.001,False,-9.441,38,2.83,0,3.497,3.089,True,65a18224feae3af49a4822edf83a394e438a127190242ce2d974c3d33aaa5f96
LIB_FCRHJSNRFAAYQD,LIB_FCRHJSNRFAAYQD__M_PUB_ALL__e8__s20260927,True,,-10.019,1b3777bf43b77932b999651d30ee5846b9e824ec8dc055a2aebe64ace7efec2a,completed,0,[],-0.004,0.004,False,-10.02,40,3.247,0,2.9,3.247,True,8b457717505f89ea18317f0faf8281e7fa06c6e434bdcf23500a937bd45302a4
LIB_FUQDVEKSFKFAGI,LIB_FUQDVEKSFKFAGI__M_PUB_ALL__e8__s20260927,True,,-9.795,dd1e3452678f304796dfc9b44751428296ceb6c4779e7af0f832d7890a783581,completed,0,[],-0.004,0.004,False,-9.795,40,3.113,0,2.685,3.113,True,68db47a4de3ef9746c6093e41e9bc8fb68f4aef08a4cabd05b3bc7cc79ffe787
LIB_YHHSKXWUHAVBMR,LIB_YHHSKXWUHAVBMR__M_PUB_ALL__e8__s20260927,True,,-9.582,91480a4f457674d807131da193aa651f23a55ca6c0f2bd8129fe6d6abf241c9d,completed,-1,[],-0.999,0.001,False,-9.582,38,2.943,0,6.585,3.179,True,2d9cd17e6d874842cf8ab757436055dddb797b40253232e46ee6b093cbbfa097
LIB_DIMKSBQDWMXKAH,LIB_DIMKSBQDWMXKAH__M_PUB_ALL__e8__s20260927,True,,-9.064,7a01080495463a8fa4b74b9c79530f54b8e4a09914abd4ba84ed347292fced25,completed,-2,[],-1.502,0.498,True,-9.064,35,2.904,0,3.039,3.137,True,b84bc5dad58cfe916de686a240d90ffcbcfb1c5a0e99f2dae28bbed4afe1f22b
LIB_PPCDZYRDXIKRDW,LIB_PPCDZYRDXIKRDW__M_PUB_ALL__e8__s20260927,True,,-9.068,5f6c95c19dedbdff66dd5f97632667648da49d9da7276482cd0e659dc066fc6f,completed,2,"[12, 15]",1.998,0.002,False,-9.068,44,2.883,0,8.81,2.891,True,37ab3b0a1532881cd6604ac67e36c260d3f0bb70470bb99e02791fc87abbef3d
LIB_QGZCRYRTSBNQGS,LIB_QGZCRYRTSBNQGS__M_PUB_ALL__e8__s20260927,True,,-8.684,a02a85ebd95cd360f60c9c9ead41b3665fea83561194402f0bb48cdaa7c02326,completed,0,[],-0.0,0.0,False,-8.684,38,2.733,0,8.856,2.845,True,9d99cca4b956954eb930fc64739244cf5349d21a1ea921a1e6b561fd3cd966cc
LIB_HHZIURLSWUIHRB,LIB_HHZIURLSWUIHRB__M_PUB_ALL__e8__s20260927,True,,-9.058,e24e17ac7fc91a6c9b805258fdf03ed7d31a1765c60c7861664267a9a450dece,completed,0,[],-0.0,0.0,False,-9.058,39,3.069,0,7.2,3.08,True,8fc4cc004ad0d1246c0939011e4792a40822645f58f47004fe3c0361944dec29
LIB_SVAFJSOEFDZBGK,LIB_SVAFJSOEFDZBGK__M_PUB_ALL__e8__s20260927,True,,-9.647,2800bf998489edd21f29dcb51c981db4dc47838e782fa01a385cef720a4daf23,completed,-1,[],-1.003,0.003,False,-9.647,36,3.066,0,6.96,3.38,True,903302d8566a95adb584f64a3d9fb144e6f54b015f36f0210fa6db911e21eead
LIB_IWFOIUWPNYEUAI,LIB_IWFOIUWPNYEUAI__M_PUB_ALL__e8__s20260927,True,,-6.346,129f0c75e0b056dba565f39555f60888baf7eb9b3c8888c8a602d37aa2612f66,completed,0,[],0.002,0.002,False,-6.346,37,2.996,0,7.724,3.54,True,c4e994cf2b8e70d1d2225fd4ee940a0214c0102169d1a29c1ef07209c4d62bb8
LIB_ZZWXYBPRSDQAJH,LIB_ZZWXYBPRSDQAJH__M_PUB_ALL__e8__s20260927,True,,-8.639,5d532af26276ac020b0847e09a5f95300c1852397832f74653b1d11c01969bc3,completed,-2,[],-2.001,0.001,False,-8.639,35,2.611,0,8.892,2.611,True,3531d41dd4a6e902e3b276a1510cf882b1a8e1ef9e711a6547a9657bbdee6a28
LIB_GHPCAIWYHJZRGR,LIB_GHPCAIWYHJZRGR__M_PUB_ALL__e8__s20260927,True,,-9.764,c32d736a5e2d980dbad51c4fcedc00f9829cf3f9c2bdf51090f22a2a5966d2cc,completed,0,[],-0.004,0.004,False,-9.764,38,3.054,0,2.51,3.188,True,161bcfbcf33c7749bd77de7b7f03ce6f6cb22e38949eccd93a77921dff23276e
LIB_HFNYDUGXJCRIRE,LIB_HFNYDUGXJCRIRE__M_PUB_ALL__e8__s20260927,True,,-8.493,b1afcecfb0c5e628535cf7ed8ca27391de442ff204f91c72ce5a63f2ca275b2e,completed,0,[],0.001,0.001,False,-8.493,32,3.44,0,1.287,3.82,True,41c6ea3e777a20320d7c7ab7010d89790ecf720a921caef3dcfec7f8cabc8489
LIB_OGYJYBMWSHOXRO,LIB_OGYJYBMWSHOXRO__M_PUB_ALL__e8__s20260927,True,,-7.999,fe9187edc9cc8d15e7ea047282caece2fc560b799b6adf379b5fcac256157fb7,completed,0,[],-0.001,0.001,False,-7.999,33,2.967,0,4.478,3.452,True,0c1d191c74e534b3496620f2ab4c2d8b05fe0174f49056f43fe4c73738973860
LIB_DKSMHPPLVBSAQL,LIB_DKSMHPPLVBSAQL__M_PUB_ALL__e8__s20260927,True,,-8.524,da7636b3bf188e5906eac69150a26509e6027ad4b3b4c35cc9bbec7792cf5dc0,completed,0,[],0.002,0.002,False,-8.524,31,2.927,0,2.376,3.549,True,9b71d81079a4f2303d5f8632587a1fb2b2a3bd00e139eba15d50246f5401d7bb
LIB_QPSCCNWGOLMGKW,LIB_QPSCCNWGOLMGKW__M_PUB_ALL__e8__s20260927,True,,-8.761,a8c9ad1491d8605c63d776a934c6fa415e4d4e67849bb6d21ad2e753fb99e567,completed,1,[1],1.0,0.0,False,-8.761,39,2.953,0,7.663,3.424,True,920749d9d5ae1ae9bf4de46341de6953fd137410ac28686f49e42ce4da682c7c
LIB_DNDVGFIEWOHGAH,LIB_DNDVGFIEWOHGAH__M_PUB_ALL__e8__s20260927,True,,-9.934,26c3a373e2f121619567b4dc19fa129ffeff7f5aa9e8103945976443e42854ae,completed,1,[1],0.998,0.002,False,-9.934,41,2.9,0,7.158,3.044,True,3d1e62f3a8918aaba2a58ba6ada59e5a9c29932937b2d4315e081626a1d18dfc
LIB_XRZVCGWERZVRNT,LIB_XRZVCGWERZVRNT__M_PUB_ALL__e8__s20260927,True,,-8.724,cbd55e749354f3f54aa9e52b4fb28134bed09a42e4003cd935d11b95dcd8d6f2,completed,0,[],-0.001,0.001,False,-8.724,33,2.906,0,4.797,3.427,True,bbe1a2e17b9f8ae98caa13bbc297fc8d7a60f398017855ef98f598d1f4a795fc
LIB_FGDRZTODQLVQGL,LIB_FGDRZTODQLVQGL__M_PUB_ALL__e8__s20260927,True,,-8.508,3adaa42c1031ab03d03bdef53e3defeff1df7fa43291aeee00aecc5c13ada313,completed,0,[],-0.002,0.002,False,-8.508,31,2.848,0,0.553,3.617,True,5b06e92990cc04a8f81e30c302de9d62c9efac7a6b662aeaeeeef4b5583f6428
LIB_AIHATKMPAGBKRW,LIB_AIHATKMPAGBKRW__M_PUB_ALL__e8__s20260927,True,,-9.137,b47859326a8ccc9ce3f415cfcaf0cf34634ddeb3a3dbb338e34e8dbccfbe0655,completed,0,[],0.003,0.003,False,-9.137,40,2.846,0,6.564,2.846,True,0c70cc3affef8eb05e1547256bdfb99ffdebe7546a887b70c26fd3bfc3fe83d9
LIB_LZHONOBXZLUENO,LIB_LZHONOBXZLUENO__M_PUB_ALL__e8__s20260927,True,,-8.74,4e3bd4140670421215c159abcb89a2d8c433e038ab3d27fced3ba4093316a580,completed,1,[20],1.001,0.001,False,-8.74,36,3.135,0,7.36,3.135,True,3f6a6b3a2db8cd26524ff97363a32943776eff6d16a444aa754d31125242e7ef
LIB_RNRCLARSVNONBS,LIB_RNRCLARSVNONBS__M_PUB_ALL__e8__s20260927,True,,-9.275,dce7b489feb83d5465c1645534e8f856a44274cd2dc110ee7935c221365fe53b,completed,1,[1],1.001,0.001,False,-9.275,39,2.929,0,7.527,2.929,True,02a33cca3594a146b5251b7dd50e258548ba83d90e522236071ebffce3681c78
LIB_CSYGIPIOQSVIRG,LIB_CSYGIPIOQSVIRG__M_PUB_ALL__e8__s20260927,True,,-9.492,45330eaaa0db30e9381b26bbc5f42981361f1e0a769199bed887bacf44eb81d3,completed,0,[],-0.001,0.001,False,-9.492,37,2.817,0,6.2,2.974,True,17db850d45952086478d340a5705336ddc7779f803e97765e4c6f210b6deaf7f
LIB_SNCROWOTWGUING,LIB_SNCROWOTWGUING__M_PUB_ALL__e8__s20260927,True,,-7.823,5227853d16eb55eab237acbc3695ed75d0941e41780849baf04a605b4424c495,completed,0,[],-0.001,0.001,False,-7.823,31,2.875,0,5.681,3.335,True,8867ee2addb45fae5cc33ac79963944794f9eb761cc01ba67f7ca4859c81deb0
LIB_LFIZDKRIFIBADR,LIB_LFIZDKRIFIBADR__M_PUB_ALL__e8__s20260927,True,,-9.05,4e14536ca43840784a23466268befcaf3ca4b2b52183e91b780381b19cc66475,completed,2,"[19, 32]",1.999,0.001,False,-9.05,38,3.017,0,4.834,3.517,True,6aa81123265f3d6c11be97a2e55c35683611eb3f082f66bfdcab334dd552febc
LIB_JWNVJLOTJWLIAA,LIB_JWNVJLOTJWLIAA__M_PUB_ALL__e8__s20260927,True,,-8.677,f0f0c5618b1816d4eea03da0b8f3a261c2e6c5c8260e4222fed54730929baef2,completed,1,[1],1.0,0.0,False,-8.677,32,3.041,0,1.145,11.509,False,5cdba92109bb17079579540d5b0ae7c542b6f2f7365b45c94b511d4202171f65
LIB_PLFCIUGPHZFBAC,LIB_PLFCIUGPHZFBAC__M_PUB_ALL__e8__s20260927,True,,-9.083,2ae793e7189404b8a590f2ce2ab76860acd73d9506a49ef74169b37aaee75ba2,completed,-2,[],-1.501,0.499,True,-9.083,35,2.906,0,3.013,3.179,True,8b2862a7cda0fd3ac00f82b29f3659c4d1fd26b5d2a7746297388679e61f7a97
LIB_DKFAHLYMYSORAF,LIB_DKFAHLYMYSORAF__M_PUB_ALL__e8__s20260927,True,,-8.718,4d3e33584d4afb67021d554644aa1fdf623e7932469676966beb72a03623c17f,completed,1,[29],0.999,0.001,False,-8.718,42,2.808,0,9.507,2.945,True,8110e70af7c1f439eb3a46be5b7ed5f09afe9a17f7207302a067d56fef9fedcc
LIB_PUSXXXWMEJEPSR,LIB_PUSXXXWMEJEPSR__M_PUB_ALL__e8__s20260927,True,,-9.167,6c57bc2f4c5560df0405e4ea7d0059076c0287ba43c5850cc4771f487ba7dc54,completed,1,[20],1.002,0.002,False,-9.167,35,2.895,0,8.16,3.161,True,8a1e9b204879cdc840200b8a13578ae42138f665e494e089dcfb5b6ff52c5d39
LIB_SICRXINMTYWPHY,LIB_SICRXINMTYWPHY__M_PUB_ALL__e8__s20260927,True,,-9.109,b1d20ca9e7041e53dd7489bf2dd7d7b86aa5648b864b645bed97a07dfdd511a7,completed,1,[10],1.0,0.0,False,-9.109,34,2.964,0,0.695,3.651,True,fc640a82407c6992d1302e8ac1d1b6b9381701bbba253f129ca2434ad1e8c47b
LIB_FRZNJFWQVYAVCE,LIB_FRZNJFWQVYAVCE__M_PUB_ALL__e8__s20260927,True,,-7.773,8f08770a80f82183d81ee543f4db0e05caca95810fbea666b2385d1e58ef914d,completed,1,[25],0.997,0.003,False,-7.773,35,2.862,0,9.12,2.938,True,aa11f7aee7e1ae26a7d6ef73ae94d7d58adceaa1f90350b220c54c02f1338231
LIB_NPSXOCPQKKCBFX,LIB_NPSXOCPQKKCBFX__M_PUB_ALL__e8__s20260927,True,,-9.005,35e434479a91cee480232de8fa43ee1da5a60be22077131b574b57e57e5a48e2,completed,1,[1],0.998,0.002,False,-9.005,39,2.796,0,2.17,3.603,True,2b975009b41994aa1bdadd42444a4551832065dc6ca8e6da1e37dbbab2c2d738
LIB_XCQOHJYGSBLSOW,LIB_XCQOHJYGSBLSOW__M_PUB_ALL__e8__s20260927,True,,-8.136,542d656385a8bec3a1876bfb52d5c8595ba6850f1e007ca458a7ef6ab19768cf,completed,0,[],-0.001,0.001,False,-8.136,41,2.844,0,7.839,3.023,True,f22feb16f884bf8e85361f00a4ac56efaa84b6feed444f99d566dc49046d3409
LIB_WYYDKVUNYRLXHX,LIB_WYYDKVUNYRLXHX__M_PUB_ALL__e8__s20260927,True,,-9.559,b5c4909d8820946e043fb1ba5c55d343aa09ad8d93019330894b3417c5aa8b45,completed,1,[1],0.999,0.001,False,-9.559,40,3.211,0,2.475,3.392,True,105c103796a617616ae78aac03603994fc7cb44fb72c76fba7762a1392ef8881
LIB_IVCDTDIZAJTORZ,LIB_IVCDTDIZAJTORZ__M_PUB_ALL__e8__s20260927,True,,-8.616,67802d2a57f059b78afdfff51bd954f93a8aaf9c648349117bf55d14d740eace,completed,1,[21],0.999,0.001,False,-8.616,35,2.841,0,7.369,3.034,True,c1592225bc3ce195ac4b2f02f7397bd06fafa3953bbe27aa99a45b8927d21d60
LIB_BARDROPHSZEBKC,LIB_BARDROPHSZEBKC__M_PUB_ALL__e8__s20260927,True,,-8.086,93c55d4f04919486ae73dea522b4e7da0950806c306f6da15e9e886407baef0f,completed,-2,[7],-1.997,0.003,False,-8.086,41,2.885,0,10.23,3.037,True,af4bda5492b1264cfdc65e2d0b48a297a7563a26e9948c6463b0afb705c2098a
LIB_KXCARQILTFDOLE,LIB_KXCARQILTFDOLE__M_PUB_ALL__e8__s20260927,True,,-9.827,23b2a6c7c2add801d17b5015d029523b452de39879da2ef808293d79e3c75234,completed,0,[],-0.0,0.0,False,-9.827,36,2.629,0,0.144,7.217,False,6b9d73e1714cdcdc862e76daf1334636ba2a382fd1c85abb6da5d755d4b8a5e3
LIB_YWDIXVZCRMMQQY,LIB_YWDIXVZCRMMQQY__M_PUB_ALL__e8__s20260927,True,,-10.075,4df970552daefece93ff1b39b09284bced7bbe3d878aff8f6d1089bc9ac1c2c4,completed,0,[],0.001,0.001,False,-10.08,36,2.931,0,2.616,3.304,True,e30e0d690f17863b52245255fd60bb9bed57fedfd504c3d2dcc54566be760f09
LIB_RBGUOHBCKRTPMX,LIB_RBGUOHBCKRTPMX__M_PUB_ALL__e8__s20260927,True,,-9.709,4db6d8b02d7f7b6c9672676c1ca0a7bc038bbef0f562c0e097bf53e948e2a969,completed,1,[],1.0,0.0,False,-9.709,40,2.85,0,7.129,3.059,True,d11fee1277a66f063b784b17fc2ac6e2d403f9b006299f583058f16e0f906a16
LIB_XJOBUWSKCGTPQM,LIB_XJOBUWSKCGTPQM__M_PUB_ALL__e8__s20260927,True,,-8.843,cdb6c964d58853801c341d43af5c0f2f485e8f1c0b16995c76adb673e901fd4d,completed,1,[20],1.0,0.0,False,-8.843,34,2.652,0,-0.009,3.155,True,99599b5618fba8a917ef047ea844704ee4ba50171397d62594927dacf0f257e8
LIB_JRMCNSWAKAFNPS,LIB_JRMCNSWAKAFNPS__M_PUB_ALL__e8__s20260927,True,,-9.859,b39413a52917897fdfd4688e2f387bd15b1d58da5a2bcb79bba52b5057728f63,completed,0,[],0.001,0.001,False,-9.859,36,2.772,0,0.08,7.056,False,b916c132f057330ce768bbab84fd6c563118938e061fe04f975fa73990f0758f
LIB_PKEOFNLYKBPOQT,LIB_PKEOFNLYKBPOQT__M_PUB_ALL__e8__s20260927,True,,-8.184,09f6bdc46c92eae4692710857420a220b5e94463d14ced1a483836c06b886bc7,completed,0,[],0.001,0.001,False,-8.184,32,2.851,0,0.647,8.992,False,2a9a459a9090a5ec037b75861a48ae1080694c3dbe37789a1e6f9ebe5bae7333
LIB_TVRADXVJUWRKGV,LIB_TVRADXVJUWRKGV__M_PUB_ALL__e8__s20260927,True,,-9.05,4a12df8776451657202bbeaabd71c98f7c15a9272240600bf104371cd9ff38e4,completed,1,[18],0.997,0.003,False,-9.05,42,3.061,0,8.137,3.273,True,0f7372860323c0fbb5f594e5e7fb1bf545b2416edffa3f47f666d4b9a51e9116
LIB_PHXJVRSECIGDHY,LIB_PHXJVRSECIGDHY__M_PUB_ALL__e8__s20260927,True,,-8.887,d401fd920d607fc4a6e9cb3cc83028c15f3a3633dd67e146f03c912ea02c2f69,completed,2,"[13, 16]",1.999,0.001,False,-8.887,39,3.146,0,0.799,6.44,False,45206aaecc18b2520cd18ccfac48fb71b3b98d2e1b2a121e88177e62a902d738
LIB_PQAPIAXNANSJSC,LIB_PQAPIAXNANSJSC__M_PUB_ALL__e8__s20260927,True,,-8.008,2b7d4a8aa9c3f11832e28c11aff22cbb70c644e0db347ed0ad9ce817da11fda8,completed,0,[],-0.001,0.001,False,-8.008,33,2.761,0,0.562,9.057,False,bd189181dc19c3b9691696a359965b0fea81fb38ec830414e138d6945ba36b08
LIB_VEXPKIRCYBYITI,LIB_VEXPKIRCYBYITI__M_PUB_ALL__e8__s20260927,True,,-9.086,8394a7491e6aea5c42af63ff418645bda0941a5dbab35d13e3293ebdb753d7c5,completed,0,[],0.001,0.001,False,-9.086,38,3.001,0,5.654,3.072,True,7c24b6b12cb112a772ec1de164ecd2ab81a1af710a7d82eec96a2d16d98e37c0
LIB_FMNUBSBKJCVJPF,LIB_FMNUBSBKJCVJPF__M_PUB_ALL__e8__s20260927,True,,-8.973,3bf3943386298af8a17d149f86e997c65b764ef9002053f2981f042480eac8e7,completed,1,[],0.999,0.001,False,-8.973,33,3.261,0,8.462,3.356,True,3e7baff9af1aa0e01bc4bd34d374e56d690d5f2346483e19cc331910d67193ce
LIB_LBORYVQDGDVAMG,LIB_LBORYVQDGDVAMG__M_PUB_ALL__e8__s20260927,True,,-9.255,d2b37ae3da93eeb49494e1a1d5a8e88a45f63bc103c429d5fdc012da3a505eeb,completed,0,[],-0.0,0.0,False,-9.255,37,2.874,0,7.135,3.076,True,b4d1e1d89746f93c0390dbc380e47224f7e6027ebc3b6af44e54b6c18accb62a
LIB_PULGHSXSJBTNHW,LIB_PULGHSXSJBTNHW__M_PUB_ALL__e8__s20260927,True,,-8.063,e987b3d9e2f29cd53f9f5fc875888d8f16a8c126f69dc9317d120041302b511a,completed,0,[],0.001,0.001,False,-8.063,31,2.989,0,4.352,3.477,True,3797d59eb1a0b6346eae6be680733c3e2f2459ad6d4acd627ca35cdb7558bc12
LIB_RQGLQNLOJSOQJU,LIB_RQGLQNLOJSOQJU__M_PUB_ALL__e8__s20260927,True,,-8.859,5fb549fc63aa7d4966d45a245fe3c012932061b45d597fea1a91e2c078740fd6,completed,-1,[],-0.999,0.001,False,-8.859,34,3.058,0,1.634,3.378,True,3b85303093e7cec4367d3cac2a79e49faba162d8d559dd695dbb982b4bdfbe69
LIB_DEXHSEHQQJCLML,LIB_DEXHSEHQQJCLML__M_PUB_ALL__e8__s20260927,True,,-8.916,376ded4807887cbed54a582553f8531008493b62d7a74a3c3fcb5f2b45cff1b8,completed,1,[15],1.001,0.001,False,-8.916,40,2.839,0,2.337,3.16,True,89c719a1433567865a9363a4ea68c75ff9631d7f5f70415cc80b285094e556c1
LIB_NPPRRBNKXJEVHF,LIB_NPPRRBNKXJEVHF__M_PUB_ALL__e8__s20260927,True,,-9.104,2e69d4aa2ab6db9c8e7000a0c80f5bdd14b6067a4455ee840c08836e249f7d08,completed,1,[15],1.004,0.004,False,-9.104,40,2.832,0,5.485,2.832,True,0761ee28b3d8e44068be2eed94a712cbeca6d1327b7f0a41683753431c82e7a9
LIB_TZQNHHGKGQGOOH,LIB_TZQNHHGKGQGOOH__M_PUB_ALL__e8__s20260927,True,,-8.711,b6bba57462c329a2e7e3d5cb56b2a0d6b1be2106b03f9aaa76482c6d21e1f642,completed,1,[17],1.0,0.0,False,-8.711,32,2.994,0,3.308,3.136,True,5bf97880ae9c339d49b50e88a904b41436088161627ce02408e97659e7cf7dbf
LIB_RFPTXMLFYMYJSO,LIB_RFPTXMLFYMYJSO__M_PUB_ALL__e8__s20260927,True,,-8.331,cb1f1c0f6267699358703e5a7a0175c3d922cd9c3b2577b5be81c71b0447af5b,completed,0,[],-0.001,0.001,False,-8.331,31,3.031,0,2.379,3.031,True,6664aaf44348d9a91648dd0e069a8d3c276e520e715140c1e56428b2ae3c02ea
